il_adi,ilce_adi,gida_muhendisi,gida_tahmini_norm,gida_tahmini_norm_yuvarlak,gida_norm_farki,gida_durumu
Manisa,Salihli,11.0,4.395666473868918,4.0,6.604333526131082,norm_fazlasi
Ankara,Yenimahalle,21.0,14.418584001506371,14.0,6.581415998493629,norm_fazlasi
Kayseri,Melikgazi,15.0,8.570190820531804,9.0,6.4298091794681955,norm_fazlasi
Ýstanbul,Çekmeköy,9.0,3.981541511740938,4.0,5.018458488259062,norm_fazlasi
Mersin,Akdeniz,10.0,5.13301290618763,5.0,4.86698709381237,norm_fazlasi
Kayseri,Kocasinan,12.0,7.4305828198633455,7.0,4.5694171801366545,norm_fazlasi
Adana,Yüreðir,11.0,6.469328169155526,6.0,4.530671830844474,norm_fazlasi
Mersin,Toroslar,9.0,4.567058574185702,5.0,4.432941425814298,norm_fazlasi
Ýzmir,Aliaða,7.0,2.7850499440765426,3.0,4.214950055923458,norm_fazlasi
Antalya,Manavgat,11.0,6.926890589292363,7.0,4.073109410707637,norm_fazlasi
Ýstanbul,Bakýrköy,9.0,5.338966163951086,5.0,3.6610338360489143,norm_fazlasi
Diyarbakýr,Baðlar,9.0,5.38306219677977,5.0,3.61693780322023,norm_fazlasi
Muðla,Menteþe,7.0,3.4118733412190063,3.0,3.5881266587809937,norm_fazlasi
Muðla,Marmaris,7.0,3.703584358280924,4.0,3.296415641719076,norm_fazlasi
Adana,Çukurova,10.0,6.840423128749758,7.0,3.159576871250242,norm_fazlasi
Mersin,Yeniþehir,8.0,4.854238071351061,5.0,3.1457619286489393,norm_fazlasi
Ýzmir,Balçova,6.0,2.881096790559239,3.0,3.118903209440761,norm_fazlasi
Muðla,Bodrum,9.0,6.120132578486725,6.0,2.879867421513275,norm_fazlasi
Mersin,Anamur,5.0,2.1790212573478245,2.0,2.8209787426521755,norm_fazlasi
Ýstanbul,Kartal,10.0,7.181623326413543,7.0,2.8183766735864566,norm_fazlasi
Ýstanbul,Büyükçekmece,7.0,4.2988865682556145,4.0,2.7011134317443855,norm_fazlasi
Ýstanbul,Kadýköy,12.0,9.383872619943602,9.0,2.6161273800563976,norm_fazlasi
Mersin,Tarsus,8.0,5.410674055169007,5.0,2.5893259448309927,norm_fazlasi
Antalya,Konyaaltý,7.0,4.419903317679008,4.0,2.580096682320992,norm_fazlasi
Ýstanbul,Baþakþehir,11.0,8.42176047420768,8.0,2.57823952579232,norm_fazlasi
Ýzmir,Çiðli,7.0,4.429540748164028,4.0,2.570459251835972,norm_fazlasi
Antalya,Serik,6.0,3.5272049460250297,4.0,2.4727950539749703,norm_fazlasi
Ankara,Gölbaþý,7.0,4.640026558154938,5.0,2.359973441845062,norm_fazlasi
Kocaeli,Ýzmit,9.0,6.6481641107853555,7.0,2.3518358892146445,norm_fazlasi
Ýstanbul,Sultanbeyli,7.0,4.7222648939342315,5.0,2.2777351060657685,norm_fazlasi
Ýstanbul,Üsküdar,11.0,8.734157806646948,9.0,2.265842193353052,norm_fazlasi
Antalya,Muratpaþa,13.0,10.766476769972208,11.0,2.2335232300277923,norm_fazlasi
Hatay,Ýskenderun,6.0,3.9554027876872135,4.0,2.0445972123127865,norm_fazlasi
Ýstanbul,Eyüpsultan,9.0,7.037476677388094,7.0,1.962523322611906,norm_fazlasi
Ýstanbul,Beþiktaþ,7.0,5.077417086093755,5.0,1.9225829139062451,norm_fazlasi
Ýstanbul,Zeytinburnu,7.0,5.156491341310376,5.0,1.8435086586896237,norm_fazlasi
Ýstanbul,Sarýyer,8.0,6.158020311845043,6.0,1.8419796881549573,norm_fazlasi
Ýstanbul,Beykoz,6.0,4.202547991504192,4.0,1.7974520084958083,norm_fazlasi
Ýzmir,Karaburun,3.0,1.2255987689535477,1.0,1.7744012310464523,norm_fazlasi
Ýzmir,Bayraklý,7.0,5.251166835989867,5.0,1.748833164010133,norm_fazlasi
Konya,Karatay,8.0,6.28430384360205,6.0,1.71569615639795,norm_fazlasi
Bursa,Gürsu,4.0,2.296699880694444,2.0,1.7033001193055561,norm_fazlasi
Denizli,Pamukkale,9.0,7.3172718796751886,7.0,1.6827281203248114,norm_fazlasi
Antalya,Kemer,4.0,2.3915055239280525,2.0,1.6084944760719475,norm_fazlasi
Ýstanbul,Pendik,10.0,8.402767308335577,8.0,1.5972326916644235,dengede
Balýkesir,Altýeylül,6.0,4.417061579238044,4.0,1.5829384207619563,norm_fazlasi
Sinop,Gerze,3.0,1.429705670715065,1.0,1.570294329284935,norm_fazlasi
Ýstanbul,Maltepe,9.0,7.453172653377187,7.0,1.5468273466228126,norm_fazlasi
Muðla,Seydikemer,4.0,2.4554711545709305,2.0,1.5445288454290695,norm_fazlasi
Ýstanbul,Adalar,3.0,1.4605347670568833,1.0,1.5394652329431167,norm_fazlasi
Eskiþehir,Odunpazarý,8.0,6.5280423299152535,7.0,1.4719576700847465,norm_fazlasi
Erzurum,Palandöken,5.0,3.548610950619429,4.0,1.451389049380571,norm_fazlasi
Ankara,Keçiören,15.0,13.551823220591245,14.0,1.4481767794087546,dengede
Ýstanbul,Bayrampaþa,7.0,5.560357417646877,6.0,1.4396425823531231,norm_fazlasi
Ankara,Haymana,3.0,1.5861855149761475,2.0,1.4138144850238525,norm_fazlasi
Manisa,Þehzadeler,5.0,3.604190239481727,4.0,1.395809760518273,norm_fazlasi
Muðla,Ortaca,4.0,2.620820524298659,3.0,1.3791794757013411,norm_fazlasi
Giresun,Bulancak,3.0,1.6713527082318964,2.0,1.3286472917681036,norm_fazlasi
Muðla,Fethiye,8.0,6.691551008062406,7.0,1.3084489919375937,dengede
Diyarbakýr,Sur,4.0,2.7217035147017583,3.0,1.2782964852982417,norm_fazlasi
Manisa,Yunusemre,6.0,4.725810491928455,5.0,1.2741895080715446,norm_fazlasi
Þanlýurfa,Karaköprü,5.0,3.7331303599697767,4.0,1.2668696400302233,norm_fazlasi
Aydýn,Kuþadasý,5.0,3.744861294423238,4.0,1.255138705576762,norm_fazlasi
Çanakkale,Eceabat,2.0,0.7511097034679746,1.0,1.2488902965320254,norm_fazlasi
Ýstanbul,Ataþehir,8.0,6.767687111868703,7.0,1.2323128881312968,dengede
Manisa,Turgutlu,5.0,3.7745519814585227,4.0,1.2254480185414773,norm_fazlasi
Mersin,Erdemli,6.0,4.777026662363815,5.0,1.2229733376361853,norm_fazlasi
Ýstanbul,Tuzla,6.0,4.778486194024975,5.0,1.2215138059750252,norm_fazlasi
Ýstanbul,Çatalca,4.0,2.783525204597057,3.0,1.216474795402943,norm_fazlasi
Muðla,Milas,6.0,4.789560472422163,5.0,1.2104395275778366,norm_fazlasi
Ýstanbul,Kaðýthane,8.0,6.828572095237745,7.0,1.171427904762255,dengede
Sakarya,Erenler,4.0,2.8407034442765555,3.0,1.1592965557234445,norm_fazlasi
Bursa,Ýnegöl,7.0,5.887597815475651,6.0,1.112402184524349,dengede
Ýzmir,Konak,11.0,9.95459425621128,10.0,1.04540574378872,dengede
Kocaeli,Körfez,4.0,2.9739108502307783,3.0,1.0260891497692217,norm_fazlasi
Antalya,Finike,3.0,1.9762008975287324,2.0,1.0237991024712676,norm_fazlasi
Konya,Meram,7.0,6.006598396842067,6.0,0.9934016031579329,dengede
Ankara,Akyurt,3.0,2.034217725972165,2.0,0.965782274027835,dengede
Giresun,Dereli,2.0,1.0358084242854333,1.0,0.9641915757145667,dengede
Samsun,Ýlkadým,7.0,6.04753923756609,6.0,0.9524607624339101,dengede
Trabzon,Ortahisar,6.0,5.052760002124127,5.0,0.9472399978758732,dengede
Kýrklareli,Babaeski,3.0,2.0595221207864123,2.0,0.9404778792135877,dengede
Kocaeli,Gebze,6.0,5.108619478500447,5.0,0.8913805214995527,dengede
Mersin,Mezitli,5.0,4.1225260887115205,4.0,0.8774739112884795,dengede
Ankara,Elmadað,3.0,2.146639599730462,2.0,0.8533604002695379,dengede
Ýzmir,Beydað,2.0,1.1488374514043533,1.0,0.8511625485956467,dengede
Samsun,Tekkeköy,3.0,2.1491099329341377,2.0,0.8508900670658623,dengede
Bursa,Keles,2.0,1.1502075137042511,1.0,0.8497924862957489,dengede
Aydýn,Didim,4.0,3.16516778004901,3.0,0.8348322199509899,dengede
Edirne,Keþan,4.0,3.1728130636730336,3.0,0.8271869363269664,dengede
Samsun,Atakum,5.0,4.204052691309332,4.0,0.7959473086906677,dengede
Tekirdað,Süleymanpaþa,5.0,4.214843229572106,4.0,0.7851567704278937,dengede
Hatay,Payas,2.0,1.2514685614860976,1.0,0.7485314385139024,dengede
Tekirdað,Malkara,3.0,2.2566631513767774,2.0,0.7433368486232226,dengede
Aydýn,Karacasu,2.0,1.2609626086401664,1.0,0.7390373913598336,dengede
Kocaeli,Derince,3.0,2.2626842527850655,2.0,0.7373157472149345,dengede
Hatay,Antakya,5.0,4.29389287845734,4.0,0.7061071215426598,dengede
Adana,Sarýçam,5.0,4.307358555294775,4.0,0.6926414447052247,dengede
Manisa,Ahmetli,2.0,1.3121410381688898,1.0,0.6878589618311102,dengede
Ýstanbul,Silivri,5.0,4.312646302820915,4.0,0.687353697179085,dengede
Trabzon,Vakfýkebir,2.0,1.326548517033093,1.0,0.6734514829669069,dengede
Kahramanmaraþ,Elbistan,3.0,2.3628203174417477,2.0,0.6371796825582523,dengede
Antalya,Aksu,3.0,2.396547447429405,2.0,0.6034525525705949,dengede
Burdur,Bucak,3.0,2.401117601353458,2.0,0.5988823986465421,dengede
Ankara,Ayaþ,2.0,1.4060617613435258,1.0,0.5939382386564742,dengede
Zonguldak,Alaplý,2.0,1.4076124541507524,1.0,0.5923875458492476,dengede
Çanakkale,Bozcaada,1.0,0.4241055889526586,0.0,0.5758944110473414,belirsiz
Balýkesir,Manyas,2.0,1.438785393362073,1.0,0.5612146066379271,dengede
Artvin,Arhavi,2.0,1.444128029854045,1.0,0.5558719701459549,dengede
Eskiþehir,Tepebaþý,7.0,6.445416120906396,6.0,0.5545838790936042,dengede
Elazýð,Keban,1.0,0.4476424972892308,0.0,0.5523575027107692,belirsiz
Trabzon,Akçaabat,3.0,2.4515684909563484,2.0,0.5484315090436516,dengede
Bursa,Ýznik,3.0,2.46163640157778,2.0,0.5383635984222201,dengede
Ýzmir,Urla,4.0,3.4702003546155895,3.0,0.5297996453844105,dengede
Ýstanbul,Þile,3.0,2.471844156934291,2.0,0.5281558430657092,dengede
Bursa,Mudanya,4.0,3.4897257289084216,3.0,0.5102742710915784,dengede
Balýkesir,Karesi,5.0,4.49461542349996,4.0,0.50538457650004,dengede
Kocaeli,Dilovasý,2.0,1.5002413638551715,2.0,0.4997586361448285,dengede
Bursa,Gemlik,4.0,3.50524529172426,4.0,0.4947547082757402,dengede
Trabzon,Yomra,2.0,1.5198174001632039,2.0,0.4801825998367961,dengede
Ankara,Etimesgut,11.0,10.525499214841387,11.0,0.4745007851586127,dengede
Aydýn,Söke,4.0,3.5394773129935864,4.0,0.46052268700641363,dengede
Trabzon,Araklý,2.0,1.55459192680024,2.0,0.44540807319976006,dengede
Ýstanbul,Esenler,5.0,4.560210999375807,5.0,0.43978900062419335,dengede
Manisa,Gördes,2.0,1.5615780287010463,2.0,0.43842197129895366,dengede
Konya,Selçuklu,10.0,9.56934151326806,10.0,0.4306584867319394,dengede
Aðrý,Tutak,1.0,0.5762939842932684,1.0,0.4237060157067316,dengede
Yozgat,Akdaðmadeni,2.0,1.577120958729493,2.0,0.422879041270507,dengede
Balýkesir,Havran,2.0,1.583175565071654,2.0,0.4168244349283461,dengede
Ýzmir,Kýnýk,2.0,1.5833255735236254,2.0,0.41667442647637465,dengede
Ýzmir,Bergama,4.0,3.594679865792051,4.0,0.4053201342079489,dengede
Ýstanbul,Beylikdüzü,7.0,6.610092297937678,7.0,0.38990770206232206,dengede
Zonguldak,Kozlu,2.0,1.6112005494687724,2.0,0.38879945053122755,dengede
Aydýn,Köþk,2.0,1.6184998123414127,2.0,0.3815001876585873,dengede
Ankara,Pursaklar,4.0,3.62403009583287,4.0,0.37596990416713005,dengede
Balýkesir,Burhaniye,3.0,2.6343339817887754,3.0,0.3656660182112246,dengede
Zonguldak,Devrek,2.0,1.6345380674048058,2.0,0.3654619325951942,dengede
Adana,Karaisalý,2.0,1.6348417191262923,2.0,0.3651582808737077,dengede
Kahramanmaraþ,Pazarcýk,2.0,1.6372990837402253,2.0,0.36270091625977474,dengede
Kahramanmaraþ,Göksun,2.0,1.6383350005153345,2.0,0.36166499948466546,dengede
Uþak,Ulubey,1.0,0.6502789594294973,1.0,0.3497210405705027,dengede
Manisa,Sarýgöl,2.0,1.6557024314594506,2.0,0.3442975685405494,dengede
Artvin,Þavþat,1.0,0.6652902033628898,1.0,0.3347097966371102,dengede
Antalya,Gündoðmuþ,1.0,0.6662423162738613,1.0,0.3337576837261387,dengede
Ýzmir,Dikili,3.0,2.6670021268579216,3.0,0.3329978731420784,dengede
Ýzmir,Narlýdere,2.0,1.6697869033785289,2.0,0.33021309662147114,dengede
Gaziantep,Nizip,4.0,3.670421453814501,4.0,0.3295785461854992,dengede
Çanakkale,Lapseki,2.0,1.7040213058893783,2.0,0.2959786941106217,dengede
Isparta,Eðirdir,2.0,1.712415036555515,2.0,0.2875849634444849,dengede
Batman,Sason,1.0,0.7169197128469569,1.0,0.2830802871530431,dengede
Denizli,Sarayköy,2.0,1.7242661410512874,2.0,0.2757338589487126,dengede
Tokat,Erbaa,3.0,2.730481490716191,3.0,0.26951850928380905,dengede
Adana,Ceyhan,4.0,3.730940832178576,4.0,0.2690591678214238,dengede
Ankara,Kahramankazan,4.0,3.7343404958667645,4.0,0.26565950413323547,dengede
Çanakkale,Ezine,2.0,1.7521489776592591,2.0,0.24785102234074086,dengede
Kastamonu,Araç,1.0,0.7636836603630814,1.0,0.23631633963691856,dengede
Ýzmir,Seferihisar,3.0,2.763691685505374,3.0,0.23630831449462608,dengede
Sakarya,Sapanca,2.0,1.7645978189847022,2.0,0.23540218101529775,dengede
Kars,Sarýkamýþ,1.0,0.7691956026087792,1.0,0.23080439739122083,dengede
Amasya,Merzifon,3.0,2.7928227422820693,3.0,0.20717725771793072,dengede
Isparta,Senirkent,1.0,0.8003224045496742,1.0,0.19967759545032582,dengede
Antalya,Gazipaþa,3.0,2.8018980922084817,3.0,0.19810190779151826,dengede
Malatya,Kale,1.0,0.8093336278945467,1.0,0.19066637210545334,dengede
Erzurum,Karayazý,1.0,0.8119634710208943,1.0,0.18803652897910572,dengede
Artvin,Kemalpaþa,1.0,0.8190078457946277,1.0,0.1809921542053723,dengede
Bitlis,Tatvan,2.0,1.8258809069087518,2.0,0.17411909309124818,dengede
Artvin,Yusufeli,1.0,0.835274229109694,1.0,0.16472577089030604,dengede
Edirne,Meriç,1.0,0.8423788504501228,1.0,0.15762114954987716,dengede
Antalya,Demre,2.0,1.844329096431071,2.0,0.155670903568929,dengede
Ýzmir,Güzelbahçe,2.0,1.851390967636319,2.0,0.14860903236368106,dengede
Giresun,Piraziz,1.0,0.8563544245685528,1.0,0.14364557543144718,dengede
Kars,Kaðýzman,1.0,0.8619455951321284,1.0,0.13805440486787157,dengede
Kütahya,Gediz,2.0,1.8648340222643696,2.0,0.13516597773563044,dengede
Konya,Ereðli,4.0,3.8669424276785023,4.0,0.13305757232149773,dengede
Tekirdað,Hayrabolu,2.0,1.8681478937285807,2.0,0.1318521062714193,dengede
Afyonkarahisar,Çay,2.0,1.8688313415001991,2.0,0.13116865849980086,dengede
Ýzmir,Ödemiþ,4.0,3.874728023671389,4.0,0.12527197632861098,dengede
Kýrýkkale,Keskin,1.0,0.8803832463957137,1.0,0.11961675360428625,dengede
Mersin,Aydýncýk,1.0,0.8820922431820009,1.0,0.11790775681799914,dengede
Þanlýurfa,Eyyübiye,5.0,4.8827793056761415,5.0,0.11722069432385851,dengede
Batman,Beþiri,1.0,0.8833964485411792,1.0,0.11660355145882084,dengede
Sivas,Yýldýzeli,1.0,0.890543061469995,1.0,0.10945693853000504,dengede
Bartýn,Amasra,1.0,0.8927932586793932,1.0,0.10720674132060681,dengede
Balýkesir,Bandýrma,4.0,3.90916268940028,4.0,0.09083731059971978,dengede
Muþ,Varto,1.0,0.9185023038480393,1.0,0.08149769615196067,dengede
Antalya,Kepez,9.0,8.930572993839743,9.0,0.06942700616025732,dengede
Muðla,Köyceðiz,2.0,1.938123078702061,2.0,0.06187692129793909,dengede
Nevþehir,Gülþehir,1.0,0.9405489113410144,1.0,0.05945108865898563,dengede
Adana,Aladað,1.0,0.952799870177031,1.0,0.04720012982296895,dengede
Sivas,Gürün,1.0,0.9537220624433518,1.0,0.04627793755664822,dengede
Aksaray,Sultanhaný,1.0,0.9643788153587645,1.0,0.03562118464123554,dengede
Muþ,Malazgirt,1.0,0.9656771948833338,1.0,0.03432280511666619,dengede
Giresun,Þebinkarahisar,1.0,0.9669707432000201,1.0,0.03302925679997992,dengede
Afyonkarahisar,Ýscehisar,1.0,0.9721706480353669,1.0,0.027829351964633098,dengede
Manisa,Köprübaþý,1.0,0.9737962100443012,1.0,0.02620378995569883,dengede
Aydýn,Nazilli,4.0,3.9875639079313085,4.0,0.012436092068691451,dengede
Muðla,Dalaman,2.0,1.9904834488467873,2.0,0.009516551153212705,dengede
Mardin,Dargeçit,1.0,0.997182104471058,1.0,0.0028178955289419605,dengede
Konya,Karapýnar,2.0,2.0054383166534673,2.0,-0.005438316653467279,dengede
Balýkesir,Erdek,2.0,2.0101339496768635,2.0,-0.01013394967686354,dengede
Van,Gürpýnar,1.0,1.0206022961041041,1.0,-0.020602296104104134,dengede
Konya,Altýnekin,1.0,1.0270687228837905,1.0,-0.027068722883790475,dengede
Aydýn,Ýncirliova,2.0,2.028818580934986,2.0,-0.028818580934986127,dengede
Konya,Cihanbeyli,2.0,2.029071363502217,2.0,-0.02907136350221684,dengede
Samsun,Yakakent,1.0,1.032031775842417,1.0,-0.0320317758424169,dengede
Düzce,Çilimli,1.0,1.0360990046734235,1.0,-0.03609900467342353,dengede
Van,Gevaþ,1.0,1.040409188786068,1.0,-0.04040918878606803,dengede
Afyonkarahisar,Bolvadin,2.0,2.0405616774221933,2.0,-0.0405616774221933,dengede
Gümüþhane,Þiran,1.0,1.043978757968853,1.0,-0.04397875796885309,dengede
Düzce,Gölyaka,1.0,1.0492331997737003,1.0,-0.04923319977370033,dengede
Kastamonu,Ýnebolu,1.0,1.0494578999535191,1.0,-0.049457899953519124,dengede
Ýzmir,Karabaðlar,8.0,8.053820653558123,8.0,-0.053820653558123155,dengede
Aksaray,Eskil,1.0,1.0598466061100065,1.0,-0.05984660611000647,dengede
Muðla,Ula,2.0,2.060349751221455,2.0,-0.060349751221454806,dengede
Adana,Kozan,3.0,3.0661203567214392,3.0,-0.06612035672143923,dengede
Van,Muradiye,1.0,1.0692248890492762,1.0,-0.06922488904927615,dengede
Aydýn,Yenipazar,1.0,1.0696215222932133,1.0,-0.06962152229321328,dengede
Van,Çaldýran,1.0,1.081693282311332,1.0,-0.0816932823113321,dengede
Eskiþehir,Seyitgazi,1.0,1.0818089672392657,1.0,-0.08180896723926567,dengede
Konya,Ilgýn,2.0,2.086218172841416,2.0,-0.08621817284141597,dengede
Kocaeli,Karamürsel,2.0,2.086638797475167,2.0,-0.086638797475167,dengede
Balýkesir,Gönen,3.0,3.0875402321428167,3.0,-0.0875402321428167,dengede
Diyarbakýr,Hani,1.0,1.0888728361760687,1.0,-0.08887283617606867,dengede
Bursa,Karacabey,3.0,3.097952283149635,3.0,-0.09795228314963511,dengede
Kocaeli,Gölcük,3.0,3.0987233314255196,3.0,-0.09872333142551959,dengede
Diyarbakýr,Kulp,1.0,1.1026423486846517,1.0,-0.10264234868465172,dengede
Çanakkale,Gelibolu,2.0,2.1109516914093094,2.0,-0.11095169140930938,dengede
Sakarya,Söðütlü,1.0,1.1143292740333255,1.0,-0.11432927403332549,dengede
Ordu,Gölköy,1.0,1.1144305572641544,1.0,-0.11443055726415441,dengede
Çanakkale,Ayvacýk,2.0,2.118859997201438,2.0,-0.11885999720143792,dengede
Ordu,Aybastý,1.0,1.1217182290335086,1.0,-0.1217182290335086,dengede
Samsun,Terme,2.0,2.123340410072478,2.0,-0.12334041007247798,dengede
Manisa,Gölmarmara,1.0,1.141756218534863,1.0,-0.1417562185348631,dengede
Mardin,Mazýdaðý,1.0,1.1427109647601479,1.0,-0.14271096476014788,dengede
Tekirdað,Ergene,2.0,2.1504886260590244,2.0,-0.15048862605902436,dengede
Ankara,Çubuk,3.0,3.160921898964327,3.0,-0.16092189896432707,dengede
Elazýð,Kovancýlar,1.0,1.1677600866492632,1.0,-0.16776008664926323,dengede
Ordu,Kumru,1.0,1.17295616609622,1.0,-0.17295616609622,dengede
Konya,Çumra,2.0,2.176983249175138,2.0,-0.1769832491751382,dengede
Konya,Hüyük,1.0,1.1860167959334915,1.0,-0.18601679593349152,dengede
Osmaniye,Düziçi,2.0,2.1879704507295443,2.0,-0.18797045072954432,dengede
Diyarbakýr,Yeniþehir,4.0,4.189250693819011,4.0,-0.1892506938190106,dengede
Kayseri,Develi,2.0,2.1926010327000283,2.0,-0.19260103270002826,dengede
Bilecik,Osmaneli,1.0,1.2009339961094443,1.0,-0.2009339961094443,dengede
Kütahya,Simav,2.0,2.201240215498701,2.0,-0.20124021549870097,dengede
Diyarbakýr,Dicle,1.0,1.2029573978983024,1.0,-0.20295739789830236,dengede
Ýzmir,Karþýyaka,7.0,7.2048843959585485,7.0,-0.20488439595854846,dengede
Batman,Kozluk,1.0,1.2052931615857272,1.0,-0.2052931615857272,dengede
Artvin,Hopa,1.0,1.2085537355996898,1.0,-0.20855373559968982,dengede
Edirne,Ýpsala,1.0,1.2092163511198164,1.0,-0.2092163511198164,dengede
Ýzmir,Foça,2.0,2.210876014363243,2.0,-0.21087601436324288,dengede
Kayseri,Yeþilhisar,1.0,1.2153181744533814,1.0,-0.21531817445338142,dengede
Ýstanbul,Þiþli,6.0,6.219892261851579,6.0,-0.21989226185157928,dengede
Kayseri,Pýnarbaþý,1.0,1.2283165437006058,1.0,-0.22831654370060583,dengede
Osmaniye,Bahçe,1.0,1.233589187721143,1.0,-0.2335891877211429,dengede
Sakarya,Kaynarca,1.0,1.2395258469635522,1.0,-0.23952584696355217,dengede
Konya,Seydiþehir,2.0,2.2485380566232567,2.0,-0.24853805662325668,dengede
Adana,Seyhan,11.0,11.253339757568606,11.0,-0.2533397575686056,dengede
Trabzon,Sürmene,1.0,1.2545644233175803,1.0,-0.25456442331758034,dengede
Çanakkale,Gökçeada,1.0,1.275230892126224,1.0,-0.2752308921262241,dengede
Malatya,Battalgazi,5.0,5.276023215237187,5.0,-0.27602321523718665,dengede
Kayseri,Tomarza,1.0,1.2762474930135128,1.0,-0.2762474930135128,dengede
Þanlýurfa,Halfeti,1.0,1.2778446954267846,1.0,-0.2778446954267846,dengede
Þanlýurfa,Haliliye,5.0,5.281767619290811,5.0,-0.28176761929081096,dengede
Bilecik,Bozüyük,2.0,2.288386732694399,2.0,-0.28838673269439896,dengede
Mersin,Gülnar,1.0,1.2889995933098795,1.0,-0.28899959330987945,dengede
Uþak,Sivaslý,1.0,1.289109959135045,1.0,-0.289109959135045,dengede
Mardin,Derik,1.0,1.2961371041405427,1.0,-0.29613710414054273,dengede
Ankara,Bala,1.0,1.2961819347590016,1.0,-0.29618193475900156,dengede
Ankara,Kalecik,1.0,1.2964934455079233,1.0,-0.29649344550792334,dengede
Trabzon,Beþikdüzü,1.0,1.3007815666925442,1.0,-0.3007815666925442,dengede
Çorum,Ýskilip,1.0,1.305132532931042,1.0,-0.3051325329310419,dengede
Giresun,Görele,1.0,1.3208903879251093,1.0,-0.32089038792510927,dengede
Çorum,Alaca,1.0,1.3230545536973426,1.0,-0.3230545536973426,dengede
Yozgat,Sorgun,2.0,2.3311862204166793,2.0,-0.33118622041667933,dengede
Trabzon,Maçka,1.0,1.332477339445012,1.0,-0.332477339445012,dengede
Þanlýurfa,Birecik,2.0,2.336427693681256,2.0,-0.336427693681256,dengede
Kayseri,Hacýlar,1.0,1.3377490157062168,1.0,-0.33774901570621685,dengede
Erzurum,Hýnýs,1.0,1.3438624169832463,1.0,-0.34386241698324627,dengede
Trabzon,Of,1.0,1.3458238912147928,1.0,-0.34582389121479284,dengede
Yozgat,Sarýkaya,1.0,1.3458435733476088,1.0,-0.34584357334760885,dengede
Þanlýurfa,Akçakale,1.0,1.3477378575960932,1.0,-0.3477378575960932,dengede
Denizli,Çameli,1.0,1.3582932072662048,1.0,-0.35829320726620484,dengede
Sakarya,Kocaali,1.0,1.3605218939835488,1.0,-0.36052189398354884,dengede
Adana,Yumurtalýk,1.0,1.3674599750523697,1.0,-0.3674599750523697,dengede
Karaman,Ermenek,1.0,1.3700900617617666,1.0,-0.3700900617617666,dengede
Tekirdað,Muratlý,1.0,1.3815608594757278,1.0,-0.3815608594757278,dengede
Kýrklareli,Lüleburgaz,4.0,4.38426364834346,4.0,-0.3842636483434596,dengede
Adana,Pozantý,1.0,1.3844987913393627,1.0,-0.3844987913393627,dengede
Samsun,Canik,2.0,2.3925329751525033,2.0,-0.3925329751525033,dengede
Van,Tuþba,2.0,2.39389918216439,2.0,-0.39389918216439,dengede
Balýkesir,Marmara,1.0,1.3968626301918088,1.0,-0.3968626301918088,dengede
Bolu,Gerede,1.0,1.3971258489070617,1.0,-0.3971258489070617,dengede
Aksaray,Ortaköy,1.0,1.4105880269560462,1.0,-0.41058802695604624,dengede
Ýstanbul,Sancaktepe,5.0,5.411058724865953,5.0,-0.41105872486595274,dengede
Zonguldak,Kilimli,1.0,1.415695227960608,1.0,-0.4156952279606081,dengede
Burdur,Çavdýr,1.0,1.4172073721188951,1.0,-0.41720737211889514,dengede
Trabzon,Arsin,1.0,1.4210524061901337,1.0,-0.42105240619013373,dengede
Þanlýurfa,Harran,1.0,1.421241143001789,1.0,-0.42124114300178905,dengede
Þanlýurfa,Hilvan,1.0,1.4276853082609624,1.0,-0.4276853082609624,dengede
Eskiþehir,Sivrihisar,1.0,1.42920524621391,1.0,-0.42920524621391,dengede
Ýzmir,Menderes,3.0,3.4341343741169457,3.0,-0.43413437411694566,dengede
Afyonkarahisar,Sinanpaþa,1.0,1.436527946683334,1.0,-0.43652794668333406,dengede
Ýzmir,Selçuk,2.0,2.43942248935777,2.0,-0.43942248935776984,dengede
Antalya,Korkuteli,2.0,2.442491959435669,2.0,-0.4424919594356691,dengede
Balýkesir,Gömeç,1.0,1.4428431338173169,1.0,-0.4428431338173169,dengede
Diyarbakýr,Ergani,2.0,2.443219896046452,2.0,-0.4432198960464522,dengede
Denizli,Acýpayam,2.0,2.448601213325155,2.0,-0.4486012133251549,dengede
Adýyaman,Kahta,2.0,2.4493841316585003,2.0,-0.44938413165850033,dengede
Sakarya,Serdivan,3.0,3.449731750513504,3.0,-0.4497317505135041,dengede
Bursa,Orhaneli,1.0,1.4547353528013558,1.0,-0.4547353528013558,dengede
Antalya,Alanya,7.0,7.458376592192424,7.0,-0.4583765921924243,dengede
Çanakkale,Yenice,1.0,1.4613895047369938,1.0,-0.4613895047369938,dengede
Gümüþhane,Kelkit,1.0,1.466590440332199,1.0,-0.466590440332199,dengede
Giresun,Tirebolu,1.0,1.4673228633559225,1.0,-0.46732286335592255,dengede
Adana,Karataþ,1.0,1.4676633113236106,1.0,-0.4676633113236106,dengede
Bursa,Nilüfer,10.0,10.478483185681483,10.0,-0.4784831856814833,dengede
Adana,Ýmamoðlu,1.0,1.4827019381334539,1.0,-0.48270193813345386,dengede
Ýzmir,Bornova,10.0,10.48274496628261,10.0,-0.48274496628260977,dengede
Sakarya,Karasu,2.0,2.482827420509941,2.0,-0.482827420509941,dengede
Kýrþehir,Kaman,1.0,1.484790072832489,1.0,-0.484790072832489,dengede
Antalya,Kumluca,2.0,2.4912069990309815,2.0,-0.49120699903098153,dengede
Düzce,Kaynaþlý,1.0,1.4950034011056572,1.0,-0.4950034011056572,dengede
Bursa,Yýldýrým,9.0,9.498632040680043,9.0,-0.4986320406800431,dengede
Denizli,Çivril,2.0,2.5025593361963496,3.0,-0.5025593361963496,dengede
Tekirdað,Kapaklý,2.0,2.510600427356933,3.0,-0.5106004273569331,dengede
Sinop,Boyabat,1.0,1.5119855266006506,2.0,-0.5119855266006506,dengede
Ordu,Perþembe,1.0,1.5207793331396942,2.0,-0.5207793331396942,dengede
Antalya,Kaþ,2.0,2.524957710263156,3.0,-0.524957710263156,dengede
Kayseri,Bünyan,1.0,1.5393155717189622,2.0,-0.5393155717189622,dengede
Ýzmir,Tire,3.0,3.5458869075220703,4.0,-0.5458869075220703,dengede
Afyonkarahisar,Þuhut,1.0,1.5475784309352638,2.0,-0.5475784309352638,dengede
Yalova,Altýnova,1.0,1.5614375621617822,2.0,-0.5614375621617822,dengede
Mersin,Bozyazý,1.0,1.5641849421538958,2.0,-0.5641849421538958,dengede
Zonguldak,Çaycuma,2.0,2.5667790351504083,3.0,-0.5667790351504083,dengede
Konya,Bozkýr,1.0,1.571376873966648,2.0,-0.571376873966648,dengede
Samsun,Havza,1.0,1.5723848087330832,2.0,-0.5723848087330832,dengede
Bursa,Yeniþehir,2.0,2.573277092858662,3.0,-0.5732770928586621,dengede
Yozgat,Yerköy,1.0,1.5734851123258597,2.0,-0.5734851123258597,dengede
Aydýn,Kuyucak,1.0,1.5770993567112341,2.0,-0.5770993567112341,dengede
Þanlýurfa,Bozova,1.0,1.5779736006212575,2.0,-0.5779736006212575,dengede
Konya,Kadýnhaný,1.0,1.5799157671826434,2.0,-0.5799157671826434,dengede
Kastamonu,Taþköprü,1.0,1.5808348347742014,2.0,-0.5808348347742014,dengede
Erzurum,Yakutiye,5.0,5.581324029108728,6.0,-0.5813240291087283,dengede
Denizli,Merkezefendi,6.0,6.58766334113856,7.0,-0.5876633411385601,dengede
Adýyaman,Gölbaþý,1.0,1.5882571426391456,2.0,-0.5882571426391456,dengede
Malatya,Doðanþehir,1.0,1.588762437576679,2.0,-0.5887624375766789,dengede
Ýzmir,Gaziemir,3.0,3.589180879006204,4.0,-0.5891808790062041,dengede
Denizli,Buldan,1.0,1.599879077667696,2.0,-0.5998790776676961,dengede
Nevþehir,Avanos,1.0,1.6003609045378049,2.0,-0.6003609045378049,dengede
Malatya,Darende,1.0,1.604768803138146,2.0,-0.604768803138146,dengede
Ankara,Kýzýlcahamam,1.0,1.6090625735326736,2.0,-0.6090625735326736,dengede
Erzurum,Oltu,1.0,1.625354022718521,2.0,-0.625354022718521,dengede
Çorum,Sungurlu,1.0,1.628401133667853,2.0,-0.628401133667853,dengede
Uþak,Eþme,1.0,1.6363661756662662,2.0,-0.6363661756662662,dengede
Hatay,Hassa,1.0,1.6376428467932649,2.0,-0.6376428467932649,dengede
Burdur,Gölhisar,1.0,1.6403598180913093,2.0,-0.6403598180913093,dengede
Sakarya,Pamukova,1.0,1.6426836450203113,2.0,-0.6426836450203113,dengede
Hatay,Belen,1.0,1.644027558937012,2.0,-0.6440275589370119,dengede
Malatya,Akçadað,1.0,1.6498402737684281,2.0,-0.6498402737684281,dengede
Kastamonu,Tosya,1.0,1.6507851570257466,2.0,-0.6507851570257466,dengede
Balýkesir,Kepsut,1.0,1.6552763403951745,2.0,-0.6552763403951745,dengede
Gaziantep,Oðuzeli,1.0,1.6621818646369964,2.0,-0.6621818646369964,dengede
Ýzmir,Torbalý,4.0,4.672635756319602,5.0,-0.6726357563196022,dengede
Kýrklareli,Vize,1.0,1.6794979765932492,2.0,-0.6794979765932492,dengede
Denizli,Serinhisar,1.0,1.6801214851387443,2.0,-0.6801214851387443,dengede
Hatay,Erzin,1.0,1.682057863640224,2.0,-0.6820578636402239,dengede
Hatay,Defne,2.0,2.7001341156131407,3.0,-0.7001341156131407,dengede
Çanakkale,Çan,1.0,1.7008673834031913,2.0,-0.7008673834031913,dengede
Uþak,Banaz,1.0,1.7023126137864335,2.0,-0.7023126137864335,dengede
Düzce,Akçakoca,1.0,1.7044303036943214,2.0,-0.7044303036943214,dengede
Ýzmir,Menemen,4.0,4.72319532948267,5.0,-0.7231953294826701,dengede
Tokat,Zile,1.0,1.7377803896941986,2.0,-0.7377803896941986,dengede
Amasya,Suluova,1.0,1.7444018963147412,2.0,-0.7444018963147412,dengede
Hatay,Yayladaðý,1.0,1.7456576052749417,2.0,-0.7456576052749417,dengede
Sakarya,Adapazarý,5.0,5.7473389605684755,6.0,-0.7473389605684755,dengede
Bursa,Kestel,2.0,2.7537315871944283,3.0,-0.7537315871944283,dengede
Tekirdað,Saray,1.0,1.7574606809272655,2.0,-0.7574606809272655,dengede
Aydýn,Sultanhisar,1.0,1.7580057059532561,2.0,-0.7580057059532561,dengede
Sakarya,Geyve,1.0,1.7768908699663015,2.0,-0.7768908699663015,dengede
Bursa,Mustafakemalpaþa,3.0,3.7782076899829518,4.0,-0.7782076899829518,dengede
Antalya,Döþemealtý,2.0,2.783172554198713,3.0,-0.7831725541987131,dengede
Ýzmir,Buca,9.0,9.785994010814388,10.0,-0.7859940108143881,dengede
Hatay,Altýnözü,1.0,1.7864699777445052,2.0,-0.7864699777445052,dengede
Muðla,Datça,1.0,1.805977028350883,2.0,-0.8059770283508829,dengede
Balýkesir,Sýndýrgý,1.0,1.8131576829247336,2.0,-0.8131576829247336,dengede
Kocaeli,Kandýra,1.0,1.8150383919991817,2.0,-0.8150383919991817,dengede
Adýyaman,Besni,1.0,1.820937060155516,2.0,-0.8209370601555159,dengede
Isparta,Yalvaç,1.0,1.8238026573905946,2.0,-0.8238026573905946,dengede
Manisa,Soma,2.0,2.826236880610098,3.0,-0.8262368806100979,dengede
Ankara,Nallýhan,1.0,1.8328164430124656,2.0,-0.8328164430124656,dengede
Hakkari,Yüksekova,1.0,1.8392706312358353,2.0,-0.8392706312358353,dengede
Ýzmir,Çeþme,2.0,2.845717669141301,3.0,-0.8457176691413011,dengede
Ýzmir,Kiraz,1.0,1.847123471194274,2.0,-0.8471234711942739,dengede
Çorum,Osmancýk,1.0,1.8557057668418124,2.0,-0.8557057668418124,dengede
Ankara,Þereflikoçhisar,1.0,1.8674787725317255,2.0,-0.8674787725317255,dengede
Manisa,Akhisar,4.0,4.86815322534678,5.0,-0.8681532253467799,dengede
Yalova,Çýnarcýk,1.0,1.8784714087714947,2.0,-0.8784714087714947,dengede
Tekirdað,Þarköy,1.0,1.8802709301512945,2.0,-0.8802709301512945,dengede
Yalova,Çiftlikköy,1.0,1.9025240230236318,2.0,-0.9025240230236318,dengede
Kocaeli,Darýca,2.0,2.9051592954479464,3.0,-0.9051592954479464,dengede
Denizli,Honaz,1.0,1.9123625644195221,2.0,-0.9123625644195221,dengede
Sakarya,Arifiye,1.0,1.9128654331173118,2.0,-0.9128654331173118,dengede
Konya,Akþehir,2.0,2.9359965224363926,3.0,-0.9359965224363926,dengede
Manisa,Kýrkaðaç,1.0,1.9378582655123064,2.0,-0.9378582655123064,dengede
Gaziantep,Þahinbey,10.0,10.938498512101315,11.0,-0.9384985121013152,dengede
Ýstanbul,Ümraniye,8.0,8.948351986724669,9.0,-0.9483519867246688,dengede
Edirne,Uzunköprü,1.0,1.971038656443826,2.0,-0.971038656443826,dengede
Diyarbakýr,Silvan,1.0,1.9786752966597783,2.0,-0.9786752966597783,dengede
Hatay,Samandað,2.0,2.98025096437731,3.0,-0.9802509643773099,dengede
Antalya,Elmalý,1.0,1.981288121225351,2.0,-0.981288121225351,dengede
Konya,Kulu,1.0,1.9883849040091972,2.0,-0.9883849040091972,dengede
Çanakkale,Biga,2.0,3.0307185346066725,3.0,-1.0307185346066725,norm_eksigi
Ordu,Ünye,2.0,3.0566037310937135,3.0,-1.0566037310937135,norm_eksigi
Þýrnak,Cizre,1.0,2.0573183348021526,2.0,-1.0573183348021526,norm_eksigi
Ýstanbul,Sultangazi,5.0,6.059088688410948,6.0,-1.0590886884109478,dengede
Balýkesir,Bigadiç,1.0,2.065200163370582,2.0,-1.0652001633705819,norm_eksigi
Bursa,Orhangazi,2.0,3.0788892588785406,3.0,-1.0788892588785406,norm_eksigi
Manisa,Kula,1.0,2.0974609862783136,2.0,-1.0974609862783136,norm_eksigi
Hatay,Kýrýkhan,1.0,2.103795717845086,2.0,-1.103795717845086,norm_eksigi
Van,Edremit,1.0,2.1043058401097596,2.0,-1.1043058401097596,norm_eksigi
Kahramanmaraþ,Türkoðlu,1.0,2.1057100134882933,2.0,-1.1057100134882933,norm_eksigi
Nevþehir,Ürgüp,1.0,2.1176956209392577,2.0,-1.1176956209392577,norm_eksigi
Denizli,Tavas,1.0,2.1309467518274747,2.0,-1.1309467518274747,norm_eksigi
Ýzmir,Kemalpaþa,2.0,3.1631085257245495,3.0,-1.1631085257245495,norm_eksigi
Afyonkarahisar,Dinar,1.0,2.1674186573060314,2.0,-1.1674186573060314,norm_eksigi
Tekirdað,Çerkezköy,2.0,3.1708173954076933,3.0,-1.1708173954076933,norm_eksigi
Manisa,Saruhanlý,1.0,2.17328665091203,2.0,-1.17328665091203,norm_eksigi
Hatay,Dörtyol,2.0,3.1849587020476338,3.0,-1.1849587020476338,norm_eksigi
Hatay,Arsuz,2.0,3.1897192704875947,3.0,-1.1897192704875947,norm_eksigi
Afyonkarahisar,Sandýklý,1.0,2.2045867705766855,2.0,-1.2045867705766855,norm_eksigi
Aydýn,Germencik,1.0,2.2143124880053255,2.0,-1.2143124880053255,norm_eksigi
Diyarbakýr,Kayapýnar,4.0,5.222991379548375,5.0,-1.2229913795483753,norm_eksigi
Osmaniye,Kadirli,2.0,3.2370124220164094,3.0,-1.2370124220164094,norm_eksigi
Ýstanbul,Gaziosmanpaþa,5.0,6.254637248340062,6.0,-1.254637248340062,norm_eksigi
Ýzmir,Bayýndýr,1.0,2.2587852828680903,2.0,-1.2587852828680903,norm_eksigi
Bursa,Osmangazi,15.0,16.26112960770744,16.0,-1.2611296077074385,dengede
Ankara,Altýndað,8.0,9.26649978289046,9.0,-1.2664997828904596,dengede
Ýstanbul,Esenyurt,6.0,7.282381559761943,7.0,-1.2823815597619426,dengede
Erzurum,Aziziye,1.0,2.2961712695640717,2.0,-1.2961712695640717,norm_eksigi
Þýrnak,Silopi,1.0,2.298880597905877,2.0,-1.2988805979058768,norm_eksigi
Mardin,Midyat,1.0,2.303738458855925,2.0,-1.3037384588559249,norm_eksigi
Tokat,Niksar,1.0,2.338893591426112,2.0,-1.3388935914261122,norm_eksigi
Kayseri,Talas,2.0,3.3668572860838437,3.0,-1.3668572860838437,norm_eksigi
Kocaeli,Çayýrova,1.0,2.367480587141574,2.0,-1.367480587141574,norm_eksigi
Konya,Beyþehir,1.0,2.3810856612111193,2.0,-1.3810856612111193,norm_eksigi
Van,Erciþ,1.0,2.385058440332648,2.0,-1.385058440332648,norm_eksigi
Ýstanbul,Güngören,3.0,4.387447323838381,4.0,-1.3874473238383809,norm_eksigi
Sakarya,Akyazý,1.0,2.3971514536719996,2.0,-1.3971514536719996,norm_eksigi
Ýstanbul,Arnavutköy,3.0,4.405123874533042,4.0,-1.405123874533042,norm_eksigi
Kahramanmaraþ,Dulkadiroðlu,2.0,3.415836460495216,3.0,-1.4158364604952158,norm_eksigi
Ýstanbul,Bahçelievler,7.0,8.421858291581996,8.0,-1.4218582915819962,dengede
Kahramanmaraþ,Onikiþubat,4.0,5.429261720490938,5.0,-1.4292617204909384,norm_eksigi
Aydýn,Çine,1.0,2.4615150942356046,2.0,-1.4615150942356046,norm_eksigi
Þanlýurfa,Viranþehir,1.0,2.4626254964579752,2.0,-1.4626254964579752,norm_eksigi
Ýstanbul,Avcýlar,5.0,6.513159167796422,7.0,-1.513159167796422,norm_eksigi
Mardin,Artuklu,2.0,3.513445211900538,4.0,-1.513445211900538,norm_eksigi
Balýkesir,Ayvalýk,2.0,3.5141252249877164,4.0,-1.5141252249877164,norm_eksigi
Tekirdað,Çorlu,3.0,4.519479497299091,5.0,-1.5194794972990913,norm_eksigi
Balýkesir,Edremit,3.0,4.520534895031346,5.0,-1.5205348950313464,norm_eksigi
Karabük,Safranbolu,1.0,2.5591235444177762,3.0,-1.5591235444177762,norm_eksigi
Samsun,Vezirköprü,1.0,2.5624812402714063,3.0,-1.5624812402714063,norm_eksigi
Kocaeli,Baþiskele,1.0,2.5961970644686727,3.0,-1.5961970644686727,norm_eksigi
Manisa,Alaþehir,1.0,2.603055052831413,3.0,-1.603055052831413,norm_eksigi
Ankara,Beypazarý,1.0,2.680532455265824,3.0,-1.680532455265824,norm_eksigi
Kocaeli,Kartepe,1.0,2.77131679170189,3.0,-1.77131679170189,norm_eksigi
Þanlýurfa,Siverek,1.0,2.7975636688059256,3.0,-1.7975636688059256,norm_eksigi
Ordu,Altýnordu,3.0,4.826135355389943,5.0,-1.826135355389943,norm_eksigi
Ordu,Fatsa,1.0,2.834335187661299,3.0,-1.8343351876612992,norm_eksigi
Mersin,Silifke,2.0,3.938630800387201,4.0,-1.9386308003872008,norm_eksigi
Samsun,Bafra,2.0,3.9884403944881215,4.0,-1.9884403944881215,norm_eksigi
Ankara,Polatlý,2.0,4.046622676175129,4.0,-2.0466226761751294,norm_eksigi
Mardin,Kýzýltepe,1.0,3.0542485618198523,3.0,-2.0542485618198523,norm_eksigi
Kütahya,Tavþanlý,1.0,3.1442883814335634,3.0,-2.1442883814335634,norm_eksigi
Gaziantep,Þehitkamil,10.0,12.190285539565224,12.0,-2.190285539565224,dengede
Malatya,Yeþilyurt,3.0,5.201465090373218,5.0,-2.201465090373218,norm_eksigi
Ankara,Sincan,7.0,9.404193361718953,9.0,-2.404193361718953,norm_eksigi
Ýstanbul,Fatih,6.0,8.409844019860277,8.0,-2.4098440198602766,norm_eksigi
Ýstanbul,Küçükçekmece,7.0,9.467266354895507,9.0,-2.467266354895507,norm_eksigi
Ýstanbul,Beyoðlu,2.0,4.998361618113545,5.0,-2.9983616181135453,norm_eksigi
Ankara,Mamak,7.0,10.002816417421272,10.0,-3.002816417421272,norm_eksigi
Aydýn,Efeler,4.0,7.246153558943375,7.0,-3.2461535589433748,norm_eksigi
Van,Ýpekyolu,2.0,5.6612306117857845,6.0,-3.6612306117857845,norm_eksigi
Ankara,Çankaya,21.0,25.05354624541471,25.0,-4.0535462454147115,dengede
Ýstanbul,Baðcýlar,6.0,10.56481698988824,11.0,-4.564816989888239,norm_eksigi
Bingöl,Kiðý,,0.01070301310148869,0.0,,belirsiz
Bingöl,Solhan,,0.9708815454716171,1.0,,belirsiz
Adana,Feke,,0.9122917506256192,1.0,,belirsiz
Adana,Saimbeyli,,0.9031381963412257,1.0,,belirsiz
Adana,Tufanbeyli,,0.9552226334806408,1.0,,belirsiz
Adýyaman,Çelikhan,,0.7992872367019266,1.0,,belirsiz
Adýyaman,Gerger,,0.0,0.0,,belirsiz
Adýyaman,Samsat,,0.0,0.0,,belirsiz
Adýyaman,Sincik,,0.5052449829226306,1.0,,belirsiz
Adýyaman,Tut,,0.0,0.0,,belirsiz
Afyonkarahisar,Baþmakçý,,0.6449211920184377,1.0,,belirsiz
Afyonkarahisar,Bayat,,0.2000671683469828,0.0,,belirsiz
Afyonkarahisar,Çobanlar,,0.850437579828693,1.0,,belirsiz
Afyonkarahisar,Dazkýrý,,0.6539709454509004,1.0,,belirsiz
Afyonkarahisar,Emirdað,,1.4810379179729933,1.0,,belirsiz
Afyonkarahisar,Evciler,,0.19150156859789957,0.0,,belirsiz
Afyonkarahisar,Hocalar,,0.0,0.0,,belirsiz
Afyonkarahisar,Ýhsaniye,,1.135482338935367,1.0,,belirsiz
Afyonkarahisar,Kýzýlören,,0.0,0.0,,belirsiz
Afyonkarahisar,Sultandaðý,,0.9444510283911094,1.0,,belirsiz
Aðrý,Diyadin,,1.1019918599816405,1.0,,belirsiz
Aðrý,Eleþkirt,,0.8254374229214614,1.0,,belirsiz
Aðrý,Hamur,,0.11622703906065768,0.0,,belirsiz
Aðrý,Patnos,,1.5246736812076416,2.0,,belirsiz
Aðrý,Taþlýçay,,0.5672413427423408,1.0,,belirsiz
Aksaray,Aðaçören,,0.0,0.0,,belirsiz
Aksaray,Gülaðaç,,0.9337303421851333,1.0,,belirsiz
Aksaray,Güzelyurt,,0.5738133357494997,1.0,,belirsiz
Aksaray,Sarýyahþi,,0.018618347548010394,0.0,,belirsiz
Amasya,Göynücek,,0.3817767066582789,0.0,,belirsiz
Amasya,Gümüþhacýköy,,1.427660325357482,1.0,,belirsiz
Amasya,Hamamözü,,0.0,0.0,,belirsiz
Amasya,Taþova,,1.2944758961167198,1.0,,belirsiz
Ankara,Çamlýdere,,0.8657765564141853,1.0,,belirsiz
Ankara,Evren,,0.0,0.0,,belirsiz
Ankara,Güdül,,0.9275603112390787,1.0,,belirsiz
Antalya,Akseki,,0.8599560948300748,1.0,,belirsiz
Antalya,Ýbradý,,0.32091591064424696,0.0,,belirsiz
Ardahan,Çýldýr,,0.0,0.0,,belirsiz
Ardahan,Damal,,0.15445041475427246,0.0,,belirsiz
Ardahan,Göle,,0.6503709550829542,1.0,,belirsiz
Ardahan,Hanak,,0.08389859241772646,0.0,,belirsiz
Ardahan,Posof,,0.0,0.0,,belirsiz
Artvin,Ardanuç,,0.4817405034964719,0.0,,belirsiz
Artvin,Borçka,,0.8813817593700355,1.0,,belirsiz
Artvin,Murgul,,0.4446712324469644,0.0,,belirsiz
Aydýn,Bozdoðan,,1.9291172159136598,2.0,,belirsiz
Aydýn,Buharkent,,1.1159768891035453,1.0,,belirsiz
Aydýn,Karpuzlu,,0.9991734915574266,1.0,,belirsiz
Aydýn,Koçarlý,,1.6095377084420344,2.0,,belirsiz
Balýkesir,Balya,,1.1420840694425496,1.0,,belirsiz
Balýkesir,Dursunbey,,1.8994556984588726,2.0,,belirsiz
Balýkesir,Ývrindi,,1.8321422285174556,2.0,,belirsiz
Balýkesir,Savaþtepe,,1.2367019840524858,1.0,,belirsiz
Balýkesir,Susurluk,,1.8887781252048954,2.0,,belirsiz
Bartýn,Kurucaþile,,0.0,0.0,,belirsiz
Bartýn,Ulus,,1.054297744858101,1.0,,belirsiz
Batman,Gercüþ,,0.45444949839011795,0.0,,belirsiz
Batman,Hasankeyf,,0.18680640224042167,0.0,,belirsiz
Bayburt,Aydýntepe,,0.0,0.0,,belirsiz
Bayburt,Demirözü,,0.4314954758666789,0.0,,belirsiz
Bilecik,Gölpazarý,,0.6121640462760842,1.0,,belirsiz
Bilecik,Ýnhisar,,0.0,0.0,,belirsiz
Bilecik,Pazaryeri,,0.6087700070023274,1.0,,belirsiz
Bilecik,Söðüt,,0.999165253225756,1.0,,belirsiz
Bilecik,Yenipazar,,0.0,0.0,,belirsiz
Bingöl,Adaklý,,0.013118640931046865,0.0,,belirsiz
Bingöl,Genç,,0.9754727536044285,1.0,,belirsiz
Bingöl,Karlýova,,0.6067436987532822,1.0,,belirsiz
Bingöl,Yayladere,,0.0,0.0,,belirsiz
Bingöl,Yedisu,,0.0,0.0,,belirsiz
Bitlis,Adilcevaz,,0.9390532818986541,1.0,,belirsiz
Bitlis,Ahlat,,1.395917800360576,1.0,,belirsiz
Bitlis,Güroymak,,1.0386503444984694,1.0,,belirsiz
Bitlis,Hizan,,0.9540884059166825,1.0,,belirsiz
Bitlis,Mutki,,0.288496273678406,0.0,,belirsiz
Bolu,Dörtdivan,,0.18340917821028802,0.0,,belirsiz
Bolu,Göynük,,0.49137191876215436,0.0,,belirsiz
Bolu,Kýbrýscýk,,0.0,0.0,,belirsiz
Bolu,Mengen,,0.7614659900793668,1.0,,belirsiz
Bolu,Mudurnu,,1.0172744766149515,1.0,,belirsiz
Bolu,Seben,,0.0,0.0,,belirsiz
Bolu,Yeniçaða,,0.37310016783776057,0.0,,belirsiz
Burdur,Aðlasun,,0.0,0.0,,belirsiz
Burdur,Altýnyayla,,0.0,0.0,,belirsiz
Burdur,Çeltikçi,,0.0,0.0,,belirsiz
Burdur,Karamanlý,,0.3961320074519352,0.0,,belirsiz
Burdur,Kemer,,0.0,0.0,,belirsiz
Burdur,Tefenni,,0.4696321869516984,0.0,,belirsiz
Burdur,Yeþilova,,0.5334396263505123,1.0,,belirsiz
Bursa,Büyükorhan,,1.0182677444204717,1.0,,belirsiz
Bursa,Harmancýk,,0.5536521594664836,1.0,,belirsiz
Çanakkale,Bayramiç,,1.8578675119777337,2.0,,belirsiz
Çankýrý,Atkaracalar,,0.23288149927349533,0.0,,belirsiz
Çankýrý,Bayramören,,0.0,0.0,,belirsiz
Çankýrý,Çerkeþ,,0.9135294336309441,1.0,,belirsiz
Çankýrý,Eldivan,,0.0,0.0,,belirsiz
Çankýrý,Ilgaz,,0.723679886000427,1.0,,belirsiz
Çankýrý,Kýzýlýrmak,,0.0,0.0,,belirsiz
Çankýrý,Korgun,,0.0,0.0,,belirsiz
Çankýrý,Kurþunlu,,0.6079032735243706,1.0,,belirsiz
Çankýrý,Orta,,0.7801809525057668,1.0,,belirsiz
Çankýrý,Þabanözü,,0.7575288940679576,1.0,,belirsiz
Çankýrý,Yapraklý,,0.0,0.0,,belirsiz
Çorum,Bayat,,0.4385298368602073,0.0,,belirsiz
Çorum,Boðazkale,,0.0,0.0,,belirsiz
Çorum,Dodurga,,0.0,0.0,,belirsiz
Çorum,Kargý,,0.5208756993102539,1.0,,belirsiz
Çorum,Laçin,,0.0,0.0,,belirsiz
Çorum,Mecitözü,,0.04920846636734133,0.0,,belirsiz
Çorum,Oðuzlar,,0.0,0.0,,belirsiz
Çorum,Ortaköy,,0.10328417188592498,0.0,,belirsiz
Çorum,Uðurludað,,0.0,0.0,,belirsiz
Denizli,Babadað,,0.5316400565342261,1.0,,belirsiz
Denizli,Baklan,,0.3450127019777378,0.0,,belirsiz
Denizli,Bekilli,,0.6473081566872287,1.0,,belirsiz
Denizli,Beyaðaç,,0.529243040743788,1.0,,belirsiz
Denizli,Bozkurt,,1.0927256714794975,1.0,,belirsiz
Denizli,Çal,,1.2819098289002713,1.0,,belirsiz
Denizli,Çardak,,0.7638462733362532,1.0,,belirsiz
Denizli,Güney,,0.7716232225486079,1.0,,belirsiz
Denizli,Kale,,1.4334988892969078,1.0,,belirsiz
Diyarbakýr,Bismil,,2.33444243469565,2.0,,belirsiz
Diyarbakýr,Çermik,,1.5210101273442205,2.0,,belirsiz
Diyarbakýr,Çýnar,,1.5687759830472052,2.0,,belirsiz
Diyarbakýr,Çüngüþ,,0.7729856626335843,1.0,,belirsiz
Diyarbakýr,Eðil,,0.9361909153743135,1.0,,belirsiz
Diyarbakýr,Hazro,,0.8344541813652762,1.0,,belirsiz
Diyarbakýr,Kocaköy,,0.802913413419069,1.0,,belirsiz
Diyarbakýr,Lice,,0.9946983901036996,1.0,,belirsiz
Düzce,Cumayeri,,0.9492663475672574,1.0,,belirsiz
Düzce,Gümüþova,,0.9516835890759454,1.0,,belirsiz
Düzce,Yýðýlca,,0.08207971942462278,0.0,,belirsiz
Edirne,Enez,,0.3553237641209077,0.0,,belirsiz
Edirne,Havsa,,1.0190107319287818,1.0,,belirsiz
Edirne,Lalapaþa,,0.03290541766251476,0.0,,belirsiz
Edirne,Süloðlu,,0.0,0.0,,belirsiz
Elazýð,Aðýn,,0.0,0.0,,belirsiz
Elazýð,Alacakaya,,0.0,0.0,,belirsiz
Elazýð,Arýcak,,0.6778962009110421,1.0,,belirsiz
Elazýð,Baskil,,0.3785305528626779,0.0,,belirsiz
Elazýð,Karakoçan,,0.8890347677134165,1.0,,belirsiz
Elazýð,Maden,,0.12199834035776691,0.0,,belirsiz
Elazýð,Palu,,0.7660476779704513,1.0,,belirsiz
Elazýð,Sivrice,,0.1433531791767111,0.0,,belirsiz
Erzincan,Çayýrlý,,0.09581972044719267,0.0,,belirsiz
Erzincan,Ýliç,,0.27396424071697467,0.0,,belirsiz
Erzincan,Kemah,,0.0,0.0,,belirsiz
Erzincan,Kemaliye,,0.0,0.0,,belirsiz
Erzincan,Otlukbeli,,0.0,0.0,,belirsiz
Erzincan,Refahiye,,0.07380626845681082,0.0,,belirsiz
Erzincan,Tercan,,0.7913132797622526,1.0,,belirsiz
Erzincan,Üzümlü,,0.8479679404396854,1.0,,belirsiz
Erzurum,Aþkale,,1.1738580249711879,1.0,,belirsiz
Erzurum,Çat,,0.7243934663105671,1.0,,belirsiz
Erzurum,Horasan,,1.5355400656199298,2.0,,belirsiz
Erzurum,Ýspir,,1.468631848385657,1.0,,belirsiz
Erzurum,Karaçoban,,0.9878400542625609,1.0,,belirsiz
Erzurum,Köprüköy,,0.7789128372028085,1.0,,belirsiz
Erzurum,Narman,,0.9266020288206995,1.0,,belirsiz
Erzurum,Olur,,0.6332037793817475,1.0,,belirsiz
Erzurum,Pasinler,,1.153431763331572,1.0,,belirsiz
Erzurum,Pazaryolu,,0.43664765033538266,0.0,,belirsiz
Erzurum,Þenkaya,,0.9992298319414368,1.0,,belirsiz
Erzurum,Tekman,,0.6198311101066514,1.0,,belirsiz
Erzurum,Tortum,,1.2807792520696126,1.0,,belirsiz
Erzurum,Uzundere,,0.7980162535197906,1.0,,belirsiz
Eskiþehir,Alpu,,0.9078351538771381,1.0,,belirsiz
Eskiþehir,Beylikova,,0.2967798783676461,0.0,,belirsiz
Eskiþehir,Çifteler,,1.099965705094128,1.0,,belirsiz
Eskiþehir,Günyüzü,,0.4578573362996501,0.0,,belirsiz
Eskiþehir,Han,,0.0,0.0,,belirsiz
Eskiþehir,Ýnönü,,0.5070662167272828,1.0,,belirsiz
Eskiþehir,Mahmudiye,,0.7059926759120065,1.0,,belirsiz
Eskiþehir,Mihalgazi,,0.0,0.0,,belirsiz
Eskiþehir,Mihalýççýk,,0.7940999692293595,1.0,,belirsiz
Eskiþehir,Sarýcakaya,,0.1666710114368577,0.0,,belirsiz
Gaziantep,Araban,,1.3042444407370293,1.0,,belirsiz
Gaziantep,Ýslahiye,,1.9245343048202954,2.0,,belirsiz
Gaziantep,Karkamýþ,,0.8204078860291362,1.0,,belirsiz
Gaziantep,Nurdaðý,,1.3692033157931425,1.0,,belirsiz
Gaziantep,Yavuzeli,,1.006356984622474,1.0,,belirsiz
Giresun,Alucra,,0.29922566849492993,0.0,,belirsiz
Giresun,Çamoluk,,0.02512360415946535,0.0,,belirsiz
Giresun,Çanakçý,,0.0,0.0,,belirsiz
Giresun,Doðankent,,0.31819177052666126,0.0,,belirsiz
Giresun,Espiye,,1.103251555489019,1.0,,belirsiz
Giresun,Eynesil,,0.8700931083485148,1.0,,belirsiz
Giresun,Güce,,0.5316919336714747,1.0,,belirsiz
Giresun,Keþap,,0.989728210783678,1.0,,belirsiz
Giresun,Yaðlýdere,,0.7569032507282536,1.0,,belirsiz
Gümüþhane,Köse,,0.24692094882697013,0.0,,belirsiz
Gümüþhane,Kürtün,,0.6869702446650798,1.0,,belirsiz
Gümüþhane,Torul,,0.6172912978842668,1.0,,belirsiz
Hakkari,Çukurca,,0.7975668355505516,1.0,,belirsiz
Hakkari,Derecik,,0.6898285876414745,1.0,,belirsiz
Hakkari,Þemdinli,,1.2214579372023806,1.0,,belirsiz
Hatay,Kumlu,,0.8677059958102404,1.0,,belirsiz
Hatay,Reyhanlý,,2.3100165541439814,2.0,,belirsiz
Iðdýr,Aralýk,,0.3548206329175012,0.0,,belirsiz
Iðdýr,Karakoyunlu,,0.0,0.0,,belirsiz
Iðdýr,Tuzluca,,0.5999223539575862,1.0,,belirsiz
Isparta,Aksu,,0.0,0.0,,belirsiz
Isparta,Atabey,,0.2449693927291836,0.0,,belirsiz
Isparta,Gelendost,,0.6579602868776728,1.0,,belirsiz
Isparta,Gönen,,0.6038357533690659,1.0,,belirsiz
Isparta,Keçiborlu,,1.058567727824928,1.0,,belirsiz
Isparta,Sütçüler,,0.0,0.0,,belirsiz
Isparta,Þarkikaraaðaç,,1.2529853516106497,1.0,,belirsiz
Isparta,Uluborlu,,0.5177619711794801,1.0,,belirsiz
Isparta,Yeniþarbademli,,0.0,0.0,,belirsiz
Kahramanmaraþ,Afþin,,2.050547204554194,2.0,,belirsiz
Kahramanmaraþ,Andýrýn,,1.5342904563986355,2.0,,belirsiz
Kahramanmaraþ,Çaðlayancerit,,1.0182414046689483,1.0,,belirsiz
Kahramanmaraþ,Ekinözü,,0.7389509334344657,1.0,,belirsiz
Kahramanmaraþ,Nurhak,,0.7707929161571356,1.0,,belirsiz
Karabük,Eflani,,0.0,0.0,,belirsiz
Karabük,Eskipazar,,0.6313311380704727,1.0,,belirsiz
Karabük,Ovacýk,,0.0,0.0,,belirsiz
Karabük,Yenice,,0.9979716553585547,1.0,,belirsiz
Karaman,Ayrancý,,0.0,0.0,,belirsiz
Karaman,Baþyayla,,0.0,0.0,,belirsiz
Karaman,Kazýmkarabekir,,0.16149866276142344,0.0,,belirsiz
Karaman,Sarýveliler,,0.7413871230389772,1.0,,belirsiz
Kars,Akyaka,,0.0,0.0,,belirsiz
Kars,Arpaçay,,0.0,0.0,,belirsiz
Kars,Digor,,0.260707531840378,0.0,,belirsiz
Kars,Selim,,0.24127018152676127,0.0,,belirsiz
Kars,Susuz,,0.0,0.0,,belirsiz
Kastamonu,Abana,,0.45306537314655193,0.0,,belirsiz
Kastamonu,Aðlý,,0.0,0.0,,belirsiz
Kastamonu,Azdavay,,0.20174749053947627,0.0,,belirsiz
Kastamonu,Bozkurt,,0.5290027495062923,1.0,,belirsiz
Kastamonu,Cide,,1.0803440942568527,1.0,,belirsiz
Kastamonu,Çatalzeytin,,0.3859454382579437,0.0,,belirsiz
Kastamonu,Daday,,0.0,0.0,,belirsiz
Kastamonu,Devrekani,,0.49039622527689364,0.0,,belirsiz
Kastamonu,Doðanyurt,,0.0,0.0,,belirsiz
Kastamonu,Hanönü,,0.0,0.0,,belirsiz
Kastamonu,Ýhsangazi,,0.0,0.0,,belirsiz
Kastamonu,Küre,,0.0,0.0,,belirsiz
Kastamonu,Pýnarbaþý,,0.13704958283407365,0.0,,belirsiz
Kastamonu,Seydiler,,0.0,0.0,,belirsiz
Kastamonu,Þenpazar,,0.0,0.0,,belirsiz
Kayseri,Akkýþla,,0.45890302593161847,0.0,,belirsiz
Kayseri,Felahiye,,0.6066134743052469,1.0,,belirsiz
Kayseri,Ýncesu,,1.5489157552946329,2.0,,belirsiz
Kayseri,Özvatan,,0.08950242182874613,0.0,,belirsiz
Kayseri,Sarýoðlan,,0.9352089723849448,1.0,,belirsiz
Kayseri,Sarýz,,0.833065140571327,1.0,,belirsiz
Kayseri,Yahyalý,,1.7108109486416145,2.0,,belirsiz
Kýrýkkale,Bahþýlý,,1.3882357447644975,1.0,,belirsiz
Kýrýkkale,Balýþeyh,,0.0,0.0,,belirsiz
Kýrýkkale,Çelebi,,0.0,0.0,,belirsiz
Kýrýkkale,Delice,,0.5653287683130372,1.0,,belirsiz
Kýrýkkale,Karakeçili,,0.0,0.0,,belirsiz
Kýrýkkale,Sulakyurt,,0.0,0.0,,belirsiz
Kýrýkkale,Yahþihan,,1.9823334865741755,2.0,,belirsiz
Kýrklareli,Demirköy,,0.5846605444243291,1.0,,belirsiz
Kýrklareli,Kofçaz,,0.0,0.0,,belirsiz
Kýrklareli,Pehlivanköy,,0.0,0.0,,belirsiz
Kýrklareli,Pýnarhisar,,1.112337332963779,1.0,,belirsiz
Kýrþehir,Akçakent,,0.0,0.0,,belirsiz
Kýrþehir,Akpýnar,,0.0,0.0,,belirsiz
Kýrþehir,Boztepe,,0.0,0.0,,belirsiz
Kýrþehir,Çiçekdaðý,,0.6505143960972433,1.0,,belirsiz
Kýrþehir,Mucur,,1.037886137809814,1.0,,belirsiz
Kilis,Elbeyli,,0.0,0.0,,belirsiz
Kilis,Musabeyli,,0.0,0.0,,belirsiz
Kilis,Polateli,,0.0,0.0,,belirsiz
Konya,Ahýrlý,,0.07823906254168955,0.0,,belirsiz
Konya,Akören,,0.4661422682370273,0.0,,belirsiz
Konya,Çeltik,,0.9241580496936859,1.0,,belirsiz
Konya,Derbent,,0.07333036109678304,0.0,,belirsiz
Konya,Derebucak,,0.5299575973509194,1.0,,belirsiz
Konya,Doðanhisar,,0.9389635412634423,1.0,,belirsiz
Konya,Emirgazi,,0.49608168884993153,0.0,,belirsiz
Konya,Güneysýnýr,,0.7188394777839506,1.0,,belirsiz
Konya,Hadim,,0.8117504703911926,1.0,,belirsiz
Konya,Halkapýnar,,0.19921508496034024,0.0,,belirsiz
Konya,Sarayönü,,1.5131670922111145,2.0,,belirsiz
Konya,Taþkent,,0.4687139742906914,0.0,,belirsiz
Konya,Tuzlukçu,,0.5790146643210128,1.0,,belirsiz
Konya,Yalýhüyük,,0.0,0.0,,belirsiz
Konya,Yunak,,1.1512368334490053,1.0,,belirsiz
Kütahya,Altýntaþ,,0.39264823201855004,0.0,,belirsiz
Kütahya,Aslanapa,,0.0,0.0,,belirsiz
Kütahya,Çavdarhisar,,0.0,0.0,,belirsiz
Kütahya,Domaniç,,0.7257838371954426,1.0,,belirsiz
Kütahya,Dumlupýnar,,0.0,0.0,,belirsiz
Kütahya,Emet,,1.2031008318340484,1.0,,belirsiz
Kütahya,Hisarcýk,,0.3277910849320409,0.0,,belirsiz
Kütahya,Pazarlar,,0.0,0.0,,belirsiz
Kütahya,Þaphane,,0.0,0.0,,belirsiz
Malatya,Arapgir,,0.9078666869443746,1.0,,belirsiz
Malatya,Arguvan,,0.6994096667031728,1.0,,belirsiz
Malatya,Doðanyol,,0.4034026181838275,0.0,,belirsiz
Malatya,Hekimhan,,1.217894489864789,1.0,,belirsiz
Malatya,Kuluncak,,0.7645302028973502,1.0,,belirsiz
Malatya,Pütürge,,1.019913948312365,1.0,,belirsiz
Malatya,Yazýhan,,1.0524897452962003,1.0,,belirsiz
Manisa,Demirci,,1.8495575545377256,2.0,,belirsiz
Manisa,Selendi,,1.1450013384436857,1.0,,belirsiz
Mardin,Nusaybin,,2.0274609035002484,2.0,,belirsiz
Mardin,Ömerli,,1.1097239628169469,1.0,,belirsiz
Mardin,Savur,,1.0173988212003335,1.0,,belirsiz
Mardin,Yeþilli,,0.7343827954994588,1.0,,belirsiz
Mersin,Çamlýyayla,,0.9582029318231569,1.0,,belirsiz
Mersin,Mut,,1.6590009911893644,2.0,,belirsiz
Muðla,Kavaklýdere,,0.9391284486434803,1.0,,belirsiz
Muðla,Yataðan,,2.051754555289537,2.0,,belirsiz
Muþ,Bulanýk,,1.0063088607947428,1.0,,belirsiz
Muþ,Hasköy,,0.8584062076063876,1.0,,belirsiz
Muþ,Korkut,,0.39748383928803666,0.0,,belirsiz
Nevþehir,Acýgöl,,0.9639151367947347,1.0,,belirsiz
Nevþehir,Derinkuyu,,0.9748354821571033,1.0,,belirsiz
Nevþehir,Hacýbektaþ,,0.42311151681116765,0.0,,belirsiz
Nevþehir,Kozaklý,,0.7174833960312585,1.0,,belirsiz
Niðde,Altunhisar,,0.7366627614336871,1.0,,belirsiz
Niðde,Bor,,1.7688883162996007,2.0,,belirsiz
Niðde,Çamardý,,0.04556463954995227,0.0,,belirsiz
Niðde,Çiftlik,,0.9890090140570007,1.0,,belirsiz
Niðde,Ulukýþla,,0.6906568111784104,1.0,,belirsiz
Ordu,Akkuþ,,1.187412841892054,1.0,,belirsiz
Ordu,Çamaþ,,0.8004092504279772,1.0,,belirsiz
Ordu,Çatalpýnar,,0.8841829112438173,1.0,,belirsiz
Ordu,Çaybaþý,,0.8266285690438062,1.0,,belirsiz
Ordu,Gülyalý,,0.7569555763024876,1.0,,belirsiz
Ordu,Gürgentepe,,0.9947796889296714,1.0,,belirsiz
Ordu,Ýkizce,,0.8510715677236607,1.0,,belirsiz
Ordu,Kabadüz,,0.734228741626608,1.0,,belirsiz
Ordu,Kabataþ,,0.8029915319452914,1.0,,belirsiz
Ordu,Korgan,,1.0925192856927128,1.0,,belirsiz
Ordu,Mesudiye,,0.920640026853194,1.0,,belirsiz
Ordu,Ulubey,,1.0552356933913556,1.0,,belirsiz
Osmaniye,Hasanbeyli,,0.0,0.0,,belirsiz
Osmaniye,Sumbas,,0.33476305178963983,0.0,,belirsiz
Osmaniye,Toprakkale,,1.282150873935044,1.0,,belirsiz
Rize,Ardeþen,,1.4744735480588904,1.0,,belirsiz
Rize,Çamlýhemþin,,0.12031232098185773,0.0,,belirsiz
Rize,Çayeli,,1.330062464500318,1.0,,belirsiz
Rize,Derepazarý,,0.3601239297866208,0.0,,belirsiz
Rize,Fýndýklý,,0.9114140672392343,1.0,,belirsiz
Rize,Güneysu,,0.7249964548222105,1.0,,belirsiz
Rize,Hemþin,,0.0,0.0,,belirsiz
Rize,Ýkizdere,,0.0,0.0,,belirsiz
Rize,Ýyidere,,0.6037699814933664,1.0,,belirsiz
Rize,Kalkandere,,0.6705273773734075,1.0,,belirsiz
Rize,Pazar,,1.0978561517586978,1.0,,belirsiz
Sakarya,Ferizli,,1.3261975129862207,1.0,,belirsiz
Sakarya,Hendek,,2.430209203558105,2.0,,belirsiz
Sakarya,Karapürçek,,0.917020996639049,1.0,,belirsiz
Sakarya,Taraklý,,0.7245729270392087,1.0,,belirsiz
Samsun,Alaçam,,1.4837778944555413,1.0,,belirsiz
Samsun,Asarcýk,,0.9404566542180315,1.0,,belirsiz
Samsun,Ayvacýk,,0.9503306109108687,1.0,,belirsiz
Samsun,Çarþamba,,3.099469375338571,3.0,,belirsiz
Samsun,Kavak,,1.4006518422144811,1.0,,belirsiz
Samsun,Ladik,,1.1159016269231752,1.0,,belirsiz
Samsun,Salýpazarý,,1.3727655938952483,1.0,,belirsiz
Siirt,Baykan,,0.7168823770591555,1.0,,belirsiz
Siirt,Eruh,,0.5876589814709403,1.0,,belirsiz
Siirt,Kurtalan,,1.320291506225257,1.0,,belirsiz
Siirt,Pervari,,0.5335802255321713,1.0,,belirsiz
Siirt,Þirvan,,0.22532512763413193,0.0,,belirsiz
Siirt,Tillo,,0.0,0.0,,belirsiz
Sinop,Ayancýk,,1.0490509607178278,1.0,,belirsiz
Sinop,Dikmen,,0.0,0.0,,belirsiz
Sinop,Duraðan,,0.6457939348111066,1.0,,belirsiz
Sinop,Erfelek,,0.3199183348666388,0.0,,belirsiz
Sinop,Saraydüzü,,0.0,0.0,,belirsiz
Sinop,Türkeli,,0.6956729284145982,1.0,,belirsiz
Sivas,Akýncýlar,,0.0,0.0,,belirsiz
Sivas,Altýnyayla,,0.32501046691871593,0.0,,belirsiz
Sivas,Divriði,,0.9892439547280723,1.0,,belirsiz
Sivas,Doðanþar,,0.0,0.0,,belirsiz
Sivas,Gemerek,,1.0658747075388906,1.0,,belirsiz
Sivas,Gölova,,0.0,0.0,,belirsiz
Sivas,Hafik,,0.0,0.0,,belirsiz
Sivas,Ýmranlý,,0.0770994777167755,0.0,,belirsiz
Sivas,Kangal,,0.8005453085246854,1.0,,belirsiz
Sivas,Koyulhisar,,0.18252406487008033,0.0,,belirsiz
Sivas,Suþehri,,1.3097803362013831,1.0,,belirsiz
Sivas,Þarkýþla,,1.3580591345976587,1.0,,belirsiz
Sivas,Ulaþ,,0.0,0.0,,belirsiz
Sivas,Zara,,0.7974013521722574,1.0,,belirsiz
Þanlýurfa,Ceylanpýnar,,2.061125663435895,2.0,,belirsiz
Þanlýurfa,Suruç,,1.9986389066969403,2.0,,belirsiz
Þýrnak,Beytüþþebap,,0.4926698678254007,0.0,,belirsiz
Þýrnak,Güçlükonak,,0.44477690579863083,0.0,,belirsiz
Þýrnak,Ýdil,,1.3499881846614774,1.0,,belirsiz
Þýrnak,Uludere,,1.0966864938873426,1.0,,belirsiz
Tokat,Almus,,1.18129510312635,1.0,,belirsiz
Tokat,Artova,,0.2406720656778698,0.0,,belirsiz
Tokat,Baþçiftlik,,0.5780912593568175,1.0,,belirsiz
Tokat,Pazar,,0.8177190033258439,1.0,,belirsiz
Tokat,Reþadiye,,1.3691797968955943,1.0,,belirsiz
Tokat,Sulusaray,,0.3632129878064059,0.0,,belirsiz
Tokat,Turhal,,2.3998410113381845,2.0,,belirsiz
Tokat,Yeþilyurt,,0.48288740055840895,0.0,,belirsiz
Trabzon,Çarþýbaþý,,1.1164317062164804,1.0,,belirsiz
Trabzon,Çaykara,,1.0111905941464823,1.0,,belirsiz
Trabzon,Dernekpazarý,,0.5019077568335493,1.0,,belirsiz
Trabzon,Düzköy,,0.8979005583972715,1.0,,belirsiz
Trabzon,Hayrat,,0.6916623710961791,1.0,,belirsiz
Trabzon,Köprübaþý,,0.369551989824334,0.0,,belirsiz
Trabzon,Þalpazarý,,0.9146476796673673,1.0,,belirsiz
Trabzon,Tonya,,0.8977646608743597,1.0,,belirsiz
Tunceli,Çemiþgezek,,0.0,0.0,,belirsiz
Tunceli,Hozat,,0.13833010508637456,0.0,,belirsiz
Tunceli,Mazgirt,,0.0637868362317211,0.0,,belirsiz
Tunceli,Ovacýk,,0.42952741935259287,0.0,,belirsiz
Tunceli,Pertek,,0.7347913240182122,1.0,,belirsiz
Tunceli,Pülümür,,0.0,0.0,,belirsiz
Uþak,Karahallý,,0.7608315517567319,1.0,,belirsiz
Van,Bahçesaray,,0.5904881793183798,1.0,,belirsiz
Van,Baþkale,,0.8771811057609504,1.0,,belirsiz
Van,Çatak,,0.7126473322233906,1.0,,belirsiz
Van,Özalp,,1.137261419515525,1.0,,belirsiz
Van,Saray,,0.7170340518566571,1.0,,belirsiz
Yalova,Armutlu,,1.1135898121194416,1.0,,belirsiz
Yalova,Termal,,0.38590883732659576,0.0,,belirsiz
Yozgat,Aydýncýk,,0.4160554734114794,0.0,,belirsiz
Yozgat,Boðazlýyan,,1.4540462772453884,1.0,,belirsiz
Yozgat,Çandýr,,0.026641253472722948,0.0,,belirsiz
Yozgat,Çayýralan,,0.6674904604602938,1.0,,belirsiz
Yozgat,Çekerek,,0.9001888247908152,1.0,,belirsiz
Yozgat,Kadýþehri,,0.6889120875715897,1.0,,belirsiz
Yozgat,Saraykent,,0.7208313937167765,1.0,,belirsiz
Yozgat,Yenifakýlý,,0.0,0.0,,belirsiz
Zonguldak,Gökçebey,,1.1817267960789972,1.0,,belirsiz
