il_adi,ilce_adi,veteriner_hekim,veteriner_tahmini_norm,veteriner_tahmini_norm_yuvarlak,veteriner_norm_farki,veteriner_durumu
Balýkesir,Altýeylül,28.0,12.047197826145213,12.0,15.952802173854787,norm_fazlasi
Kayseri,Kocasinan,29.0,14.60379545501102,15.0,14.39620454498898,norm_fazlasi
Mersin,Erdemli,22.0,8.788388632972145,9.0,13.211611367027855,norm_fazlasi
Muðla,Seydikemer,23.0,10.766093018015951,11.0,12.233906981984049,norm_fazlasi
Balýkesir,Karesi,22.0,10.169099962499809,10.0,11.830900037500191,norm_fazlasi
Manisa,Salihli,22.0,11.46608108594863,11.0,10.53391891405137,norm_fazlasi
Mersin,Akdeniz,19.0,8.872201681620323,9.0,10.127798318379677,norm_fazlasi
Balýkesir,Bandýrma,20.0,10.118324753823789,10.0,9.881675246176211,norm_fazlasi
Ýzmir,Kemalpaþa,17.0,7.868752441809017,8.0,9.131247558190983,norm_fazlasi
Diyarbakýr,Sur,18.0,9.003543056814962,9.0,8.996456943185038,norm_fazlasi
Aydýn,Efeler,23.0,14.059804770964778,14.0,8.940195229035222,norm_fazlasi
Antalya,Manavgat,23.0,14.196682787114284,14.0,8.803317212885716,norm_fazlasi
Malatya,Yeþilyurt,19.0,10.699339928177324,11.0,8.300660071822676,norm_fazlasi
Hatay,Samandað,15.0,7.228228807650328,7.0,7.771771192349672,norm_fazlasi
Kahramanmaraþ,Onikiþubat,19.0,11.524810498564829,12.0,7.475189501435171,norm_fazlasi
Þanlýurfa,Eyyübiye,18.0,10.576612415171205,11.0,7.423387584828795,norm_fazlasi
Ýzmir,Kiraz,16.0,8.632958526313928,9.0,7.367041473686072,norm_fazlasi
Kahramanmaraþ,Pazarcýk,15.0,7.637574342611719,8.0,7.362425657388281,norm_fazlasi
Ýzmir,Tire,18.0,10.666981074778164,11.0,7.333018925221836,norm_fazlasi
Konya,Ereðli,25.0,17.767898223618058,18.0,7.232101776381942,norm_fazlasi
Antalya,Döþemealtý,16.0,8.80286828996378,9.0,7.197131710036221,norm_fazlasi
Ýzmir,Bergama,19.0,11.986827070874613,12.0,7.013172929125387,norm_fazlasi
Kars,Arpaçay,12.0,5.171106039845429,5.0,6.828893960154571,norm_fazlasi
Konya,Çumra,20.0,13.279057933879308,13.0,6.720942066120692,norm_fazlasi
Kahramanmaraþ,Dulkadiroðlu,16.0,9.316018076378105,9.0,6.683981923621895,norm_fazlasi
Mardin,Kýzýltepe,16.0,9.351904653605109,9.0,6.648095346394891,norm_fazlasi
Aydýn,Söke,17.0,10.572650403923369,11.0,6.427349596076631,norm_fazlasi
Van,Ýpekyolu,17.0,10.722992230662655,11.0,6.277007769337345,norm_fazlasi
Mersin,Mezitli,13.0,6.809772192175054,7.0,6.190227807824946,norm_fazlasi
Adana,Yüreðir,20.0,13.945393306704686,14.0,6.054606693295314,norm_fazlasi
Mersin,Silifke,17.0,11.056345530702204,11.0,5.943654469297796,norm_fazlasi
Malatya,Battalgazi,17.0,11.14700333917079,11.0,5.852996660829209,norm_fazlasi
Þanlýurfa,Haliliye,18.0,12.269746025867232,12.0,5.7302539741327685,norm_fazlasi
Çanakkale,Biga,18.0,12.388411374041478,12.0,5.611588625958522,norm_fazlasi
Hatay,Defne,12.0,6.524472380612635,7.0,5.475527619387365,norm_fazlasi
Muðla,Menteþe,15.0,9.588731100799302,10.0,5.411268899200698,norm_fazlasi
Mersin,Tarsus,21.0,15.728171661299193,16.0,5.271828338700807,norm_fazlasi
Konya,Karatay,24.0,18.732172650056942,19.0,5.267827349943058,norm_fazlasi
Konya,Beyþehir,15.0,9.773148432811368,10.0,5.226851567188632,norm_fazlasi
Antalya,Alanya,16.0,10.784400033947769,11.0,5.215599966052231,norm_fazlasi
Eskiþehir,Tepebaþý,19.0,13.84376681743601,14.0,5.156233182563991,norm_fazlasi
Antalya,Gazipaþa,12.0,6.908336032713308,7.0,5.091663967286692,norm_fazlasi
Mersin,Toroslar,14.0,8.95234070459556,9.0,5.04765929540444,norm_fazlasi
Mardin,Artuklu,13.0,8.086042752133348,8.0,4.913957247866652,norm_fazlasi
Iðdýr,Karakoyunlu,10.0,5.087954055225562,5.0,4.912045944774438,norm_fazlasi
Ardahan,Hanak,9.0,4.140173456758716,4.0,4.859826543241284,norm_fazlasi
Van,Edremit,11.0,6.1520533493179546,6.0,4.8479466506820454,norm_fazlasi
Ýzmir,Ödemiþ,19.0,14.165010743593516,14.0,4.834989256406484,norm_fazlasi
Çanakkale,Ezine,13.0,8.176037069886931,8.0,4.823962930113069,norm_fazlasi
Balýkesir,Bigadiç,14.0,9.30233170520373,9.0,4.697668294796269,norm_fazlasi
Ýzmir,Bayýndýr,14.0,9.360979936351018,9.0,4.639020063648982,norm_fazlasi
Kastamonu,Devrekani,9.0,4.4284637349227,4.0,4.5715362650773,norm_fazlasi
Isparta,Keçiborlu,10.0,5.481298856186517,5.0,4.518701143813483,norm_fazlasi
Kahramanmaraþ,Elbistan,16.0,11.496318450182724,11.0,4.503681549817276,norm_fazlasi
Osmaniye,Kadirli,14.0,9.599119125297115,10.0,4.400880874702885,norm_fazlasi
Kars,Akyaka,8.0,3.667940877412162,4.0,4.332059122587838,norm_fazlasi
Ankara,Çubuk,14.0,9.705070992377014,10.0,4.2949290076229865,norm_fazlasi
Elazýð,Karakoçan,10.0,5.7147394500394215,6.0,4.2852605499605785,norm_fazlasi
Þanlýurfa,Karaköprü,13.0,8.802729829750138,9.0,4.197270170249862,norm_fazlasi
Sakarya,Kaynarca,9.0,4.857432041866748,5.0,4.142567958133252,norm_fazlasi
Þanlýurfa,Suruç,11.0,6.861931125964453,7.0,4.138068874035547,norm_fazlasi
Diyarbakýr,Yeniþehir,12.0,7.868512960129058,8.0,4.131487039870942,norm_fazlasi
Antalya,Korkuteli,16.0,11.874049608900718,12.0,4.125950391099282,norm_fazlasi
Bitlis,Tatvan,10.0,5.993212771692843,6.0,4.006787228307157,norm_fazlasi
Malatya,Akçadað,11.0,7.017040620104851,7.0,3.9829593798951493,norm_fazlasi
Ordu,Altýnordu,12.0,8.067028367485262,8.0,3.9329716325147377,norm_fazlasi
Van,Tuþba,12.0,8.080296833857991,8.0,3.9197031661420088,norm_fazlasi
Iðdýr,Tuzluca,11.0,7.085683323498617,7.0,3.9143166765013833,norm_fazlasi
Manisa,Akhisar,15.0,11.10951202977941,11.0,3.8904879702205903,norm_fazlasi
Tokat,Erbaa,13.0,9.109956058213495,9.0,3.890043941786505,norm_fazlasi
Denizli,Acýpayam,14.0,10.158733122438658,10.0,3.841266877561342,norm_fazlasi
Çanakkale,Çan,12.0,8.160221050649394,8.0,3.839778949350606,norm_fazlasi
Manisa,Turgutlu,13.0,9.172787937269945,9.0,3.827212062730055,norm_fazlasi
Diyarbakýr,Kayapýnar,12.0,8.260975545055471,8.0,3.739024454944529,norm_fazlasi
Muðla,Milas,19.0,15.272910049106496,15.0,3.727089950893504,norm_fazlasi
Samsun,Çarþamba,13.0,9.278154606075917,9.0,3.7218453939240828,norm_fazlasi
Þanlýurfa,Hilvan,12.0,8.335361600477874,8.0,3.6646383995221257,norm_fazlasi
Amasya,Merzifon,13.0,9.33949994857166,9.0,3.6605000514283397,norm_fazlasi
Adana,Sarýçam,14.0,10.38032954646003,10.0,3.6196704535399693,norm_fazlasi
Bursa,Nilüfer,17.0,13.402951424993226,13.0,3.5970485750067738,norm_fazlasi
Ýzmir,Seferihisar,10.0,6.421336118745189,6.0,3.578663881254811,norm_fazlasi
Antalya,Kaþ,10.0,6.438622890692538,6.0,3.561377109307462,norm_fazlasi
Ankara,Gölbaþý,16.0,12.451246454917037,12.0,3.5487535450829633,norm_fazlasi
Bolu,Mudurnu,9.0,5.462153968195883,5.0,3.5378460318041167,norm_fazlasi
Samsun,Atakum,11.0,7.473032195083498,7.0,3.5269678049165023,norm_fazlasi
Antalya,Serik,14.0,10.520107361565268,11.0,3.479892638434732,norm_fazlasi
Balýkesir,Susurluk,12.0,8.522761475385266,9.0,3.4772385246147337,norm_fazlasi
Mardin,Midyat,10.0,6.556029395567259,7.0,3.4439706044327414,norm_fazlasi
Burdur,Bucak,13.0,9.556494225152047,10.0,3.443505774847953,norm_fazlasi
Hatay,Arsuz,11.0,7.58745681755934,8.0,3.4125431824406602,norm_fazlasi
Balýkesir,Havran,9.0,5.616045215391475,6.0,3.383954784608525,norm_fazlasi
Giresun,Bulancak,9.0,5.637671026136548,6.0,3.362328973863452,norm_fazlasi
Samsun,Tekkeköy,10.0,6.653856695670637,7.0,3.346143304329363,norm_fazlasi
Manisa,Alaþehir,12.0,8.723634043911728,9.0,3.276365956088272,norm_fazlasi
Kayseri,Develi,13.0,9.734633642482681,10.0,3.265366357517319,norm_fazlasi
Kilis,Polateli,4.0,0.7387764366774769,1.0,3.261223563322523,norm_fazlasi
Isparta,Eðirdir,9.0,5.769927399171948,6.0,3.230072600828052,norm_fazlasi
Þanlýurfa,Siverek,20.0,16.810626330801586,17.0,3.189373669198414,dengede
Antalya,Kumluca,9.0,5.822168794709271,6.0,3.1778312052907287,norm_fazlasi
Diyarbakýr,Ergani,14.0,10.852585087591443,11.0,3.147414912408557,norm_fazlasi
Hatay,Antakya,16.0,12.858430130854824,13.0,3.141569869145176,norm_fazlasi
Antalya,Finike,8.0,4.909446460297419,5.0,3.090553539702581,norm_fazlasi
Erzurum,Aziziye,11.0,7.964610659000229,8.0,3.035389340999771,norm_fazlasi
Kýrklareli,Kofçaz,3.0,0.0,0.0,3.0,belirsiz
Kahramanmaraþ,Göksun,10.0,7.004335534065417,7.0,2.995664465934583,norm_fazlasi
Denizli,Honaz,10.0,7.008094516633336,7.0,2.991905483366664,norm_fazlasi
Van,Gevaþ,8.0,5.013783732041865,5.0,2.9862162679581354,norm_fazlasi
Gaziantep,Yavuzeli,8.0,5.044290587417092,5.0,2.955709412582908,norm_fazlasi
Ýzmir,Çiðli,9.0,6.0448294008093235,6.0,2.9551705991906765,norm_fazlasi
Burdur,Gölhisar,11.0,8.070847964227289,8.0,2.929152035772711,norm_fazlasi
Kayseri,Bünyan,11.0,8.089605887449899,8.0,2.910394112550101,norm_fazlasi
Muðla,Köyceðiz,10.0,7.090269763204445,7.0,2.9097302367955553,norm_fazlasi
Mersin,Mut,12.0,9.100345747204072,9.0,2.899654252795928,norm_fazlasi
Kütahya,Dumlupýnar,4.0,1.118905649566936,1.0,2.881094350433064,norm_fazlasi
Diyarbakýr,Eðil,7.0,4.211436861426829,4.0,2.7885631385731706,norm_fazlasi
Ordu,Fatsa,9.0,6.272509042148107,6.0,2.7274909578518933,norm_fazlasi
Diyarbakýr,Baðlar,13.0,10.272711018403236,10.0,2.7272889815967645,norm_fazlasi
Konya,Meram,19.0,16.283486705307187,16.0,2.716513294692813,dengede
Van,Saray,7.0,4.2856234245632425,4.0,2.7143765754367575,norm_fazlasi
Sakarya,Söðütlü,7.0,4.300209187847372,4.0,2.699790812152628,norm_fazlasi
Ardahan,Göle,10.0,7.311776782261121,7.0,2.688223217738879,norm_fazlasi
Bolu,Göynük,7.0,4.31231907077975,4.0,2.6876809292202504,norm_fazlasi
Kayseri,Yahyalý,9.0,6.31550379406899,6.0,2.6844962059310102,norm_fazlasi
Mersin,Gülnar,8.0,5.326577581339219,5.0,2.673422418660781,norm_fazlasi
Tekirdað,Süleymanpaþa,15.0,12.353016280039451,12.0,2.6469837199605486,norm_fazlasi
Aydýn,Nazilli,13.0,10.367128488365948,10.0,2.632871511634052,norm_fazlasi
Hatay,Ýskenderun,9.0,6.384996036620582,6.0,2.6150039633794178,norm_fazlasi
Isparta,Gönen,7.0,4.41009387048973,4.0,2.58990612951027,norm_fazlasi
Mersin,Yeniþehir,10.0,7.4448728139139195,7.0,2.5551271860860805,norm_fazlasi
Van,Baþkale,8.0,5.450872870985893,5.0,2.5491271290141073,norm_fazlasi
Aydýn,Kuyucak,10.0,7.451211671566456,7.0,2.5487883284335444,norm_fazlasi
Kýrýkkale,Çelebi,3.0,0.45181336062896094,0.0,2.548186639371039,belirsiz
Samsun,Asarcýk,7.0,4.512246540360296,5.0,2.4877534596397037,norm_fazlasi
Bursa,Ýnegöl,14.0,11.556346066965123,12.0,2.443653933034877,norm_fazlasi
Ýstanbul,Beþiktaþ,7.0,4.560506967475111,5.0,2.439493032524889,norm_fazlasi
Muðla,Fethiye,14.0,11.574660797873076,12.0,2.425339202126924,norm_fazlasi
Bilecik,Yenipazar,3.0,0.5751346207324852,1.0,2.4248653792675148,norm_fazlasi
Bursa,Karacabey,14.0,11.609872961760274,12.0,2.3901270382397257,norm_fazlasi
Þanlýurfa,Birecik,10.0,7.618656044116679,8.0,2.381343955883321,norm_fazlasi
Trabzon,Ortahisar,10.0,7.66783539185628,8.0,2.33216460814372,norm_fazlasi
Mersin,Çamlýyayla,6.0,3.7026571509981494,4.0,2.2973428490018506,norm_fazlasi
Muðla,Ortaca,9.0,6.707798255766353,7.0,2.2922017442336466,norm_fazlasi
Tokat,Zile,12.0,9.729729785108578,10.0,2.270270214891422,norm_fazlasi
Adýyaman,Kahta,11.0,8.730283632424719,9.0,2.269716367575281,norm_fazlasi
Þýrnak,Silopi,8.0,5.733023576751429,6.0,2.266976423248571,norm_fazlasi
Samsun,Canik,8.0,5.752254627292329,6.0,2.247745372707671,norm_fazlasi
Balýkesir,Sýndýrgý,10.0,7.77629959648778,8.0,2.22370040351222,norm_fazlasi
Ýzmir,Narlýdere,5.0,2.7883514767245186,3.0,2.2116485232754814,norm_fazlasi
Ýstanbul,Kartal,9.0,6.826048521346672,7.0,2.1739514786533283,norm_fazlasi
Kilis,Musabeyli,3.0,0.830198188770999,1.0,2.169801811229001,norm_fazlasi
Hatay,Erzin,8.0,5.833873164451406,6.0,2.166126835548594,norm_fazlasi
Amasya,Suluova,10.0,7.836842020555945,8.0,2.1631579794440547,norm_fazlasi
Elazýð,Keban,6.0,3.839997454623198,4.0,2.160002545376802,norm_fazlasi
Ýzmir,Menderes,11.0,8.84233389404558,9.0,2.1576661059544193,norm_fazlasi
Siirt,Tillo,4.0,1.9026114470393392,2.0,2.097388552960661,norm_fazlasi
Diyarbakýr,Çýnar,12.0,9.940235223598297,10.0,2.0597647764017033,norm_fazlasi
Bursa,Osmangazi,20.0,17.95071412819896,18.0,2.0492858718010396,dengede
Kýrþehir,Akçakent,2.0,0.0,0.0,2.0,belirsiz
Þanlýurfa,Halfeti,7.0,5.02331227043444,5.0,1.97668772956556,norm_fazlasi
Ankara,Sincan,17.0,15.024282440693217,15.0,1.9757175593067835,dengede
Hatay,Payas,5.0,3.0304628728232705,3.0,1.9695371271767295,norm_fazlasi
Manisa,Kula,11.0,9.03972521748694,9.0,1.9602747825130606,norm_fazlasi
Erzurum,Yakutiye,11.0,9.056543209094052,9.0,1.9434567909059481,norm_fazlasi
Ýzmir,Menemen,12.0,10.068029698501455,10.0,1.931970301498545,dengede
Aðrý,Hamur,7.0,5.12612923710862,5.0,1.8738707628913804,norm_fazlasi
Adana,Seyhan,18.0,16.127812348152155,16.0,1.8721876518478453,dengede
Batman,Beþiri,8.0,6.130095888813565,6.0,1.8699041111864352,norm_fazlasi
Zonguldak,Çaycuma,9.0,7.139764112283639,7.0,1.8602358877163612,norm_fazlasi
Osmaniye,Düziçi,9.0,7.150326704947975,7.0,1.8496732950520247,norm_fazlasi
Antalya,Demre,6.0,4.153704628793885,4.0,1.8462953712061152,norm_fazlasi
Ýzmir,Beydað,7.0,5.161739361332919,5.0,1.838260638667081,norm_fazlasi
Balýkesir,Kepsut,9.0,7.174590788662599,7.0,1.8254092113374014,norm_fazlasi
Aðrý,Taþlýçay,7.0,5.197193437753582,5.0,1.8028065622464178,norm_fazlasi
Rize,Hemþin,3.0,1.2075418715685773,1.0,1.7924581284314227,norm_fazlasi
Mersin,Anamur,8.0,6.218866985094703,6.0,1.781133014905297,norm_fazlasi
Aydýn,Karpuzlu,8.0,6.231558607664969,6.0,1.7684413923350313,norm_fazlasi
Bingöl,Yayladere,2.0,0.24804187273661338,0.0,1.7519581272633866,belirsiz
Bilecik,Ýnhisar,2.0,0.25591957112311814,0.0,1.7440804288768819,belirsiz
Gaziantep,Karkamýþ,6.0,4.261332174951049,4.0,1.7386678250489513,norm_fazlasi
Kastamonu,Daday,5.0,3.276815923473333,3.0,1.723184076526667,norm_fazlasi
Trabzon,Akçaabat,8.0,6.282291177397887,6.0,1.7177088226021127,norm_fazlasi
Balýkesir,Edremit,9.0,7.2892467688122995,7.0,1.7107532311877005,norm_fazlasi
Sinop,Dikmen,3.0,1.3198645883064346,1.0,1.6801354116935654,norm_fazlasi
Aydýn,Koçarlý,9.0,7.346792352224368,7.0,1.6532076477756323,norm_fazlasi
Kocaeli,Kandýra,9.0,7.369886846870619,7.0,1.6301131531293809,norm_fazlasi
Van,Muradiye,8.0,6.395166241332911,6.0,1.6048337586670893,norm_fazlasi
Rize,Derepazarý,4.0,2.4120735760412524,2.0,1.5879264239587476,norm_fazlasi
Kayseri,Sarýz,6.0,4.419213382309488,4.0,1.5807866176905119,norm_fazlasi
Tokat,Turhal,11.0,9.432609277387684,9.0,1.5673907226123163,dengede
Aydýn,Ýncirliova,9.0,7.44333516544184,7.0,1.55666483455816,norm_fazlasi
Elazýð,Palu,6.0,4.451727106333326,4.0,1.5482728936666739,norm_fazlasi
Artvin,Yusufeli,6.0,4.457146263488976,4.0,1.5428537365110238,norm_fazlasi
Muþ,Varto,8.0,6.469966906431394,6.0,1.5300330935686057,norm_fazlasi
Ardahan,Damal,5.0,3.4749500079798348,3.0,1.5250499920201652,norm_fazlasi
Afyonkarahisar,Þuhut,10.0,8.475111828969498,8.0,1.5248881710305024,dengede
Ýstanbul,Tuzla,8.0,6.497675399977221,6.0,1.5023246000227788,norm_fazlasi
Aydýn,Didim,9.0,7.511770062959668,8.0,1.488229937040332,dengede
Isparta,Aksu,4.0,2.5196264271852624,3.0,1.4803735728147376,norm_fazlasi
Çorum,Laçin,3.0,1.5210211175027357,2.0,1.4789788824972643,norm_fazlasi
Ýstanbul,Sultanbeyli,6.0,4.55272251113113,5.0,1.4472774888688704,norm_fazlasi
Denizli,Merkezefendi,11.0,9.578931360566012,10.0,1.4210686394339884,dengede
Batman,Hasankeyf,4.0,2.586113136578943,3.0,1.413886863421057,norm_fazlasi
Kayseri,Tomarza,8.0,6.609611287191204,7.0,1.3903887128087957,norm_fazlasi
Ankara,Haymana,13.0,11.625774348542459,12.0,1.3742256514575413,dengede
Diyarbakýr,Hazro,6.0,4.628921939776325,5.0,1.3710780602236747,norm_fazlasi
Isparta,Þarkikaraaðaç,8.0,6.636775508710685,7.0,1.3632244912893148,norm_fazlasi
Afyonkarahisar,Bolvadin,9.0,7.644590344749227,8.0,1.3554096552507726,dengede
Ýstanbul,Zeytinburnu,6.0,4.651049192596636,5.0,1.348950807403364,norm_fazlasi
Elazýð,Alacakaya,4.0,2.6531959015979094,3.0,1.3468040984020906,norm_fazlasi
Çanakkale,Yenice,10.0,8.657922316744076,9.0,1.3420776832559245,dengede
Bitlis,Güroymak,7.0,5.701230821965825,6.0,1.298769178034175,norm_fazlasi
Aydýn,Çine,12.0,10.721958606673134,11.0,1.2780413933268662,dengede
Uþak,Eþme,10.0,8.729797323104673,9.0,1.2702026768953267,dengede
Bartýn,Amasra,5.0,3.7303011803582127,4.0,1.2696988196417873,norm_fazlasi
Balýkesir,Burhaniye,8.0,6.741638546899279,7.0,1.2583614531007212,dengede
Kastamonu,Ýhsangazi,4.0,2.7502462667683014,3.0,1.2497537332316986,norm_fazlasi
Eskiþehir,Odunpazarý,14.0,12.759001670268308,13.0,1.240998329731692,dengede
Elazýð,Sivrice,5.0,3.768444261541733,4.0,1.2315557384582672,norm_fazlasi
Isparta,Yalvaç,11.0,9.774414230697028,10.0,1.2255857693029721,dengede
Kýrklareli,Lüleburgaz,17.0,15.777015011137923,16.0,1.222984988862077,dengede
Amasya,Gümüþhacýköy,8.0,6.8005958435524425,7.0,1.1994041564475575,dengede
Osmaniye,Toprakkale,6.0,4.801736854203896,5.0,1.198263145796104,norm_fazlasi
Bursa,Yýldýrým,12.0,10.804766760301522,11.0,1.195233239698478,dengede
Muðla,Ula,8.0,6.810868864280077,7.0,1.189131135719923,dengede
Ordu,Çatalpýnar,4.0,2.8177835424137734,3.0,1.1822164575862266,norm_fazlasi
Denizli,Pamukkale,13.0,11.835623407253975,12.0,1.1643765927460255,dengede
Kilis,Elbeyli,3.0,1.8429096430817289,2.0,1.1570903569182711,norm_fazlasi
Amasya,Hamamözü,3.0,1.845507896303876,2.0,1.154492103696124,norm_fazlasi
Konya,Ilgýn,12.0,10.847387129840111,11.0,1.1526128701598886,dengede
Bitlis,Ahlat,7.0,5.851215914227132,6.0,1.148784085772868,dengede
Ýstanbul,Maltepe,8.0,6.853911963120562,7.0,1.146088036879438,dengede
Van,Özalp,8.0,6.8540777996102085,7.0,1.1459222003897915,dengede
Aydýn,Kuþadasý,8.0,6.858422911569241,7.0,1.1415770884307586,dengede
Ordu,Gölköy,5.0,3.867855385257509,4.0,1.132144614742491,norm_fazlasi
Çorum,Mecitözü,7.0,5.869408365528318,6.0,1.1305916344716822,dengede
Ýstanbul,Büyükçekmece,7.0,5.905526407935321,6.0,1.0944735920646789,dengede
Afyonkarahisar,Sandýklý,10.0,8.910725018195123,9.0,1.089274981804877,dengede
Konya,Yalýhüyük,3.0,1.9170111588834136,2.0,1.0829888411165864,norm_fazlasi
Siirt,Kurtalan,7.0,5.942145188795419,6.0,1.0578548112045807,dengede
Kastamonu,Cide,5.0,3.9499075370271486,4.0,1.0500924629728514,norm_fazlasi
Samsun,Kavak,6.0,4.952731571568465,5.0,1.0472684284315346,norm_fazlasi
Gaziantep,Nurdaðý,8.0,6.953368000176453,7.0,1.0466319998235472,dengede
Erzincan,Refahiye,5.0,3.955736566769067,4.0,1.0442634332309328,norm_fazlasi
Kahramanmaraþ,Nurhak,5.0,3.963881099722797,4.0,1.036118900277203,norm_fazlasi
Sakarya,Taraklý,5.0,3.973204375133321,4.0,1.0267956248666792,norm_fazlasi
Kastamonu,Araç,5.0,3.97332091693719,4.0,1.02667908306281,norm_fazlasi
Bursa,Mustafakemalpaþa,14.0,12.979517171301982,13.0,1.020482828698018,dengede
Uþak,Sivaslý,9.0,7.986182299436395,8.0,1.0138177005636049,dengede
Çankýrý,Bayramören,1.0,0.0,0.0,1.0,belirsiz
Tokat,Yeþilyurt,5.0,4.0014091392790405,4.0,0.9985908607209595,dengede
Osmaniye,Sumbas,5.0,4.00346225231634,4.0,0.9965377476836599,dengede
Gaziantep,Nizip,11.0,10.009923533502304,10.0,0.9900764664976958,dengede
Kýrþehir,Boztepe,6.0,5.011241523003526,5.0,0.9887584769964741,dengede
Afyonkarahisar,Hocalar,4.0,3.019193208038924,3.0,0.9808067919610761,dengede
Kastamonu,Küre,3.0,2.0329127320812868,2.0,0.9670872679187132,dengede
Konya,Akþehir,10.0,9.04190105400555,9.0,0.9580989459944504,dengede
Denizli,Babadað,4.0,3.0476206746666556,3.0,0.9523793253333444,dengede
Van,Gürpýnar,9.0,8.062372822123056,8.0,0.9376271778769443,dengede
Adana,Pozantý,5.0,4.065330283522419,4.0,0.9346697164775808,dengede
Adana,Kozan,12.0,11.06622501323975,11.0,0.9337749867602501,dengede
Bolu,Kýbrýscýk,2.0,1.0686197250112501,1.0,0.9313802749887499,dengede
Diyarbakýr,Dicle,6.0,5.072771103438209,5.0,0.9272288965617914,dengede
Balýkesir,Ývrindi,9.0,8.094551249311275,8.0,0.9054487506887252,dengede
Kahramanmaraþ,Çaðlayancerit,5.0,4.097342136091209,4.0,0.9026578639087912,dengede
Adýyaman,Çelikhan,5.0,4.102909010628933,4.0,0.8970909893710672,dengede
Ýzmir,Foça,7.0,6.105979352057693,6.0,0.8940206479423072,dengede
Kýrklareli,Vize,8.0,7.1095128336854625,7.0,0.8904871663145375,dengede
Kastamonu,Aðlý,3.0,2.1437127712975856,2.0,0.8562872287024144,dengede
Kýrklareli,Pehlivanköy,3.0,2.147814983021025,2.0,0.8521850169789751,dengede
Samsun,Ladik,6.0,5.148093421293897,5.0,0.8519065787061031,dengede
Burdur,Çeltikçi,4.0,3.148562738377067,3.0,0.8514372616229329,dengede
Kastamonu,Hanönü,3.0,2.153104961750496,2.0,0.846895038249504,dengede
Kütahya,Çavdarhisar,4.0,3.155020963553513,3.0,0.8449790364464871,dengede
Isparta,Yeniþarbademli,3.0,2.1636010531337053,2.0,0.8363989468662947,dengede
Diyarbakýr,Hani,6.0,5.178149702045312,5.0,0.821850297954688,dengede
Kocaeli,Ýzmit,11.0,10.186026251750175,10.0,0.8139737482498255,dengede
Kýrklareli,Demirköy,5.0,4.188304006436066,4.0,0.8116959935639336,dengede
Afyonkarahisar,Emirdað,10.0,9.1908734304914,9.0,0.8091265695085994,dengede
Denizli,Sarayköy,7.0,6.200447936765338,6.0,0.7995520632346622,dengede
Hatay,Dörtyol,7.0,6.214739049823042,6.0,0.7852609501769576,dengede
Nevþehir,Derinkuyu,6.0,5.215206915587325,5.0,0.7847930844126747,dengede
Burdur,Kemer,3.0,2.2195816773605728,2.0,0.7804183226394272,dengede
Balýkesir,Ayvalýk,9.0,8.225163922874136,8.0,0.7748360771258636,dengede
Ýstanbul,Üsküdar,8.0,7.238628676720756,7.0,0.7613713232792438,dengede
Kastamonu,Seydiler,4.0,3.251088105289026,3.0,0.7489118947109739,dengede
Antalya,Kemer,6.0,5.267191618316388,5.0,0.7328083816836122,dengede
Gaziantep,Þehitkamil,16.0,15.277194836380168,15.0,0.7228051636198316,dengede
Afyonkarahisar,Sultandaðý,7.0,6.289791640021985,6.0,0.7102083599780151,dengede
Diyarbakýr,Kocaköy,5.0,4.300891270909228,4.0,0.6991087290907716,dengede
Mardin,Ömerli,5.0,4.302286797927314,4.0,0.697713202072686,dengede
Van,Erciþ,8.0,7.311563524751024,7.0,0.6884364752489764,dengede
Bursa,Yeniþehir,10.0,9.332964030433523,9.0,0.6670359695664771,dengede
Ýstanbul,Avcýlar,7.0,6.339107173955091,6.0,0.6608928260449094,dengede
Artvin,Þavþat,5.0,4.342183101617422,4.0,0.6578168983825776,dengede
Þýrnak,Cizre,9.0,8.351681484762796,8.0,0.6483185152372037,dengede
Ordu,Ünye,7.0,6.355396986773447,6.0,0.6446030132265532,dengede
Kastamonu,Doðanyurt,1.0,0.36280978113592344,0.0,0.6371902188640766,belirsiz
Denizli,Çameli,7.0,6.366935289878796,6.0,0.6330647101212037,dengede
Osmaniye,Bahçe,5.0,4.368019332177848,4.0,0.6319806678221518,dengede
Ýstanbul,Esenler,5.0,4.372048501233946,4.0,0.6279514987660537,dengede
Þýrnak,Uludere,5.0,4.396625379220757,4.0,0.6033746207792428,dengede
Tokat,Pazar,6.0,5.3980892264461495,5.0,0.6019107735538505,dengede
Trabzon,Vakfýkebir,5.0,4.401500803161631,4.0,0.598499196838369,dengede
Kocaeli,Baþiskele,6.0,5.429399323274104,5.0,0.5706006767258964,dengede
Erzurum,Horasan,9.0,8.430527902728862,8.0,0.569472097271138,dengede
Artvin,Borçka,4.0,3.4318548348865554,3.0,0.5681451651134446,dengede
Ardahan,Çýldýr,5.0,4.44765976150298,4.0,0.5523402384970204,dengede
Afyonkarahisar,Kýzýlören,2.0,1.454069779764482,1.0,0.5459302202355181,dengede
Osmaniye,Hasanbeyli,3.0,2.4628946004039842,2.0,0.5371053995960158,dengede
Adana,Çukurova,10.0,9.465626122539199,9.0,0.5343738774608013,dengede
Muðla,Marmaris,8.0,7.479934358840691,7.0,0.5200656411593094,dengede
Antalya,Konyaaltý,8.0,7.494583958148369,7.0,0.5054160418516309,dengede
Ardahan,Posof,3.0,2.5016501428242752,3.0,0.4983498571757248,dengede
Ýstanbul,Beyoðlu,5.0,4.506312515210986,5.0,0.4936874847890138,dengede
Ýzmir,Güzelbahçe,5.0,4.5197113092380965,5.0,0.4802886907619035,dengede
Kayseri,Akkýþla,5.0,4.525029509503251,5.0,0.4749704904967489,dengede
Kastamonu,Þenpazar,2.0,1.5377439763353404,2.0,0.46225602366465957,dengede
Samsun,Bafra,13.0,12.543320511759287,13.0,0.456679488240713,dengede
Ankara,Ayaþ,8.0,7.561614048420631,8.0,0.4383859515793693,dengede
Ýzmir,Torbalý,11.0,10.562923343191297,11.0,0.4370766568087028,dengede
Ýzmir,Balçova,5.0,4.570224573306525,5.0,0.42977542669347457,dengede
Samsun,Ayvacýk,4.0,3.577106987324917,4.0,0.42289301267508295,dengede
Adýyaman,Besni,9.0,8.57878018172968,9.0,0.42121981827031973,dengede
Tunceli,Pülümür,2.0,1.5898015020829783,2.0,0.4101984979170217,dengede
Karabük,Eflani,3.0,2.593960587156613,3.0,0.40603941284338685,dengede
Çankýrý,Yapraklý,3.0,2.596840740853222,3.0,0.40315925914677786,dengede
Ýzmir,Bayraklý,6.0,5.600447643900329,6.0,0.39955235609967144,dengede
Ýstanbul,Kadýköy,8.0,7.601960396128538,8.0,0.398039603871462,dengede
Sivas,Gölova,2.0,1.606150535129438,2.0,0.39384946487056194,dengede
Ankara,Kýzýlcahamam,6.0,5.607723434180557,6.0,0.3922765658194427,dengede
Gümüþhane,Torul,4.0,3.608762895647849,4.0,0.3912371043521512,dengede
Uþak,Ulubey,7.0,6.611117143340382,7.0,0.38888285665961764,dengede
Afyonkarahisar,Evciler,4.0,3.6158445859507826,4.0,0.3841554140492174,dengede
Antalya,Muratpaþa,12.0,11.631157022569056,12.0,0.3688429774309441,dengede
Konya,Karapýnar,14.0,13.645019888298236,14.0,0.3549801117017637,dengede
Sakarya,Erenler,7.0,6.6523708902523175,7.0,0.34762910974768246,dengede
Nevþehir,Avanos,8.0,7.65615312100439,8.0,0.34384687899560973,dengede
Trabzon,Dernekpazarý,3.0,2.663070292497818,3.0,0.3369297075021822,dengede
Muðla,Yataðan,9.0,8.666290205417706,9.0,0.333709794582294,dengede
Trabzon,Tonya,4.0,3.6669082673113556,4.0,0.33309173268864445,dengede
Sakarya,Kocaali,5.0,4.669847524828792,5.0,0.33015247517120816,dengede
Bolu,Dörtdivan,3.0,2.670274980065516,3.0,0.3297250199344841,dengede
Bilecik,Osmaneli,6.0,5.674050018098941,6.0,0.3259499819010587,dengede
Ýstanbul,Fatih,7.0,6.681892645895509,7.0,0.318107354104491,dengede
Iðdýr,Aralýk,7.0,6.6821281806855,7.0,0.31787181931450004,dengede
Konya,Selçuklu,15.0,14.682463627927461,15.0,0.3175363720725386,dengede
Zonguldak,Kozlu,5.0,4.684312024367141,5.0,0.31568797563285944,dengede
Rize,Ýkizdere,2.0,1.6901943034780658,2.0,0.30980569652193424,dengede
Erzurum,Tortum,6.0,5.690455787105371,6.0,0.30954421289462886,dengede
Elazýð,Baskil,5.0,4.7023419220437255,5.0,0.2976580779562745,dengede
Ordu,Çamaþ,3.0,2.703896704556254,3.0,0.2961032954437459,dengede
Ýstanbul,Bakýrköy,5.0,4.7186465136304605,5.0,0.2813534863695395,dengede
Çankýrý,Orta,5.0,4.7197877183866686,5.0,0.28021228161333145,dengede
Rize,Çayeli,4.0,3.7215608184813993,4.0,0.2784391815186007,dengede
Tokat,Niksar,9.0,8.726053858185214,9.0,0.27394614181478616,dengede
Adana,Ýmamoðlu,7.0,6.727185223590102,7.0,0.2728147764098976,dengede
Kütahya,Tavþanlý,10.0,9.732120946420272,10.0,0.26787905357972797,dengede
Aydýn,Yenipazar,6.0,5.739642363894406,6.0,0.2603576361055939,dengede
Manisa,Köprübaþý,6.0,5.7418076870119945,6.0,0.2581923129880055,dengede
Bilecik,Bozüyük,7.0,6.743492648460847,7.0,0.2565073515391534,dengede
Denizli,Beyaðaç,4.0,3.7524300222923426,4.0,0.24756997770765743,dengede
Giresun,Çanakçý,2.0,1.7614628723504007,2.0,0.23853712764959933,dengede
Sivas,Gemerek,7.0,6.7649302296976535,7.0,0.23506977030234655,dengede
Artvin,Murgul,3.0,2.7701421925535596,3.0,0.22985780744644035,dengede
Hatay,Yayladaðý,7.0,6.774482746646836,7.0,0.2255172533531642,dengede
Adýyaman,Sincik,4.0,3.774868121505436,4.0,0.22513187849456395,dengede
Sakarya,Sapanca,4.0,3.7935751719882522,4.0,0.20642482801174777,dengede
Çorum,Boðazkale,3.0,2.8069440257897242,3.0,0.19305597421027576,dengede
Afyonkarahisar,Baþmakçý,5.0,4.818876367372433,5.0,0.1811236326275667,dengede
Rize,Ýyidere,3.0,2.824210905169643,3.0,0.17578909483035687,dengede
Kars,Kaðýzman,9.0,8.825404240143481,9.0,0.1745957598565191,dengede
Ýstanbul,Ataþehir,6.0,5.8254110518104065,6.0,0.17458894818959347,dengede
Afyonkarahisar,Bayat,4.0,3.8267274579262525,4.0,0.17327254207374754,dengede
Konya,Seydiþehir,9.0,8.837203597399988,9.0,0.16279640260001216,dengede
Giresun,Alucra,3.0,2.8476738646725024,3.0,0.1523261353274976,dengede
Antalya,Elmalý,9.0,8.851489075497593,9.0,0.148510924502407,dengede
Giresun,Espiye,4.0,3.861585443121345,4.0,0.13841455687865478,dengede
Kocaeli,Darýca,4.0,3.864905334510989,4.0,0.13509466548901106,dengede
Karaman,Baþyayla,2.0,1.8861528268962378,2.0,0.11384717310376224,dengede
Niðde,Çiftlik,5.0,4.890218568558813,5.0,0.10978143144118668,dengede
Burdur,Aðlasun,5.0,4.893848757912303,5.0,0.1061512420876971,dengede
Ordu,Kabadüz,3.0,2.8964414934399154,3.0,0.10355850656008458,dengede
Adana,Ceyhan,12.0,11.899048116651809,12.0,0.10095188334819127,dengede
Bolu,Seben,3.0,2.904520922485034,3.0,0.0954790775149661,dengede
Manisa,Þehzadeler,8.0,7.910540715468602,8.0,0.08945928453139818,dengede
Hakkari,Çukurca,4.0,3.916399185411298,4.0,0.08360081458870194,dengede
Giresun,Keþap,4.0,3.9182357091786004,4.0,0.08176429082139958,dengede
Kastamonu,Ýnebolu,4.0,3.919429717502458,4.0,0.08057028249754206,dengede
Trabzon,Düzköy,4.0,3.9206329650420972,4.0,0.07936703495790276,dengede
Samsun,Salýpazarý,5.0,4.921012399841831,5.0,0.07898760015816908,dengede
Ankara,Akyurt,7.0,6.936445826435494,7.0,0.06355417356450577,dengede
Hatay,Kýrýkhan,8.0,7.940390160134003,8.0,0.059609839865997216,dengede
Aydýn,Köþk,6.0,5.944130305634957,6.0,0.05586969436504319,dengede
Ordu,Mesudiye,4.0,3.9465319690684315,4.0,0.05346803093156849,dengede
Gümüþhane,Kelkit,7.0,6.947587256711625,7.0,0.052412743288375196,dengede
Manisa,Kýrkaðaç,7.0,6.949716780181467,7.0,0.050283219818532565,dengede
Manisa,Soma,8.0,7.9568167317126814,8.0,0.043183268287318555,dengede
Sinop,Gerze,6.0,5.974138105551628,6.0,0.02586189444837217,dengede
Erzincan,Kemah,3.0,2.9834961727634552,3.0,0.016503827236544755,dengede
Sinop,Saraydüzü,1.0,0.9864844210993233,1.0,0.013515578900676672,dengede
Ýstanbul,Çatalca,9.0,8.987321620649904,9.0,0.012678379350095526,dengede
Konya,Halkapýnar,4.0,3.9960691285847454,4.0,0.003930871415254611,dengede
Sivas,Ýmranlý,3.0,3.00251593527172,3.0,-0.0025159352717198935,dengede
Giresun,Eynesil,3.0,3.0033964848094112,3.0,-0.0033964848094112376,dengede
Yozgat,Çekerek,5.0,5.006475773971449,5.0,-0.006475773971448717,dengede
Trabzon,Çarþýbaþý,4.0,4.006882303376164,4.0,-0.006882303376164245,dengede
Adana,Feke,5.0,5.021336028336711,5.0,-0.021336028336711443,dengede
Kýrýkkale,Balýþeyh,4.0,4.027593863348882,4.0,-0.027593863348881698,dengede
Aksaray,Sarýyahþi,3.0,3.029256633935966,3.0,-0.029256633935966114,dengede
Ýstanbul,Sancaktepe,6.0,6.0300880210704175,6.0,-0.030088021070417525,dengede
Zonguldak,Alaplý,4.0,4.040659710218996,4.0,-0.04065971021899628,dengede
Antalya,Akseki,4.0,4.043443154021087,4.0,-0.04344315402108734,dengede
Isparta,Uluborlu,4.0,4.04461070327225,4.0,-0.04461070327224981,dengede
Kýrþehir,Kaman,8.0,8.05539566537854,8.0,-0.05539566537854057,dengede
Düzce,Gölyaka,4.0,4.059572287592276,4.0,-0.059572287592276396,dengede
Ýstanbul,Kaðýthane,6.0,6.063083348802137,6.0,-0.06308334880213717,dengede
Bolu,Yeniçaða,3.0,3.0636916491467687,3.0,-0.06369164914676873,dengede
Kocaeli,Dilovasý,3.0,3.0667099490079446,3.0,-0.06670994900794458,dengede
Trabzon,Of,4.0,4.074903657034584,4.0,-0.07490365703458401,dengede
Ýzmir,Aliaða,6.0,6.076020841094753,6.0,-0.07602084109475271,dengede
Siirt,Eruh,4.0,4.077993033316188,4.0,-0.07799303331618823,dengede
Karaman,Kazýmkarabekir,4.0,4.082347708518348,4.0,-0.08234770851834838,dengede
Kahramanmaraþ,Ekinözü,4.0,4.085160086321097,4.0,-0.08516008632109706,dengede
Antalya,Ýbradý,3.0,3.0941938813924836,3.0,-0.09419388139248364,dengede
Kars,Digor,7.0,7.10678111589899,7.0,-0.10678111589898975,dengede
Giresun,Görele,4.0,4.107321629657289,4.0,-0.10732162965728875,dengede
Balýkesir,Balya,6.0,6.113102060722028,6.0,-0.11310206072202789,dengede
Manisa,Gölmarmara,5.0,5.116378944413104,5.0,-0.11637894441310426,dengede
Ankara,Çamlýdere,4.0,4.121120256090769,4.0,-0.12112025609076937,dengede
Isparta,Atabey,4.0,4.129339068635131,4.0,-0.12933906863513123,dengede
Trabzon,Yomra,4.0,4.138811343498669,4.0,-0.13881134349866908,dengede
Ordu,Ýkizce,3.0,3.1444437990204905,3.0,-0.14444379902049054,dengede
Ýzmir,Urla,7.0,7.148565800451809,7.0,-0.14856580045180934,dengede
Sivas,Doðanþar,1.0,1.1553314393094851,1.0,-0.15533143930948512,dengede
Burdur,Altýnyayla,3.0,3.170672330702876,3.0,-0.1706723307028759,dengede
Adýyaman,Samsat,3.0,3.1850516657468075,3.0,-0.18505166574680754,dengede
Aðrý,Patnos,11.0,11.190009857989557,11.0,-0.1900098579895566,dengede
Nevþehir,Gülþehir,6.0,6.196625103884008,6.0,-0.1966251038840081,dengede
Antalya,Kepez,12.0,12.20702797438197,12.0,-0.20702797438197074,dengede
Yozgat,Saraykent,4.0,4.208164227566874,4.0,-0.2081642275668738,dengede
Tekirdað,Çorlu,8.0,8.221108729053974,8.0,-0.22110872905397372,dengede
Karabük,Ovacýk,1.0,1.2212398268050695,1.0,-0.22123982680506948,dengede
Niðde,Bor,9.0,9.228543646396759,9.0,-0.2285436463967585,dengede
Ýstanbul,Güngören,4.0,4.240977659849175,4.0,-0.2409776598491753,dengede
Bayburt,Demirözü,4.0,4.24449719509642,4.0,-0.24449719509641987,dengede
Trabzon,Beþikdüzü,4.0,4.246461482922441,4.0,-0.24646148292244074,dengede
Bitlis,Adilcevaz,6.0,6.257190945273415,6.0,-0.2571909452734147,dengede
Ýstanbul,Esenyurt,9.0,9.258008558633136,9.0,-0.25800855863313643,dengede
Mardin,Mazýdaðý,5.0,5.25873698002788,5.0,-0.25873698002788004,dengede
Samsun,Havza,7.0,7.262532083251028,7.0,-0.2625320832510276,dengede
Denizli,Çardak,5.0,5.263191534493661,5.0,-0.26319153449366084,dengede
Tekirdað,Ergene,7.0,7.264385110769763,7.0,-0.264385110769763,dengede
Gaziantep,Oðuzeli,8.0,8.270726898663337,8.0,-0.2707268986633373,dengede
Karaman,Ayrancý,6.0,6.273240490008079,6.0,-0.27324049000807893,dengede
Ordu,Gürgentepe,3.0,3.274919090669566,3.0,-0.2749190906695662,dengede
Çanakkale,Bayramiç,8.0,8.27513863815059,8.0,-0.27513863815059025,dengede
Denizli,Serinhisar,6.0,6.275951941134659,6.0,-0.27595194113465915,dengede
Ýstanbul,Adalar,2.0,2.2764464818410577,2.0,-0.2764464818410577,dengede
Gümüþhane,Köse,3.0,3.2827863531484027,3.0,-0.2827863531484027,dengede
Elazýð,Kovancýlar,8.0,8.287190758073013,8.0,-0.2871907580730131,dengede
Kütahya,Aslanapa,3.0,3.2953045477785596,3.0,-0.29530454777855963,dengede
Denizli,Tavas,9.0,9.298145716065594,9.0,-0.29814571606559426,dengede
Nevþehir,Acýgöl,5.0,5.310369165287793,5.0,-0.3103691652877929,dengede
Siirt,Pervari,4.0,4.325755647061929,4.0,-0.3257556470619294,dengede
Ýzmir,Dikili,7.0,7.328483145845264,7.0,-0.32848314584526417,dengede
Ýstanbul,Çekmeköy,5.0,5.328658432158191,5.0,-0.3286584321581909,dengede
Erzurum,Pazaryolu,3.0,3.341990574102733,3.0,-0.3419905741027329,dengede
Sakarya,Karapürçek,3.0,3.3428872737398483,3.0,-0.3428872737398483,dengede
Erzurum,Hýnýs,6.0,6.355339478647156,6.0,-0.3553394786471564,dengede
Batman,Kozluk,7.0,7.357776922515339,7.0,-0.3577769225153391,dengede
Ýzmir,Karþýyaka,7.0,7.3588291648522075,7.0,-0.3588291648522075,dengede
Ýstanbul,Ümraniye,7.0,7.369544102417981,7.0,-0.3695441024179811,dengede
Balýkesir,Savaþtepe,6.0,6.371782693496291,6.0,-0.3717826934962911,dengede
Tunceli,Çemiþgezek,6.0,6.372223796975247,6.0,-0.37222379697524666,dengede
Çanakkale,Ayvacýk,7.0,7.378626921023223,7.0,-0.3786269210232227,dengede
Ýstanbul,Gaziosmanpaþa,5.0,5.387629457969743,5.0,-0.3876294579697426,dengede
Ýstanbul,Þiþli,5.0,5.391316191514257,5.0,-0.3913161915142567,dengede
Bilecik,Gölpazarý,4.0,4.393325601347804,4.0,-0.39332560134780437,dengede
Tokat,Artova,4.0,4.393501178459969,4.0,-0.3935011784599691,dengede
Çankýrý,Kýzýlýrmak,3.0,3.3954925157112195,3.0,-0.39549251571121946,dengede
Kýrýkkale,Yahþihan,5.0,5.4081410603123015,5.0,-0.40814106031230146,dengede
Hatay,Kumlu,4.0,4.4212267576991975,4.0,-0.4212267576991975,dengede
Kayseri,Melikgazi,13.0,13.423848509332924,13.0,-0.42384850933292384,dengede
Kars,Susuz,4.0,4.4376525989859115,4.0,-0.43765259898591147,dengede
Aydýn,Germencik,7.0,7.438152842206848,7.0,-0.4381528422068479,dengede
Giresun,Çamoluk,2.0,2.4433645056404405,2.0,-0.4433645056404405,dengede
Sakarya,Serdivan,6.0,6.44697554752124,6.0,-0.44697554752124,dengede
Düzce,Yýðýlca,2.0,2.4601498990482025,2.0,-0.46014989904820247,dengede
Manisa,Selendi,6.0,6.466413427473399,6.0,-0.4664134274733991,dengede
Malatya,Yazýhan,6.0,6.468698842619585,6.0,-0.4686988426195846,dengede
Mersin,Bozyazý,5.0,5.472205879923122,5.0,-0.4722058799231217,dengede
Ýzmir,Gaziemir,5.0,5.485706624926362,5.0,-0.48570662492636174,dengede
Konya,Akören,5.0,5.486268196576469,5.0,-0.4862681965764688,dengede
Kütahya,Þaphane,3.0,3.4901730688013735,3.0,-0.49017306880137346,dengede
Eskiþehir,Han,2.0,2.4920484099822158,2.0,-0.4920484099822158,dengede
Kýrýkkale,Bahþýlý,4.0,4.493500522000358,4.0,-0.49350052200035766,dengede
Afyonkarahisar,Çay,8.0,8.507406535678806,9.0,-0.5074065356788058,dengede
Bayburt,Aydýntepe,3.0,3.507754761185186,4.0,-0.5077547611851858,dengede
Tokat,Almus,5.0,5.508743211869749,6.0,-0.5087432118697492,dengede
Afyonkarahisar,Çobanlar,4.0,4.517185538340071,5.0,-0.5171855383400707,dengede
Balýkesir,Gönen,10.0,10.517875265788653,11.0,-0.5178752657886534,dengede
Van,Çaldýran,6.0,6.530913119391086,7.0,-0.5309131193910863,dengede
Bingöl,Solhan,5.0,5.532346796337029,6.0,-0.5323467963370287,dengede
Düzce,Cumayeri,3.0,3.5407971912571727,4.0,-0.5407971912571727,dengede
Uþak,Banaz,9.0,9.541582628778201,10.0,-0.5415826287782011,dengede
Kütahya,Domaniç,4.0,4.559420528832366,5.0,-0.5594205288323657,dengede
Þanlýurfa,Harran,6.0,6.563396974156111,7.0,-0.5633969741561113,dengede
Ankara,Etimesgut,11.0,11.574187154615228,12.0,-0.5741871546152275,dengede
Ordu,Korgan,3.0,3.576735949242498,4.0,-0.5767359492424982,dengede
Erzincan,Otlukbeli,1.0,1.5799373030920014,2.0,-0.5799373030920014,dengede
Erzincan,Çayýrlý,4.0,4.586622761674553,5.0,-0.586622761674553,dengede
Afyonkarahisar,Dazkýrý,5.0,5.588406080506884,6.0,-0.5884060805068838,dengede
Bursa,Kestel,7.0,7.597336642045017,8.0,-0.5973366420450166,dengede
Gümüþhane,Kürtün,3.0,3.6012341980458156,4.0,-0.6012341980458156,dengede
Amasya,Göynücek,4.0,4.617521006982642,5.0,-0.617521006982642,dengede
Adýyaman,Gerger,3.0,3.6183834569197,4.0,-0.6183834569197,dengede
Artvin,Kemalpaþa,2.0,2.6203665301397514,3.0,-0.6203665301397514,dengede
Tunceli,Ovacýk,2.0,2.6263840504480696,3.0,-0.6263840504480696,dengede
Konya,Derebucak,3.0,3.631859428918279,4.0,-0.6318594289182791,dengede
Artvin,Arhavi,3.0,3.638199581950118,4.0,-0.6381995819501181,dengede
Konya,Güneysýnýr,5.0,5.647240010846829,6.0,-0.6472400108468293,dengede
Bingöl,Yedisu,1.0,1.6490832964520692,2.0,-0.6490832964520692,dengede
Giresun,Doðankent,2.0,2.6520114513032484,3.0,-0.6520114513032484,dengede
Afyonkarahisar,Ýscehisar,4.0,4.663980922014069,5.0,-0.6639809220140691,dengede
Düzce,Akçakoca,4.0,4.6669050573515705,5.0,-0.6669050573515705,dengede
Ýzmir,Çeþme,5.0,5.667197585246002,6.0,-0.6671975852460017,dengede
Sinop,Boyabat,6.0,6.672113236269647,7.0,-0.6721132362696469,dengede
Sivas,Altýnyayla,4.0,4.6738609245586575,5.0,-0.6738609245586575,dengede
Malatya,Darende,6.0,6.67477026986179,7.0,-0.6747702698617903,dengede
Zonguldak,Kilimli,3.0,3.6846721637483566,4.0,-0.6846721637483566,dengede
Adana,Saimbeyli,4.0,4.689511313843486,5.0,-0.6895113138434859,dengede
Çankýrý,Eldivan,3.0,3.6997716679387302,4.0,-0.6997716679387302,dengede
Malatya,Kale,3.0,3.7029417489966643,4.0,-0.7029417489966643,dengede
Muðla,Datça,5.0,5.709953107747564,6.0,-0.7099531077475643,dengede
Kýrþehir,Çiçekdaðý,5.0,5.714380912148232,6.0,-0.7143809121482319,dengede
Bilecik,Pazaryeri,4.0,4.723804793690589,5.0,-0.7238047936905891,dengede
Erzincan,Kemaliye,2.0,2.724814369731619,3.0,-0.724814369731619,dengede
Diyarbakýr,Lice,6.0,6.734867319495417,7.0,-0.7348673194954172,dengede
Muþ,Korkut,5.0,5.7401676990050206,6.0,-0.7401676990050206,dengede
Bilecik,Söðüt,4.0,4.749132841573353,5.0,-0.7491328415733527,dengede
Yalova,Çiftlikköy,5.0,5.774711220760449,6.0,-0.774711220760449,dengede
Trabzon,Araklý,4.0,4.775018361674837,5.0,-0.775018361674837,dengede
Sakarya,Karasu,6.0,6.777024814433094,7.0,-0.7770248144330942,dengede
Ordu,Kabataþ,2.0,2.7872249863280207,3.0,-0.7872249863280207,dengede
Düzce,Kaynaþlý,3.0,3.795821066643726,4.0,-0.7958210666437262,dengede
Eskiþehir,Sarýcakaya,4.0,4.797310090709368,5.0,-0.7973100907093684,dengede
Bingöl,Genç,4.0,4.797969575639206,5.0,-0.7979695756392058,dengede
Erzincan,Tercan,7.0,7.800908381710827,8.0,-0.8009083817108271,dengede
Kütahya,Pazarlar,3.0,3.8010353770709653,4.0,-0.8010353770709653,dengede
Düzce,Çilimli,3.0,3.806045039995178,4.0,-0.806045039995178,dengede
Ýzmir,Karaburun,3.0,3.821734459749068,4.0,-0.8217344597490679,dengede
Çorum,Oðuzlar,2.0,2.826986957528864,3.0,-0.826986957528864,dengede
Denizli,Baklan,4.0,4.831835480316814,5.0,-0.8318354803168138,dengede
Sinop,Türkeli,3.0,3.8378877221524195,4.0,-0.8378877221524195,dengede
Malatya,Doðanþehir,5.0,5.840760341529601,6.0,-0.8407603415296014,dengede
Erzurum,Palandöken,6.0,6.841102935028659,7.0,-0.8411029350286592,dengede
Aydýn,Bozdoðan,8.0,8.84189645780216,9.0,-0.8418964578021608,dengede
Ordu,Aybastý,3.0,3.848960916827641,4.0,-0.8489609168276409,dengede
Gaziantep,Ýslahiye,6.0,6.852353988313293,7.0,-0.8523539883132933,dengede
Erzurum,Olur,3.0,3.8563238893545075,4.0,-0.8563238893545075,dengede
Sakarya,Adapazarý,9.0,9.85880506387448,10.0,-0.8588050638744793,dengede
Çanakkale,Lapseki,7.0,7.863125884502385,8.0,-0.8631258845023853,dengede
Tokat,Baþçiftlik,2.0,2.8645010627058336,3.0,-0.8645010627058336,dengede
Giresun,Piraziz,3.0,3.866169177039411,4.0,-0.8661691770394109,dengede
Balýkesir,Gömeç,4.0,4.871938422712685,5.0,-0.8719384227126854,dengede
Diyarbakýr,Çermik,9.0,9.872727005782558,10.0,-0.8727270057825578,dengede
Sinop,Duraðan,4.0,4.873425477595804,5.0,-0.8734254775958039,dengede
Rize,Çamlýhemþin,1.0,1.8742005554710062,2.0,-0.8742005554710062,dengede
Burdur,Karamanlý,5.0,5.8751827583830485,6.0,-0.8751827583830485,dengede
Giresun,Þebinkarahisar,5.0,5.878249947904442,6.0,-0.8782499479044423,dengede
Ýstanbul,Bayrampaþa,4.0,4.881239061975586,5.0,-0.8812390619755863,dengede
Bitlis,Hizan,4.0,4.88185988815557,5.0,-0.8818598881555699,dengede
Eskiþehir,Sivrihisar,11.0,11.892872068977553,12.0,-0.8928720689775531,dengede
Ýstanbul,Þile,5.0,5.893541606738975,6.0,-0.8935416067389754,dengede
Erzurum,Köprüköy,5.0,5.894348668958609,6.0,-0.8943486689586093,dengede
Ordu,Ulubey,3.0,3.8961993081348396,4.0,-0.8961993081348396,dengede
Sivas,Yýldýzeli,7.0,7.896888632712503,8.0,-0.8968886327125034,dengede
Burdur,Tefenni,5.0,5.900357399292603,6.0,-0.9003573992926031,dengede
Çorum,Osmancýk,7.0,7.902342763556678,8.0,-0.9023427635566783,dengede
Þýrnak,Beytüþþebap,3.0,3.9048977460084595,4.0,-0.9048977460084595,dengede
Kastamonu,Pýnarbaþý,1.0,1.9115703640977104,2.0,-0.9115703640977104,dengede
Ýzmir,Karabaðlar,7.0,7.921244766896514,8.0,-0.921244766896514,dengede
Rize,Güneysu,2.0,2.927347550395348,3.0,-0.9273475503953481,dengede
Manisa,Ahmetli,5.0,5.931010696782673,6.0,-0.931010696782673,dengede
Kocaeli,Çayýrova,2.0,2.932858847282153,3.0,-0.9328588472821528,dengede
Zonguldak,Devrek,4.0,4.9370309095128055,5.0,-0.9370309095128055,dengede
Elazýð,Aðýn,1.0,1.9404606548260581,2.0,-0.9404606548260581,dengede
Yozgat,Yerköy,8.0,8.968444621366192,9.0,-0.9684446213661921,dengede
Denizli,Çal,6.0,6.9691509526567295,7.0,-0.9691509526567295,dengede
Yalova,Termal,2.0,2.975952199528673,3.0,-0.9759521995286731,dengede
Malatya,Kuluncak,4.0,4.978536260814099,5.0,-0.9785362608140993,dengede
Malatya,Pütürge,4.0,4.980682847076245,5.0,-0.9806828470762454,dengede
Bursa,Mudanya,7.0,7.983791234036008,8.0,-0.9837912340360084,dengede
Samsun,Terme,6.0,6.984414798370311,7.0,-0.9844147983703113,dengede
Aksaray,Aðaçören,3.0,3.9860842289859164,4.0,-0.9860842289859164,dengede
Siirt,Þirvan,4.0,4.987187137963867,5.0,-0.9871871379638666,dengede
Sivas,Divriði,4.0,4.992117080474605,5.0,-0.9921170804746051,dengede
Kýrýkkale,Delice,5.0,6.00311053321904,6.0,-1.00311053321904,dengede
Bartýn,Ulus,4.0,5.006147490534954,5.0,-1.0061474905349543,norm_eksigi
Bursa,Gürsu,5.0,6.007038753996614,6.0,-1.0070387539966141,dengede
Ýzmir,Buca,10.0,11.02122522894566,11.0,-1.02122522894566,dengede
Ankara,Yenimahalle,13.0,14.022389869316571,14.0,-1.0223898693165712,dengede
Kýrýkkale,Keskin,6.0,7.028123083741824,7.0,-1.028123083741824,dengede
Sinop,Erfelek,3.0,4.030086200815591,4.0,-1.0300862008155907,norm_eksigi
Kýrýkkale,Karakeçili,3.0,4.031055836119488,4.0,-1.0310558361194877,norm_eksigi
Eskiþehir,Mihalgazi,2.0,3.0315933834642665,3.0,-1.0315933834642665,norm_eksigi
Ýzmir,Bornova,10.0,11.035101995790246,11.0,-1.0351019957902459,dengede
Mardin,Dargeçit,3.0,4.041464369878915,4.0,-1.0414643698789154,norm_eksigi
Sivas,Hafik,4.0,5.052983680604523,5.0,-1.0529836806045232,norm_eksigi
Yalova,Armutlu,2.0,3.062977882089665,3.0,-1.062977882089665,norm_eksigi
Yalova,Altýnova,4.0,5.070063156337111,5.0,-1.0700631563371106,norm_eksigi
Konya,Ahýrlý,3.0,4.0709608267005635,4.0,-1.0709608267005635,norm_eksigi
Adýyaman,Tut,3.0,4.071849731557822,4.0,-1.0718497315578217,norm_eksigi
Kayseri,Sarýoðlan,5.0,6.072811703954468,6.0,-1.0728117039544678,dengede
Diyarbakýr,Kulp,5.0,6.073061049395683,6.0,-1.0730610493956831,dengede
Sivas,Suþehri,5.0,6.078903415393766,6.0,-1.078903415393766,dengede
Bolu,Gerede,4.0,5.079738038036839,5.0,-1.0797380380368393,norm_eksigi
Çanakkale,Bozcaada,2.0,3.089501980624403,3.0,-1.0895019806244028,norm_eksigi
Malatya,Arguvan,4.0,5.093822570543079,5.0,-1.0938225705430789,norm_eksigi
Bolu,Mengen,3.0,4.101899035065766,4.0,-1.1018990350657658,norm_eksigi
Kastamonu,Bozkurt,2.0,3.104361825509666,3.0,-1.1043618255096659,norm_eksigi
Aydýn,Karacasu,5.0,6.106444834380374,6.0,-1.1064448343803743,dengede
Niðde,Ulukýþla,5.0,6.108352123353476,6.0,-1.1083521233534759,dengede
Kýrþehir,Mucur,7.0,8.110903086328467,8.0,-1.1109030863284666,dengede
Edirne,Süloðlu,3.0,4.118579748477246,4.0,-1.118579748477246,norm_eksigi
Diyarbakýr,Çüngüþ,3.0,4.121697308078495,4.0,-1.1216973080784953,norm_eksigi
Muðla,Dalaman,6.0,7.124071571346983,7.0,-1.1240715713469829,dengede
Sakarya,Akyazý,5.0,6.131229500831428,6.0,-1.1312295008314281,dengede
Mardin,Yeþilli,3.0,4.143859650571834,4.0,-1.1438596505718337,norm_eksigi
Sakarya,Ferizli,3.0,4.150523160540246,4.0,-1.1505231605402457,norm_eksigi
Kayseri,Ýncesu,6.0,7.155183621850795,7.0,-1.155183621850795,dengede
Gaziantep,Araban,5.0,6.155608064373117,6.0,-1.1556080643731166,dengede
Denizli,Kale,5.0,6.1591358741621445,6.0,-1.1591358741621445,dengede
Sakarya,Hendek,5.0,6.163048697390332,6.0,-1.163048697390332,dengede
Konya,Kulu,8.0,9.164968399218356,9.0,-1.1649683992183562,dengede
Ordu,Gülyalý,2.0,3.179881148999466,3.0,-1.179881148999466,norm_eksigi
Manisa,Saruhanlý,6.0,7.18592877018667,7.0,-1.1859287701866696,dengede
Adýyaman,Gölbaþý,7.0,8.187183434348286,8.0,-1.1871834343482863,dengede
Aydýn,Sultanhisar,5.0,6.2028610093528975,6.0,-1.2028610093528975,dengede
Muþ,Hasköy,3.0,4.204101995603751,4.0,-1.204101995603751,norm_eksigi
Samsun,Yakakent,3.0,4.2169287604491705,4.0,-1.2169287604491705,norm_eksigi
Batman,Sason,4.0,5.225863060589643,5.0,-1.225863060589643,norm_eksigi
Manisa,Yunusemre,7.0,8.227578175812273,8.0,-1.2275781758122726,dengede
Bingöl,Karlýova,6.0,7.234980698077029,7.0,-1.2349806980770293,dengede
Trabzon,Arsin,3.0,4.239517827622297,4.0,-1.2395178276222971,norm_eksigi
Ýstanbul,Baþakþehir,7.0,8.247828730093735,8.0,-1.247828730093735,dengede
Þanlýurfa,Bozova,6.0,7.251111342454317,7.0,-1.2511113424543172,dengede
Denizli,Güney,4.0,5.255718870277786,5.0,-1.2557188702777857,norm_eksigi
Ankara,Güdül,4.0,5.256271439735628,5.0,-1.2562714397356283,norm_eksigi
Edirne,Havsa,6.0,7.265283913251106,7.0,-1.265283913251106,dengede
Samsun,Vezirköprü,8.0,9.273324172674533,9.0,-1.273324172674533,dengede
Tekirdað,Þarköy,6.0,7.282816532912898,7.0,-1.2828165329128982,dengede
Kastamonu,Abana,1.0,2.285603561342083,2.0,-1.285603561342083,norm_eksigi
Kütahya,Altýntaþ,5.0,6.292764130650571,6.0,-1.2927641306505713,norm_eksigi
Ankara,Beypazarý,8.0,9.292952724939463,9.0,-1.2929527249394628,dengede
Afyonkarahisar,Dinar,8.0,9.313281874942216,9.0,-1.3132818749422164,dengede
Trabzon,Þalpazarý,2.0,3.316578396138084,3.0,-1.316578396138084,norm_eksigi
Tekirdað,Hayrabolu,7.0,8.331613353579327,8.0,-1.3316133535793266,dengede
Hakkari,Þemdinli,4.0,5.332865371696695,5.0,-1.3328653716966947,norm_eksigi
Balýkesir,Erdek,4.0,5.338293433851667,5.0,-1.3382934338516668,norm_eksigi
Kýrþehir,Akpýnar,2.0,3.33937905893637,3.0,-1.33937905893637,norm_eksigi
Bingöl,Kiðý,1.0,2.3420159160384104,2.0,-1.3420159160384104,norm_eksigi
Hatay,Hassa,5.0,6.34237534002664,6.0,-1.3423753400266403,norm_eksigi
Ankara,Nallýhan,7.0,8.344744384364148,8.0,-1.344744384364148,dengede
Kastamonu,Azdavay,1.0,2.3533146598440524,2.0,-1.3533146598440524,norm_eksigi
Sinop,Ayancýk,3.0,4.354265303861315,4.0,-1.3542653038613146,norm_eksigi
Artvin,Ardanuç,3.0,4.362942999795459,4.0,-1.3629429997954592,norm_eksigi
Zonguldak,Gökçebey,3.0,4.368751761040455,4.0,-1.3687517610404552,norm_eksigi
Ýstanbul,Sultangazi,4.0,5.370184878002356,5.0,-1.3701848780023562,norm_eksigi
Tekirdað,Çerkezköy,5.0,6.370986831635555,6.0,-1.3709868316355553,norm_eksigi
Aksaray,Ortaköy,6.0,7.374119922320012,7.0,-1.3741199223200118,dengede
Amasya,Taþova,6.0,7.377068663152302,7.0,-1.3770686631523024,dengede
Bartýn,Kurucaþile,1.0,2.37712267593208,2.0,-1.37712267593208,norm_eksigi
Eskiþehir,Alpu,6.0,7.378933686449339,7.0,-1.3789336864493391,dengede
Nevþehir,Hacýbektaþ,4.0,5.3863324538201285,5.0,-1.3863324538201285,norm_eksigi
Erzurum,Karaçoban,4.0,5.389062914396211,5.0,-1.3890629143962112,norm_eksigi
Çorum,Ortaköy,3.0,4.393070269556533,4.0,-1.3930702695565333,norm_eksigi
Isparta,Sütçüler,2.0,3.3972658357552534,3.0,-1.3972658357552534,norm_eksigi
Elazýð,Maden,2.0,3.4006668292346407,3.0,-1.4006668292346407,norm_eksigi
Erzurum,Pasinler,7.0,8.401321292350989,8.0,-1.401321292350989,dengede
Diyarbakýr,Silvan,8.0,9.415694174731328,9.0,-1.4156941747313283,dengede
Kayseri,Özvatan,2.0,3.4316902654321604,3.0,-1.4316902654321604,norm_eksigi
Ordu,Kumru,3.0,4.439253163141426,4.0,-1.4392531631414256,norm_eksigi
Rize,Fýndýklý,2.0,3.4622175651057727,3.0,-1.4622175651057727,norm_eksigi
Giresun,Tirebolu,3.0,4.473680662112796,4.0,-1.4736806621127956,norm_eksigi
Denizli,Çivril,10.0,11.481342888786592,11.0,-1.4813428887865925,dengede
Karabük,Safranbolu,5.0,6.491558013659266,6.0,-1.491558013659266,norm_eksigi
Malatya,Arapgir,4.0,5.494557439947144,5.0,-1.494557439947144,norm_eksigi
Bitlis,Mutki,3.0,4.495782512989487,4.0,-1.4957825129894866,norm_eksigi
Afyonkarahisar,Sinanpaþa,6.0,7.4962350382928875,7.0,-1.4962350382928875,dengede
Kayseri,Felahiye,3.0,4.496453174810333,4.0,-1.4964531748103331,norm_eksigi
Bursa,Gemlik,5.0,6.505383501181239,7.0,-1.5053835011812389,norm_eksigi
Gaziantep,Þahinbey,14.0,15.505893621719991,16.0,-1.5058936217199914,dengede
Konya,Derbent,3.0,4.507690669425407,5.0,-1.5076906694254069,norm_eksigi
Adana,Karaisalý,8.0,9.509328345669742,10.0,-1.5093283456697417,dengede
Tekirdað,Saray,6.0,7.513894916809317,8.0,-1.513894916809317,norm_eksigi
Kars,Selim,6.0,7.530026598593798,8.0,-1.530026598593798,norm_eksigi
Tokat,Reþadiye,4.0,5.5332455078573775,6.0,-1.5332455078573775,norm_eksigi
Samsun,Ýlkadým,7.0,8.541526616491995,9.0,-1.5415266164919945,dengede
Ordu,Çaybaþý,2.0,3.5453178818786824,4.0,-1.5453178818786824,norm_eksigi
Erzincan,Üzümlü,4.0,5.559547195232984,6.0,-1.5595471952329838,norm_eksigi
Konya,Tuzlukçu,4.0,5.569265668807532,6.0,-1.5692656688075317,norm_eksigi
Kayseri,Hacýlar,3.0,4.573474471431663,5.0,-1.5734744714316626,norm_eksigi
Balýkesir,Dursunbey,6.0,7.578060768008639,8.0,-1.5780607680086387,norm_eksigi
Kastamonu,Taþköprü,8.0,9.586934550657709,10.0,-1.586934550657709,dengede
Ýstanbul,Sarýyer,6.0,7.595165595951855,8.0,-1.5951655959518547,norm_eksigi
Çanakkale,Gelibolu,7.0,8.598271928655821,9.0,-1.5982719286558211,dengede
Ýzmir,Konak,6.0,7.604443933887271,8.0,-1.6044439338872714,norm_eksigi
Malatya,Doðanyol,2.0,3.624417198011884,4.0,-1.624417198011884,norm_eksigi
Giresun,Güce,1.0,2.6306058843327476,3.0,-1.6306058843327476,norm_eksigi
Erzurum,Narman,4.0,5.6382573246659415,6.0,-1.6382573246659415,norm_eksigi
Uþak,Karahallý,3.0,4.638277604209626,5.0,-1.6382776042096259,norm_eksigi
Balýkesir,Marmara,2.0,3.6414607760387665,4.0,-1.6414607760387665,norm_eksigi
Kastamonu,Çatalzeytin,1.0,2.649986170984963,3.0,-1.6499861709849628,norm_eksigi
Artvin,Hopa,2.0,3.652418629349986,4.0,-1.6524186293499858,norm_eksigi
Tekirdað,Malkara,10.0,11.66720263603332,12.0,-1.6672026360333199,dengede
Aðrý,Tutak,5.0,6.683761183597882,7.0,-1.6837611835978823,norm_eksigi
Sivas,Ulaþ,3.0,4.697668906586301,5.0,-1.6976689065863013,norm_eksigi
Tunceli,Hozat,1.0,2.703831423698674,3.0,-1.703831423698674,norm_eksigi
Tokat,Sulusaray,3.0,4.718217312232815,5.0,-1.7182173122328148,norm_eksigi
Van,Bahçesaray,2.0,3.7259335560115074,4.0,-1.7259335560115074,norm_eksigi
Þanlýurfa,Viranþehir,8.0,9.732689703106187,10.0,-1.7326897031061872,dengede
Çankýrý,Korgun,1.0,2.7327207810190055,3.0,-1.7327207810190055,norm_eksigi
Kýrklareli,Pýnarhisar,5.0,6.73400057082827,7.0,-1.73400057082827,norm_eksigi
Ýstanbul,Küçükçekmece,6.0,7.741694444270471,8.0,-1.741694444270471,norm_eksigi
Yozgat,Boðazlýyan,7.0,8.749300746162998,9.0,-1.749300746162998,dengede
Edirne,Enez,4.0,5.7550827539569855,6.0,-1.7550827539569855,norm_eksigi
Þanlýurfa,Akçakale,9.0,10.804794888258986,11.0,-1.8047948882589857,dengede
Kocaeli,Körfez,4.0,5.805105516163569,6.0,-1.805105516163569,norm_eksigi
Kahramanmaraþ,Türkoðlu,7.0,8.820387011098264,9.0,-1.8203870110982638,norm_eksigi
Manisa,Demirci,6.0,7.821218361293685,8.0,-1.8212183612936848,norm_eksigi
Sivas,Akýncýlar,1.0,2.8234714550448348,3.0,-1.8234714550448348,norm_eksigi
Karabük,Eskipazar,3.0,4.831265569984196,5.0,-1.831265569984196,norm_eksigi
Bursa,Keles,4.0,5.8338342081025365,6.0,-1.8338342081025365,norm_eksigi
Aksaray,Sultanhaný,4.0,5.840704935280796,6.0,-1.8407049352807956,norm_eksigi
Aksaray,Eskil,7.0,8.84122568780008,9.0,-1.8412256878000797,norm_eksigi
Edirne,Lalapaþa,3.0,4.842628589688983,5.0,-1.8426285896889834,norm_eksigi
Yozgat,Yenifakýlý,1.0,2.8450397996321146,3.0,-1.8450397996321146,norm_eksigi
Hatay,Belen,4.0,5.8589524447728545,6.0,-1.8589524447728545,norm_eksigi
Tunceli,Pertek,3.0,4.861298732806581,5.0,-1.8612987328065813,norm_eksigi
Çorum,Dodurga,1.0,2.8678912731144357,3.0,-1.8678912731144357,norm_eksigi
Düzce,Gümüþova,2.0,3.8731519744387994,4.0,-1.8731519744387994,norm_eksigi
Kocaeli,Kartepe,4.0,5.883543284140024,6.0,-1.883543284140024,norm_eksigi
Ordu,Akkuþ,3.0,4.891589937959723,5.0,-1.891589937959723,norm_eksigi
Yalova,Çýnarcýk,3.0,4.896103359446585,5.0,-1.8961033594465846,norm_eksigi
Hatay,Reyhanlý,6.0,7.905748485815874,8.0,-1.9057484858158737,norm_eksigi
Denizli,Bozkurt,4.0,5.909437915791254,6.0,-1.909437915791254,norm_eksigi
Mersin,Aydýncýk,3.0,4.913755041130608,5.0,-1.9137550411306083,norm_eksigi
Ordu,Perþembe,3.0,4.932261169912899,5.0,-1.9322611699128993,norm_eksigi
Aksaray,Güzelyurt,3.0,4.933932549351169,5.0,-1.9339325493511694,norm_eksigi
Ankara,Elmadað,5.0,6.935785656843522,7.0,-1.9357856568435219,norm_eksigi
Erzurum,Ýspir,4.0,5.943639562652532,6.0,-1.9436395626525318,norm_eksigi
Mardin,Savur,6.0,7.944714276425938,8.0,-1.9447142764259384,norm_eksigi
Burdur,Yeþilova,5.0,6.955487789014352,7.0,-1.9554877890143523,norm_eksigi
Rize,Kalkandere,1.0,2.9559398093285543,3.0,-1.9559398093285543,norm_eksigi
Elazýð,Arýcak,2.0,3.974814980291086,4.0,-1.974814980291086,norm_eksigi
Aydýn,Buharkent,3.0,4.980953291855114,5.0,-1.9809532918551138,norm_eksigi
Samsun,Alaçam,5.0,6.992964081287514,7.0,-1.9929640812875142,norm_eksigi
Mardin,Nusaybin,6.0,7.9969395117330695,8.0,-1.9969395117330695,norm_eksigi
Ýstanbul,Beykoz,5.0,6.997591576071275,7.0,-1.997591576071275,norm_eksigi
Trabzon,Sürmene,2.0,3.999773429327521,4.0,-1.999773429327521,norm_eksigi
Manisa,Gördes,5.0,7.00944033324402,7.0,-2.0094403332440196,norm_eksigi
Erzurum,Uzundere,2.0,4.015936596371246,4.0,-2.0159365963712457,norm_eksigi
Manisa,Sarýgöl,5.0,7.043352275290409,7.0,-2.0433522752904087,norm_eksigi
Giresun,Yaðlýdere,1.0,3.056028646175622,3.0,-2.056028646175622,norm_eksigi
Trabzon,Hayrat,1.0,3.066667229382371,3.0,-2.066667229382371,norm_eksigi
Nevþehir,Ürgüp,5.0,7.066740369819485,7.0,-2.0667403698194846,norm_eksigi
Kütahya,Emet,4.0,6.081681014462035,6.0,-2.081681014462035,norm_eksigi
Eskiþehir,Mahmudiye,5.0,7.098367279022414,7.0,-2.0983672790224137,norm_eksigi
Edirne,Ýpsala,5.0,7.118979209033817,7.0,-2.1189792090338173,norm_eksigi
Çanakkale,Gökçeada,3.0,5.134154837262347,5.0,-2.134154837262347,norm_eksigi
Denizli,Buldan,5.0,7.134684015833895,7.0,-2.134684015833895,norm_eksigi
Kayseri,Talas,5.0,7.1362773194929465,7.0,-2.1362773194929465,norm_eksigi
Sakarya,Arifiye,2.0,4.141203025106234,4.0,-2.1412030251062344,norm_eksigi
Kocaeli,Derince,3.0,5.143500919289455,5.0,-2.1435009192894547,norm_eksigi
Erzurum,Þenkaya,4.0,6.157417991040998,6.0,-2.1574179910409983,norm_eksigi
Eskiþehir,Seyitgazi,6.0,8.165611937700165,8.0,-2.165611937700165,norm_eksigi
Tunceli,Mazgirt,1.0,3.189425505147948,3.0,-2.189425505147948,norm_eksigi
Hakkari,Derecik,3.0,5.196966913295119,5.0,-2.1969669132951193,norm_eksigi
Tekirdað,Kapaklý,4.0,6.197234527380839,6.0,-2.1972345273808394,norm_eksigi
Denizli,Bekilli,2.0,4.20715376867935,4.0,-2.2071537686793503,norm_eksigi
Eskiþehir,Ýnönü,3.0,5.2196279673690045,5.0,-2.2196279673690045,norm_eksigi
Eskiþehir,Çifteler,6.0,8.252922738481814,8.0,-2.2529227384818142,norm_eksigi
Malatya,Hekimhan,3.0,5.256922773748506,5.0,-2.2569227737485056,norm_eksigi
Konya,Taþkent,1.0,3.2581183335215615,3.0,-2.2581183335215615,norm_eksigi
Trabzon,Çaykara,1.0,3.261363663308965,3.0,-2.261363663308965,norm_eksigi
Çorum,Ýskilip,5.0,7.2788907197521615,7.0,-2.2788907197521615,norm_eksigi
Ankara,Evren,1.0,3.2851425068828495,3.0,-2.2851425068828495,norm_eksigi
Balýkesir,Manyas,6.0,8.298151166928726,8.0,-2.298151166928726,norm_eksigi
Adana,Aladað,3.0,5.311226646093748,5.0,-2.311226646093748,norm_eksigi
Nevþehir,Kozaklý,4.0,6.3138497500487025,6.0,-2.3138497500487025,norm_eksigi
Karaman,Sarýveliler,1.0,3.3430110263246484,3.0,-2.3430110263246484,norm_eksigi
Eskiþehir,Günyüzü,3.0,5.344181880050661,5.0,-2.3441818800506606,norm_eksigi
Konya,Hüyük,4.0,6.3525412674439075,6.0,-2.3525412674439075,norm_eksigi
Antalya,Gündoðmuþ,1.0,3.353662458683101,3.0,-2.353662458683101,norm_eksigi
Bursa,Büyükorhan,3.0,5.355631935901016,5.0,-2.355631935901016,norm_eksigi
Kütahya,Hisarcýk,2.0,4.366990053720916,4.0,-2.366990053720916,norm_eksigi
Ýstanbul,Baðcýlar,6.0,8.368631637285715,8.0,-2.3686316372857146,norm_eksigi
Muðla,Kavaklýdere,3.0,5.386960904208535,5.0,-2.386960904208535,norm_eksigi
Çankýrý,Kurþunlu,2.0,4.393122620978103,4.0,-2.3931226209781027,norm_eksigi
Aðrý,Eleþkirt,7.0,9.407621611922208,9.0,-2.407621611922208,norm_eksigi
Tekirdað,Muratlý,4.0,6.409845772177761,6.0,-2.4098457721777606,norm_eksigi
Kýrýkkale,Sulakyurt,2.0,4.410917000709067,4.0,-2.410917000709067,norm_eksigi
Kayseri,Pýnarbaþý,8.0,10.42606975638493,10.0,-2.42606975638493,norm_eksigi
Þýrnak,Güçlükonak,2.0,4.435118634531304,4.0,-2.435118634531304,norm_eksigi
Kütahya,Simav,8.0,10.51866911515625,11.0,-2.51866911515625,norm_eksigi
Afyonkarahisar,Ýhsaniye,6.0,8.523457271557108,9.0,-2.523457271557108,norm_eksigi
Kahramanmaraþ,Afþin,6.0,8.53009908662896,9.0,-2.53009908662896,norm_eksigi
Yozgat,Sorgun,7.0,9.533694702593948,10.0,-2.533694702593948,norm_eksigi
Ýzmir,Selçuk,4.0,6.538325734346153,7.0,-2.538325734346153,norm_eksigi
Bursa,Orhaneli,4.0,6.550989047096999,7.0,-2.5509890470969987,norm_eksigi
Çanakkale,Eceabat,3.0,5.58312329322332,6.0,-2.58312329322332,norm_eksigi
Niðde,Altunhisar,3.0,5.590644123005664,6.0,-2.5906441230056636,norm_eksigi
Trabzon,Maçka,2.0,4.603872412692983,5.0,-2.603872412692983,norm_eksigi
Ankara,Pursaklar,4.0,6.609047458235522,7.0,-2.609047458235522,norm_eksigi
Þýrnak,Ýdil,8.0,10.61058947937698,11.0,-2.61058947937698,norm_eksigi
Mardin,Derik,8.0,10.640550270822587,11.0,-2.6405502708225868,norm_eksigi
Muþ,Bulanýk,7.0,9.643468954515171,10.0,-2.6434689545151713,norm_eksigi
Aksaray,Gülaðaç,3.0,5.652486136114807,6.0,-2.652486136114807,norm_eksigi
Sakarya,Geyve,3.0,5.65378054816401,6.0,-2.6537805481640104,norm_eksigi
Ankara,Þereflikoçhisar,6.0,8.656804596735839,9.0,-2.6568045967358387,norm_eksigi
Kütahya,Gediz,5.0,7.661189956781859,8.0,-2.6611899567818593,norm_eksigi
Konya,Bozkýr,4.0,6.672210818607401,7.0,-2.672210818607401,norm_eksigi
Çankýrý,Atkaracalar,1.0,3.6805197751223284,4.0,-2.6805197751223284,norm_eksigi
Isparta,Senirkent,2.0,4.690037849301021,5.0,-2.690037849301021,norm_eksigi
Çorum,Bayat,3.0,5.701220962990449,6.0,-2.7012209629904493,norm_eksigi
Bursa,Harmancýk,2.0,4.703360365558481,5.0,-2.7033603655584812,norm_eksigi
Isparta,Gelendost,3.0,5.733101852948389,6.0,-2.733101852948389,norm_eksigi
Adana,Karataþ,5.0,7.741726669533918,8.0,-2.741726669533918,norm_eksigi
Sivas,Þarkýþla,6.0,8.743164445803995,9.0,-2.7431644458039948,norm_eksigi
Rize,Pazar,1.0,3.744926353177612,4.0,-2.744926353177612,norm_eksigi
Van,Çatak,3.0,5.74659315235276,6.0,-2.7465931523527596,norm_eksigi
Ankara,Altýndað,8.0,10.793233027586492,11.0,-2.793233027586492,norm_eksigi
Ýstanbul,Bahçelievler,4.0,6.823336296218116,7.0,-2.823336296218116,norm_eksigi
Erzurum,Oltu,3.0,5.82422453494363,6.0,-2.82422453494363,norm_eksigi
Hakkari,Yüksekova,6.0,8.837241848426881,9.0,-2.8372418484268813,norm_eksigi
Yozgat,Çayýralan,2.0,4.842793304669901,5.0,-2.842793304669901,norm_eksigi
Sivas,Koyulhisar,1.0,3.8590958790660514,4.0,-2.8590958790660514,norm_eksigi
Çankýrý,Ilgaz,2.0,4.859973877432142,5.0,-2.859973877432142,norm_eksigi
Erzurum,Çat,3.0,5.861369776180949,6.0,-2.8613697761809487,norm_eksigi
Ýstanbul,Pendik,6.0,8.864383384875643,9.0,-2.8643833848756426,norm_eksigi
Ýstanbul,Beylikdüzü,4.0,6.870563660433573,7.0,-2.8705636604335734,norm_eksigi
Kahramanmaraþ,Andýrýn,4.0,6.879094022770525,7.0,-2.8790940227705253,norm_eksigi
Karabük,Yenice,1.0,3.88606239734651,4.0,-2.88606239734651,norm_eksigi
Sivas,Gürün,4.0,6.897545095966785,7.0,-2.897545095966785,norm_eksigi
Erzincan,Ýliç,1.0,3.915366306029446,4.0,-2.915366306029446,norm_eksigi
Çorum,Kargý,3.0,5.948884429612781,6.0,-2.9488844296127814,norm_eksigi
Yozgat,Çandýr,1.0,3.9683161418600235,4.0,-2.9683161418600235,norm_eksigi
Adana,Tufanbeyli,3.0,5.977129309021824,6.0,-2.977129309021824,norm_eksigi
Kýrklareli,Babaeski,6.0,9.056887487026422,9.0,-3.0568874870264224,norm_eksigi
Sakarya,Pamukova,2.0,5.094361435266402,5.0,-3.0943614352664017,norm_eksigi
Kayseri,Yeþilhisar,3.0,6.0986767199850105,6.0,-3.0986767199850105,norm_eksigi
Rize,Ardeþen,1.0,4.100702625032298,4.0,-3.100702625032298,norm_eksigi
Kars,Sarýkamýþ,6.0,9.11115550559703,9.0,-3.1111555055970292,norm_eksigi
Karaman,Ermenek,5.0,8.111577647708634,8.0,-3.111577647708634,norm_eksigi
Kocaeli,Gölcük,3.0,6.127413703957951,6.0,-3.1274137039579513,norm_eksigi
Kocaeli,Karamürsel,3.0,6.139487628651881,6.0,-3.1394876286518807,norm_eksigi
Kocaeli,Gebze,5.0,8.182563473082633,8.0,-3.1825634730826327,norm_eksigi
Çorum,Alaca,5.0,8.182782619422447,8.0,-3.182782619422447,norm_eksigi
Siirt,Baykan,2.0,5.1954680367608495,5.0,-3.1954680367608495,norm_eksigi
Ýstanbul,Eyüpsultan,5.0,8.200953259525726,8.0,-3.2009532595257255,norm_eksigi
Çorum,Uðurludað,1.0,4.201455836950769,4.0,-3.2014558369507693,norm_eksigi
Niðde,Çamardý,2.0,5.216915563260396,5.0,-3.216915563260396,norm_eksigi
Yozgat,Aydýncýk,1.0,4.240710020182338,4.0,-3.2407100201823376,norm_eksigi
Burdur,Çavdýr,3.0,6.250706387851832,6.0,-3.2507063878518316,norm_eksigi
Giresun,Dereli,1.0,4.251834149067314,4.0,-3.2518341490673137,norm_eksigi
Konya,Hadim,1.0,4.288790331517916,4.0,-3.288790331517916,norm_eksigi
Çankýrý,Þabanözü,2.0,5.320174588161728,5.0,-3.320174588161728,norm_eksigi
Diyarbakýr,Bismil,7.0,10.375792562124506,10.0,-3.3757925621245057,norm_eksigi
Adana,Yumurtalýk,3.0,6.396865638139907,6.0,-3.396865638139907,norm_eksigi
Konya,Doðanhisar,2.0,5.478850117211326,5.0,-3.4788501172113264,norm_eksigi
Bursa,Orhangazi,4.0,7.492711009110316,7.0,-3.492711009110316,norm_eksigi
Batman,Gercüþ,4.0,7.58778668720065,8.0,-3.5877866872006496,norm_eksigi
Gümüþhane,Þiran,2.0,5.618448238762755,6.0,-3.6184482387627552,norm_eksigi
Konya,Kadýnhaný,8.0,11.619457026970737,12.0,-3.6194570269707373,norm_eksigi
Edirne,Meriç,2.0,5.623800270278686,6.0,-3.623800270278686,norm_eksigi
Edirne,Uzunköprü,6.0,9.62621271816134,10.0,-3.626212718161341,norm_eksigi
Bursa,Ýznik,3.0,6.642568357723053,7.0,-3.6425683577230528,norm_eksigi
Hatay,Altýnözü,3.0,6.675032919729641,7.0,-3.6750329197296407,norm_eksigi
Ankara,Bala,6.0,9.796570113478616,10.0,-3.796570113478616,norm_eksigi
Konya,Çeltik,2.0,5.84341264658328,6.0,-3.84341264658328,norm_eksigi
Ankara,Mamak,8.0,11.876385584698706,12.0,-3.8763855846987063,norm_eksigi
Aðrý,Diyadin,4.0,7.877130314326683,8.0,-3.877130314326683,norm_eksigi
Konya,Sarayönü,8.0,11.924535860574586,12.0,-3.9245358605745864,norm_eksigi
Çankýrý,Çerkeþ,3.0,6.935102931315381,7.0,-3.935102931315381,norm_eksigi
Kastamonu,Tosya,2.0,6.04519834859467,6.0,-4.04519834859467,norm_eksigi
Çorum,Sungurlu,6.0,10.091592724593404,10.0,-4.091592724593404,norm_eksigi
Ýstanbul,Silivri,6.0,10.098292989456485,10.0,-4.0982929894564855,norm_eksigi
Ankara,Keçiören,9.0,13.118414206523891,13.0,-4.118414206523891,norm_eksigi
Edirne,Keþan,7.0,11.150571782643844,11.0,-4.150571782643844,norm_eksigi
Eskiþehir,Mihalýççýk,3.0,7.150789577924367,7.0,-4.150789577924367,norm_eksigi
Ankara,Kalecik,4.0,8.204122755722413,8.0,-4.204122755722413,norm_eksigi
Muðla,Bodrum,6.0,10.284928990216155,10.0,-4.284928990216155,norm_eksigi
Eskiþehir,Beylikova,5.0,9.452503234572074,9.0,-4.452503234572074,norm_eksigi
Erzurum,Aþkale,2.0,6.453367452474283,6.0,-4.453367452474283,norm_eksigi
Ýstanbul,Arnavutköy,4.0,8.453989221453899,8.0,-4.453989221453899,norm_eksigi
Konya,Altýnekin,4.0,8.49802714319533,8.0,-4.49802714319533,norm_eksigi
Erzurum,Tekman,4.0,8.58220884584027,9.0,-4.58220884584027,norm_eksigi
Þanlýurfa,Ceylanpýnar,7.0,11.729445338627105,12.0,-4.729445338627105,norm_eksigi
Ankara,Kahramankazan,8.0,12.740250222943056,13.0,-4.740250222943056,norm_eksigi
Sivas,Zara,1.0,5.808503325944384,6.0,-4.808503325944384,norm_eksigi
Yozgat,Akdaðmadeni,3.0,7.82535407776861,8.0,-4.82535407776861,norm_eksigi
Muþ,Malazgirt,4.0,8.930569467774362,9.0,-4.930569467774362,norm_eksigi
Erzurum,Karayazý,5.0,9.931590475879087,10.0,-4.931590475879087,norm_eksigi
Ýzmir,Kýnýk,8.0,14.066619135755683,14.0,-6.066619135755683,norm_eksigi
Konya,Cihanbeyli,8.0,14.214332072726993,14.0,-6.214332072726993,norm_eksigi
Konya,Emirgazi,4.0,10.69897572385004,11.0,-6.69897572385004,norm_eksigi
Yozgat,Sarýkaya,2.0,8.985793426534006,9.0,-6.985793426534006,norm_eksigi
Sivas,Kangal,2.0,9.162502767333482,9.0,-7.162502767333482,norm_eksigi
Ankara,Polatlý,13.0,20.420785283673954,20.0,-7.420785283673954,norm_eksigi
Konya,Yunak,4.0,11.966692841660706,12.0,-7.966692841660706,norm_eksigi
Ankara,Çankaya,14.0,23.542796182482487,24.0,-9.542796182482487,norm_eksigi
Antalya,Aksu,10.0,22.641215196898916,23.0,-12.641215196898916,norm_eksigi
Bingöl,Adaklý,,3.472064409204345,3.0,,belirsiz
Trabzon,Köprübaþý,,2.5119119388499436,3.0,,belirsiz
Yozgat,Kadýþehri,,4.562939184487766,5.0,,belirsiz
