il_adi,ilce_adi,ziraat_muhendisi,ziraat_tahmini_norm,ziraat_tahmini_norm_yuvarlak,ziraat_norm_farki,ziraat_durumu
Mersin,Akdeniz,44.0,11.324163854722393,11.0,32.67583614527761,norm_fazlasi
Mersin,Erdemli,43.0,11.688910715154234,12.0,31.311089284845764,norm_fazlasi
Antalya,Aksu,37.0,10.634698359617813,11.0,26.365301640382185,norm_fazlasi
Adana,Yüreðir,43.0,16.938863425090997,17.0,26.061136574909003,norm_fazlasi
Diyarbakýr,Sur,33.0,11.559831695120538,12.0,21.440168304879464,norm_fazlasi
Antalya,Serik,35.0,13.731586215038998,14.0,21.268413784961,norm_fazlasi
Antalya,Kepez,37.0,15.790324011056693,16.0,21.209675988943307,norm_fazlasi
Samsun,Çarþamba,32.0,11.680060685929472,12.0,20.319939314070528,norm_fazlasi
Diyarbakýr,Yeniþehir,31.0,10.698055766484199,11.0,20.3019442335158,norm_fazlasi
Antalya,Alanya,34.0,13.871264457686443,14.0,20.128735542313557,norm_fazlasi
Ankara,Gölbaþý,35.0,14.986501110579175,15.0,20.013498889420823,norm_fazlasi
Osmaniye,Kadirli,32.0,12.249037681082735,12.0,19.750962318917267,norm_fazlasi
Mardin,Kýzýltepe,31.0,12.22421781425044,12.0,18.77578218574956,norm_fazlasi
Kahramanmaraþ,Dulkadiroðlu,30.0,12.1498258680849,12.0,17.8501741319151,norm_fazlasi
Ordu,Altýnordu,28.0,10.543171149249924,11.0,17.456828850750078,norm_fazlasi
Manisa,Salihli,32.0,14.610416689310679,15.0,17.38958331068932,norm_fazlasi
Þanlýurfa,Karaköprü,29.0,11.793032642560926,12.0,17.206967357439076,norm_fazlasi
Adana,Kozan,31.0,14.048593652085643,14.0,16.951406347914357,norm_fazlasi
Muðla,Seydikemer,31.0,14.204997674945812,14.0,16.795002325054188,norm_fazlasi
Mersin,Tarsus,34.0,18.247421324870004,18.0,15.752578675129996,norm_fazlasi
Mersin,Toroslar,26.0,11.361256072162561,11.0,14.638743927837439,norm_fazlasi
Þanlýurfa,Haliliye,29.0,14.54195000876932,15.0,14.45804999123068,norm_fazlasi
Antalya,Kumluca,23.0,8.717245225198905,9.0,14.282754774801095,norm_fazlasi
Van,Ýpekyolu,27.0,12.885571520392768,13.0,14.114428479607232,norm_fazlasi
Diyarbakýr,Kayapýnar,25.0,11.000169147211203,11.0,13.999830852788797,norm_fazlasi
Samsun,Atakum,24.0,10.360226771144514,10.0,13.639773228855486,norm_fazlasi
Mersin,Silifke,27.0,13.644403218909407,14.0,13.355596781090593,norm_fazlasi
Mersin,Mezitli,23.0,9.645390197028307,10.0,13.354609802971693,norm_fazlasi
Antalya,Gazipaþa,23.0,9.861339607644362,10.0,13.138660392355638,norm_fazlasi
Konya,Meram,31.0,17.919569281063318,18.0,13.080430718936682,norm_fazlasi
Diyarbakýr,Baðlar,25.0,11.973157465191594,12.0,13.026842534808406,norm_fazlasi
Konya,Karatay,33.0,20.23183334476406,20.0,12.768166655235941,norm_fazlasi
Antalya,Manavgat,30.0,17.283651057567923,17.0,12.716348942432077,norm_fazlasi
Diyarbakýr,Bismil,25.0,12.344939583650826,12.0,12.655060416349174,norm_fazlasi
Ýzmir,Kemalpaþa,23.0,10.426670577313324,10.0,12.573329422686676,norm_fazlasi
Aydýn,Efeler,29.0,16.769080372142675,17.0,12.230919627857325,norm_fazlasi
Þanlýurfa,Eyyübiye,25.0,12.870192329604318,13.0,12.129807670395682,norm_fazlasi
Konya,Selçuklu,30.0,18.05154657874489,18.0,11.94845342125511,norm_fazlasi
Kahramanmaraþ,Onikiþubat,26.0,14.149821745634775,14.0,11.850178254365225,norm_fazlasi
Amasya,Merzifon,24.0,12.384530380195912,12.0,11.615469619804088,norm_fazlasi
Malatya,Battalgazi,25.0,13.486746136538684,13.0,11.513253863461316,norm_fazlasi
Samsun,Canik,20.0,8.667201862645356,9.0,11.332798137354644,norm_fazlasi
Van,Tuþba,21.0,10.112182263835223,10.0,10.887817736164777,norm_fazlasi
Konya,Beyþehir,23.0,12.121986145874,12.0,10.878013854126,norm_fazlasi
Bursa,Mudanya,22.0,11.185904264988324,11.0,10.814095735011676,norm_fazlasi
Samsun,Bafra,26.0,15.288290993492982,15.0,10.711709006507018,norm_fazlasi
Diyarbakýr,Çýnar,22.0,11.441115564576279,11.0,10.558884435423721,norm_fazlasi
Ýzmir,Ödemiþ,25.0,14.488339992612161,14.0,10.511660007387839,norm_fazlasi
Antalya,Korkuteli,24.0,13.81036546771325,14.0,10.18963453228675,norm_fazlasi
Ordu,Fatsa,19.0,8.968723048013526,9.0,10.031276951986474,norm_fazlasi
Ýzmir,Menemen,23.0,13.004057481076645,13.0,9.995942518923355,norm_fazlasi
Muðla,Fethiye,25.0,15.148779329956103,15.0,9.851220670043897,norm_fazlasi
Manisa,Akhisar,24.0,14.16975362277335,14.0,9.83024637722665,norm_fazlasi
Ankara,Ayaþ,20.0,10.364508352040996,10.0,9.635491647959004,norm_fazlasi
Antalya,Finike,17.0,7.603307477779986,8.0,9.396692522220015,norm_fazlasi
Mardin,Artuklu,20.0,10.745173293820528,11.0,9.254826706179472,norm_fazlasi
Trabzon,Akçaabat,18.0,8.814238518977119,9.0,9.185761481022881,norm_fazlasi
Hatay,Erzin,18.0,8.842110080296473,9.0,9.157889919703527,norm_fazlasi
Erzurum,Palandöken,18.0,8.872008022036395,9.0,9.127991977963605,norm_fazlasi
Kahramanmaraþ,Pazarcýk,19.0,9.940861495674723,10.0,9.059138504325277,norm_fazlasi
Kayseri,Kocasinan,26.0,17.033823645672918,17.0,8.966176354327082,norm_fazlasi
Samsun,Tekkeköy,18.0,9.15138244294019,9.0,8.84861755705981,norm_fazlasi
Isparta,Eðirdir,17.0,8.263355370232205,8.0,8.736644629767795,norm_fazlasi
Adýyaman,Kahta,20.0,11.328613548286288,11.0,8.671386451713712,norm_fazlasi
Aydýn,Söke,22.0,13.440358105853575,13.0,8.559641894146425,norm_fazlasi
Adana,Seyhan,28.0,19.786510131350447,20.0,8.213489868649553,norm_fazlasi
Konya,Akþehir,20.0,11.788307619985655,12.0,8.211692380014345,norm_fazlasi
Ordu,Ünye,17.0,8.881105097128415,9.0,8.118894902871585,norm_fazlasi
Kahramanmaraþ,Elbistan,21.0,12.911279526456589,13.0,8.088720473543411,norm_fazlasi
Ýzmir,Çiðli,17.0,8.94810318154752,9.0,8.05189681845248,norm_fazlasi
Konya,Çumra,23.0,15.061770593929278,15.0,7.938229406070722,norm_fazlasi
Hatay,Dörtyol,17.0,9.081471685599892,9.0,7.918528314400108,norm_fazlasi
Malatya,Yeþilyurt,21.0,13.159018549596393,13.0,7.840981450403607,norm_fazlasi
Manisa,Turgutlu,20.0,12.31965292235742,12.0,7.68034707764258,norm_fazlasi
Þýrnak,Cizre,17.0,9.415170435441425,9.0,7.584829564558575,norm_fazlasi
Diyarbakýr,Eðil,14.0,6.572409212988375,7.0,7.427590787011625,norm_fazlasi
Çanakkale,Biga,22.0,14.57868937407088,15.0,7.42131062592912,norm_fazlasi
Ankara,Pursaklar,17.0,9.619250487585727,10.0,7.380749512414273,norm_fazlasi
Adana,Sarýçam,21.0,13.651118758938779,14.0,7.348881241061221,norm_fazlasi
Ankara,Yenimahalle,25.0,17.682800989720775,18.0,7.317199010279225,norm_fazlasi
Antalya,Demre,14.0,6.693403655708083,7.0,7.306596344291917,norm_fazlasi
Muðla,Ortaca,17.0,9.703635810454037,10.0,7.296364189545963,norm_fazlasi
Trabzon,Ortahisar,18.0,10.759021306795576,11.0,7.240978693204424,norm_fazlasi
Ýstanbul,Büyükçekmece,16.0,8.79580995872395,9.0,7.20419004127605,norm_fazlasi
Balýkesir,Bandýrma,20.0,12.919817547257994,13.0,7.080182452742006,norm_fazlasi
Ýzmir,Tire,19.0,11.943370277506888,12.0,7.056629722493112,norm_fazlasi
Mersin,Anamur,16.0,8.967181642536243,9.0,7.032818357463757,norm_fazlasi
Diyarbakýr,Ergani,19.0,11.970941921716744,12.0,7.029058078283256,norm_fazlasi
Mardin,Nusaybin,17.0,10.143547146642174,10.0,6.856452853357826,norm_fazlasi
Ankara,Kahramankazan,21.0,14.210066201174115,14.0,6.789933798825885,norm_fazlasi
Ýstanbul,Silivri,20.0,13.261488652691803,13.0,6.738511347308197,norm_fazlasi
Ankara,Sincan,25.0,18.297886457489895,18.0,6.702113542510105,norm_fazlasi
Gaziantep,Þahinbey,25.0,18.348332826374854,18.0,6.651667173625146,norm_fazlasi
Balýkesir,Altýeylül,21.0,14.391227276147603,14.0,6.608772723852397,norm_fazlasi
Mersin,Bozyazý,15.0,8.419524510211076,8.0,6.580475489788924,norm_fazlasi
Ýstanbul,Baþakþehir,18.0,11.570064785474731,12.0,6.429935214525269,norm_fazlasi
Adana,Ýmamoðlu,16.0,9.574950625129995,10.0,6.425049374870005,norm_fazlasi
Ýzmir,Aliaða,15.0,8.591900170595745,9.0,6.4080998294042555,norm_fazlasi
Ankara,Akyurt,16.0,9.62213390731532,10.0,6.37786609268468,norm_fazlasi
Samsun,Kavak,14.0,7.677472946038828,8.0,6.322527053961172,norm_fazlasi
Ýzmir,Menderes,18.0,11.752199455663778,12.0,6.247800544336222,norm_fazlasi
Adana,Ceyhan,21.0,14.875559363210392,15.0,6.124440636789608,norm_fazlasi
Ýstanbul,Çatalca,17.0,10.924561675360163,11.0,6.075438324639837,norm_fazlasi
Tekirdað,Süleymanpaþa,21.0,14.9618837673368,15.0,6.038116232663199,norm_fazlasi
Bursa,Mustafakemalpaþa,20.0,13.9757421124541,14.0,6.0242578875459,norm_fazlasi
Balýkesir,Edremit,16.0,10.016770770306584,10.0,5.983229229693416,norm_fazlasi
Giresun,Bulancak,14.0,8.049202728744417,8.0,5.950797271255583,norm_fazlasi
Antalya,Elmalý,17.0,11.052030822370295,11.0,5.947969177629705,norm_fazlasi
Bitlis,Tatvan,14.0,8.069087292315276,8.0,5.930912707684724,norm_fazlasi
Tokat,Erbaa,18.0,12.09810003152747,12.0,5.901899968472531,norm_fazlasi
Erzurum,Yakutiye,17.0,11.121500053600586,11.0,5.878499946399414,norm_fazlasi
Antalya,Kaþ,15.0,9.174960735227115,9.0,5.825039264772885,norm_fazlasi
Gaziantep,Oðuzeli,16.0,10.263613681034133,10.0,5.736386318965867,norm_fazlasi
Siirt,Kurtalan,14.0,8.47499643130626,8.0,5.525003568693741,norm_fazlasi
Aydýn,Didim,16.0,10.663571565857904,11.0,5.336428434142096,norm_fazlasi
Samsun,Ýlkadým,17.0,11.719432269954616,12.0,5.280567730045384,norm_fazlasi
Muðla,Menteþe,18.0,12.812256275007627,13.0,5.187743724992373,norm_fazlasi
Gaziantep,Þehitkamil,23.0,17.862374522962096,18.0,5.137625477037904,norm_fazlasi
Van,Edremit,14.0,8.870350997341216,9.0,5.129649002658784,norm_fazlasi
Þanlýurfa,Hilvan,16.0,10.918932628512966,11.0,5.081067371487034,norm_fazlasi
Ankara,Etimesgut,20.0,15.009899829718435,15.0,4.990100170281565,norm_fazlasi
Çanakkale,Lapseki,16.0,11.033651367864884,11.0,4.966348632135116,norm_fazlasi
Denizli,Sarayköy,14.0,9.038044251870629,9.0,4.9619557481293715,norm_fazlasi
Mardin,Derik,16.0,11.039102518390411,11.0,4.960897481609589,norm_fazlasi
Batman,Beþiri,13.0,8.03956200174897,8.0,4.960437998251029,norm_fazlasi
Gaziantep,Nizip,17.0,12.058183487868803,12.0,4.941816512131197,norm_fazlasi
Aydýn,Nazilli,18.0,13.100890578113475,13.0,4.899109421886525,norm_fazlasi
Þanlýurfa,Bozova,15.0,10.128159470464697,10.0,4.871840529535303,norm_fazlasi
Aydýn,Sultanhisar,14.0,9.152070242202306,9.0,4.847929757797694,norm_fazlasi
Ýzmir,Gaziemir,13.0,8.241176666433596,8.0,4.758823333566404,norm_fazlasi
Ýzmir,Seferihisar,14.0,9.25574959290443,9.0,4.744250407095571,norm_fazlasi
Ýzmir,Balçova,12.0,7.261233584634631,7.0,4.738766415365369,norm_fazlasi
Eskiþehir,Tepebaþý,22.0,17.39987982096982,17.0,4.600120179030181,norm_fazlasi
Van,Gevaþ,12.0,7.405205270325364,7.0,4.594794729674636,norm_fazlasi
Konya,Seydiþehir,16.0,11.409246395453287,11.0,4.5907536045467126,norm_fazlasi
Mersin,Yeniþehir,15.0,10.417087470747633,10.0,4.582912529252367,norm_fazlasi
Hatay,Ýskenderun,14.0,9.46554407558182,9.0,4.534455924418181,norm_fazlasi
Kahramanmaraþ,Göksun,14.0,9.559613105394051,10.0,4.440386894605949,norm_fazlasi
Antalya,Konyaaltý,15.0,10.56943251948758,11.0,4.430567480512421,norm_fazlasi
Antalya,Döþemealtý,16.0,11.593159870609272,12.0,4.406840129390728,norm_fazlasi
Malatya,Akçadað,14.0,9.642020810926049,10.0,4.357979189073951,norm_fazlasi
Trabzon,Yomra,11.0,6.642218874024358,7.0,4.357781125975642,norm_fazlasi
Mardin,Mazýdaðý,12.0,7.654699182130809,8.0,4.345300817869191,norm_fazlasi
Aydýn,Kuþadasý,14.0,9.657671175167316,10.0,4.342328824832684,norm_fazlasi
Konya,Ereðli,22.0,17.66393260630854,18.0,4.3360673936914615,norm_fazlasi
Diyarbakýr,Kocaköy,11.0,6.701083954042847,7.0,4.298916045957153,norm_fazlasi
Ankara,Çubuk,16.0,11.799647174705477,12.0,4.200352825294523,norm_fazlasi
Bursa,Kestel,15.0,10.831642769448568,11.0,4.1683572305514325,norm_fazlasi
Tokat,Turhal,16.0,11.840011697913376,12.0,4.159988302086624,norm_fazlasi
Bursa,Osmangazi,26.0,21.91988287762731,22.0,4.080117122372691,dengede
Mersin,Mut,15.0,10.954933385835648,11.0,4.045066614164352,norm_fazlasi
Kilis,Elbeyli,8.0,3.974786881253353,4.0,4.025213118746647,norm_fazlasi
Ýzmir,Urla,14.0,9.978099536887306,10.0,4.021900463112694,norm_fazlasi
Batman,Hasankeyf,9.0,4.984228569082513,5.0,4.015771430917487,norm_fazlasi
Iðdýr,Tuzluca,12.0,7.985820447045967,8.0,4.014179552954033,norm_fazlasi
Van,Saray,10.0,6.044593942671031,6.0,3.955406057328969,norm_fazlasi
Ýzmir,Torbalý,17.0,13.056321927483085,13.0,3.9436780725169154,norm_fazlasi
Amasya,Suluova,14.0,10.121360651275396,10.0,3.8786393487246045,norm_fazlasi
Diyarbakýr,Silvan,15.0,11.123089548254942,11.0,3.876910451745058,norm_fazlasi
Balýkesir,Gönen,17.0,13.1400967083393,13.0,3.8599032916607,norm_fazlasi
Aydýn,Ýncirliova,14.0,10.190643351576085,10.0,3.8093566484239147,norm_fazlasi
Ýzmir,Güzelbahçe,11.0,7.197355568906988,7.0,3.802644431093012,norm_fazlasi
Bitlis,Ahlat,12.0,8.199101829375547,8.0,3.8008981706244533,norm_fazlasi
Þanlýurfa,Harran,13.0,9.214160320661952,9.0,3.785839679338048,norm_fazlasi
Siirt,Tillo,8.0,4.247389634157214,4.0,3.752610365842786,norm_fazlasi
Ýzmir,Bornova,18.0,14.296017452642316,14.0,3.7039825473576844,norm_fazlasi
Þanlýurfa,Halfeti,11.0,7.311063105168973,7.0,3.688936894831027,norm_fazlasi
Trabzon,Araklý,11.0,7.326637858293779,7.0,3.673362141706221,norm_fazlasi
Ankara,Polatlý,24.0,20.34774361180874,20.0,3.6522563881912617,dengede
Düzce,Akçakoca,11.0,7.356281522888908,7.0,3.6437184771110918,norm_fazlasi
Þýrnak,Silopi,12.0,8.375605449171921,8.0,3.624394550828079,norm_fazlasi
Adana,Karataþ,14.0,10.397882703945218,10.0,3.6021172960547823,norm_fazlasi
Konya,Kadýnhaný,17.0,13.417509093425274,13.0,3.5824909065747264,norm_fazlasi
Adýyaman,Besni,15.0,11.446828719466676,11.0,3.5531712805333235,norm_fazlasi
Erzurum,Aziziye,13.0,9.452212612644278,9.0,3.547787387355722,norm_fazlasi
Trabzon,Sürmene,10.0,6.464879278514675,6.0,3.535120721485325,norm_fazlasi
Þanlýurfa,Siverek,21.0,17.470421043759348,17.0,3.529578956240652,norm_fazlasi
Osmaniye,Sumbas,10.0,6.493631632260373,6.0,3.5063683677396273,norm_fazlasi
Balýkesir,Burhaniye,13.0,9.571140935035583,10.0,3.428859064964417,norm_fazlasi
Adana,Pozantý,10.0,6.574669909226241,7.0,3.425330090773759,norm_fazlasi
Konya,Sarayönü,17.0,13.578205662851962,14.0,3.4217943371480377,norm_fazlasi
Ýzmir,Bayraklý,12.0,8.647243495756225,9.0,3.352756504243775,norm_fazlasi
Kýrýkkale,Çelebi,6.0,2.697772190540314,3.0,3.302227809459686,norm_fazlasi
Konya,Altýnekin,14.0,10.71893313870341,11.0,3.2810668612965905,norm_fazlasi
Batman,Kozluk,12.0,8.75646118206555,9.0,3.24353881793445,norm_fazlasi
Tokat,Zile,15.0,11.797191142387355,12.0,3.202808857612645,norm_fazlasi
Burdur,Bucak,16.0,12.822458980984884,13.0,3.1775410190151163,norm_fazlasi
Denizli,Merkezefendi,16.0,12.86332224896104,13.0,3.1366777510389596,norm_fazlasi
Aydýn,Koçarlý,13.0,9.867035777246691,10.0,3.1329642227533085,norm_fazlasi
Ýzmir,Foça,12.0,8.955395283852772,9.0,3.0446047161472283,norm_fazlasi
Malatya,Yazýhan,12.0,8.99288781706382,9.0,3.0071121829361793,norm_fazlasi
Sivas,Gürün,12.0,9.03021268063096,9.0,2.96978731936904,norm_fazlasi
Bursa,Nilüfer,20.0,17.055262161896827,17.0,2.9447378381031726,dengede
Sivas,Ulaþ,10.0,7.058739041949521,7.0,2.9412609580504787,norm_fazlasi
Giresun,Tirebolu,10.0,7.094905044644262,7.0,2.9050949553557377,norm_fazlasi
Tokat,Pazar,11.0,8.108253990271065,8.0,2.8917460097289354,norm_fazlasi
Diyarbakýr,Hazro,10.0,7.118202490014054,7.0,2.8817975099859456,norm_fazlasi
Þanlýurfa,Birecik,13.0,10.172330918660524,10.0,2.827669081339476,norm_fazlasi
Nevþehir,Ürgüp,13.0,10.192328554991034,10.0,2.8076714450089657,norm_fazlasi
Ýstanbul,Çekmeköy,11.0,8.2003924585371,8.0,2.7996075414628994,norm_fazlasi
Ankara,Çankaya,30.0,27.268548992041577,27.0,2.731451007958423,dengede
Van,Gürpýnar,12.0,9.330096274441505,9.0,2.6699037255584948,norm_fazlasi
Isparta,Keçiborlu,11.0,8.349618454713488,8.0,2.6503815452865123,norm_fazlasi
Diyarbakýr,Hani,10.0,7.385291534396281,7.0,2.6147084656037194,norm_fazlasi
Samsun,Terme,12.0,9.456476303930486,9.0,2.5435236960695136,norm_fazlasi
Kocaeli,Kandýra,12.0,9.47826821455747,9.0,2.5217317854425296,norm_fazlasi
Balýkesir,Bigadiç,14.0,11.49173038486846,11.0,2.5082696151315407,norm_fazlasi
Ýstanbul,Tuzla,12.0,9.500574555524896,10.0,2.4994254444751043,norm_fazlasi
Muðla,Marmaris,13.0,10.537532244496141,11.0,2.4624677555038588,norm_fazlasi
Diyarbakýr,Dicle,10.0,7.543027437393809,8.0,2.4569725626061913,norm_fazlasi
Mardin,Dargeçit,9.0,6.544800324157699,7.0,2.4551996758423007,norm_fazlasi
Ordu,Perþembe,10.0,7.636572140638606,8.0,2.363427859361394,norm_fazlasi
Giresun,Görele,9.0,6.679311291492439,7.0,2.3206887085075607,norm_fazlasi
Trabzon,Of,9.0,6.697654931324099,7.0,2.3023450686759013,norm_fazlasi
Bursa,Ýznik,12.0,9.71297216935874,10.0,2.287027830641261,norm_fazlasi
Kilis,Polateli,5.0,2.739298940355842,3.0,2.260701059644158,norm_fazlasi
Kahramanmaraþ,Türkoðlu,14.0,11.831294634831933,12.0,2.1687053651680674,dengede
Kýrþehir,Akçakent,4.0,1.831339953953865,2.0,2.168660046046135,norm_fazlasi
Þanlýurfa,Viranþehir,14.0,11.83259854283287,12.0,2.1674014571671307,dengede
Þanlýurfa,Suruç,12.0,9.842092953091015,10.0,2.157907046908985,norm_fazlasi
Diyarbakýr,Kulp,10.0,7.849558310465038,8.0,2.1504416895349623,norm_fazlasi
Trabzon,Arsin,9.0,6.85620282128731,7.0,2.14379717871269,norm_fazlasi
Manisa,Þehzadeler,13.0,10.8599239851006,11.0,2.1400760148993996,dengede
Mardin,Ömerli,9.0,6.892897160699066,7.0,2.107102839300934,norm_fazlasi
Manisa,Saruhanlý,12.0,9.934972688454174,10.0,2.065027311545826,norm_fazlasi
Kýrþehir,Boztepe,9.0,6.966346611247615,7.0,2.033653388752385,norm_fazlasi
Þýrnak,Ýdil,13.0,10.99572225319963,11.0,2.004277746800369,dengede
Eskiþehir,Odunpazarý,18.0,16.002936899699478,16.0,1.9970631003005224,dengede
Aydýn,Kuyucak,12.0,10.052858480992452,10.0,1.9471415190075483,dengede
Artvin,Arhavi,8.0,6.138970481163442,6.0,1.861029518836558,norm_fazlasi
Sinop,Saraydüzü,5.0,3.157836598161584,3.0,1.842163401838416,norm_fazlasi
Kocaeli,Karamürsel,11.0,9.191816093189425,9.0,1.8081839068105747,dengede
Adana,Karaisalý,13.0,11.330977711819791,11.0,1.6690222881802086,dengede
Kayseri,Bünyan,12.0,10.347024046277088,10.0,1.6529759537229118,dengede
Giresun,Keþap,8.0,6.426699110425972,6.0,1.5733008895740284,norm_fazlasi
Çanakkale,Bayramiç,13.0,11.443418534091489,11.0,1.5565814659085113,dengede
Hatay,Antakya,17.0,15.515352123069391,16.0,1.4846478769306088,dengede
Ýzmir,Karþýyaka,12.0,10.523182979574493,11.0,1.476817020425507,dengede
Balýkesir,Karesi,14.0,12.566231904992113,13.0,1.4337680950078866,dengede
Balýkesir,Gömeç,9.0,7.632046325190292,8.0,1.3679536748097076,dengede
Kocaeli,Körfez,10.0,8.63608073533412,9.0,1.3639192646658795,dengede
Zonguldak,Alaplý,8.0,6.6498159236143195,7.0,1.3501840763856805,norm_fazlasi
Ýzmir,Bergama,15.0,13.779442268402022,14.0,1.220557731597978,dengede
Kýrklareli,Kofçaz,2.0,0.8119950688231174,1.0,1.1880049311768826,norm_fazlasi
Batman,Gercüþ,9.0,7.817913902077938,8.0,1.1820860979220624,dengede
Gaziantep,Karkamýþ,8.0,6.823047933585527,7.0,1.176952066414473,dengede
Samsun,Yakakent,8.0,6.828231248371845,7.0,1.1717687516281554,dengede
Nevþehir,Gülþehir,10.0,8.846509343241449,9.0,1.1534906567585512,dengede
Afyonkarahisar,Kýzýlören,5.0,3.8469319689616714,4.0,1.1530680310383286,norm_fazlasi
Kilis,Musabeyli,4.0,2.850598572412405,3.0,1.1494014275875948,norm_fazlasi
Ýstanbul,Beþiktaþ,9.0,7.886024356224073,8.0,1.1139756437759267,dengede
Kayseri,Tomarza,10.0,8.904172273883496,9.0,1.0958277261165037,dengede
Çankýrý,Bayramören,1.0,0.0,0.0,1.0,belirsiz
Denizli,Honaz,11.0,10.017303578049953,10.0,0.9826964219500471,dengede
Ankara,Keçiören,18.0,17.058638505637134,17.0,0.9413614943628659,dengede
Denizli,Çivril,14.0,13.06662075530091,13.0,0.9333792446990898,dengede
Bursa,Gürsu,10.0,9.096872370337293,9.0,0.9031276296627073,dengede
Ankara,Beypazarý,13.0,12.111191149113672,12.0,0.8888088508863277,dengede
Isparta,Þarkikaraaðaç,10.0,9.115266102171983,9.0,0.884733897828017,dengede
Antalya,Kemer,9.0,8.119193210615222,8.0,0.8808067893847777,dengede
Ýzmir,Konak,13.0,12.12093616573695,12.0,0.8790638342630501,dengede
Isparta,Gönen,8.0,7.141014966385903,7.0,0.858985033614097,dengede
Aydýn,Germencik,11.0,10.15031323392217,10.0,0.8496867660778307,dengede
Siirt,Þirvan,7.0,6.150408071618726,6.0,0.8495919283812743,dengede
Niðde,Bor,12.0,11.15113620307714,11.0,0.8488637969228598,dengede
Ýzmir,Bayýndýr,12.0,11.156063104951507,11.0,0.8439368950484933,dengede
Amasya,Taþova,11.0,10.157341126109142,10.0,0.8426588738908585,dengede
Konya,Akören,9.0,8.16299145194458,8.0,0.8370085480554206,dengede
Bitlis,Adilcevaz,9.0,8.18950064686464,8.0,0.8104993531353593,dengede
Mersin,Çamlýyayla,7.0,6.190285189706078,6.0,0.8097148102939222,dengede
Balýkesir,Havran,9.0,8.191994885938833,8.0,0.8080051140611673,dengede
Edirne,Keþan,14.0,13.219089184984348,13.0,0.7809108150156518,dengede
Gaziantep,Nurdaðý,10.0,9.244105709965448,9.0,0.7558942900345524,dengede
Van,Çatak,8.0,7.247581721253115,7.0,0.7524182787468847,dengede
Iðdýr,Karakoyunlu,7.0,6.256195841493865,6.0,0.7438041585061352,dengede
Rize,Çayeli,7.0,6.269212791423559,6.0,0.7307872085764409,dengede
Ýzmir,Narlýdere,6.0,5.270559760996774,5.0,0.7294402390032264,dengede
Elazýð,Baskil,8.0,7.305060333092577,7.0,0.6949396669074233,dengede
Denizli,Acýpayam,13.0,12.318480672333044,12.0,0.6815193276669564,dengede
Kýrklareli,Babaeski,12.0,11.334061234385445,11.0,0.6659387656145555,dengede
Yozgat,Akdaðmadeni,11.0,10.337384385528432,10.0,0.6626156144715676,dengede
Ordu,Ulubey,7.0,6.343297633696292,6.0,0.6567023663037084,dengede
Giresun,Espiye,7.0,6.345032795312431,6.0,0.6549672046875692,dengede
Muðla,Dalaman,11.0,10.372559359833733,10.0,0.6274406401662667,dengede
Malatya,Kale,7.0,6.3859080668079145,6.0,0.6140919331920855,dengede
Gaziantep,Yavuzeli,8.0,7.388031121361665,7.0,0.6119688786383346,dengede
Ýstanbul,Pendik,13.0,12.397795847467977,12.0,0.602204152532023,dengede
Çanakkale,Ayvacýk,11.0,10.424502542532537,10.0,0.5754974574674634,dengede
Adýyaman,Çelikhan,7.0,6.448045990106023,6.0,0.5519540098939766,dengede
Siirt,Pervari,7.0,6.471293010178696,6.0,0.5287069898213037,dengede
Hatay,Payas,6.0,5.481982344487493,5.0,0.5180176555125069,dengede
Çanakkale,Gelibolu,12.0,11.482030130995742,11.0,0.5179698690042578,dengede
Tokat,Niksar,12.0,11.52074034005111,12.0,0.4792596599488892,dengede
Diyarbakýr,Çermik,11.0,10.524233629305305,11.0,0.47576637069469463,dengede
Ordu,Ýkizce,6.0,5.537436528777753,6.0,0.4625634712222473,dengede
Batman,Sason,7.0,6.583892164499128,7.0,0.41610783550087227,dengede
Kütahya,Tavþanlý,13.0,12.604408413749985,13.0,0.3955915862500152,dengede
Iðdýr,Aralýk,8.0,7.614257000084518,8.0,0.38574299991548244,dengede
Tunceli,Pertek,7.0,6.616084227127729,7.0,0.3839157728722711,dengede
Ýstanbul,Þile,9.0,8.625190020935275,9.0,0.37480997906472524,dengede
Ýstanbul,Sarýyer,11.0,10.627940439799481,11.0,0.372059560200519,dengede
Karaman,Kazýmkarabekir,7.0,6.637290416322454,7.0,0.362709583677546,dengede
Kýrklareli,Lüleburgaz,17.0,16.64851795860553,17.0,0.35148204139446904,dengede
Ýstanbul,Adalar,5.0,4.652156864614702,5.0,0.34784313538529776,dengede
Ýstanbul,Avcýlar,10.0,9.656694839379414,10.0,0.34330516062058614,dengede
Muþ,Bulanýk,10.0,9.659635959035695,10.0,0.34036404096430495,dengede
Erzurum,Tortum,8.0,7.6628757402307075,8.0,0.3371242597692925,dengede
Tunceli,Pülümür,4.0,3.695188214080198,4.0,0.30481178591980207,dengede
Ankara,Çamlýdere,7.0,6.698338188297756,7.0,0.30166181170224426,dengede
Ankara,Haymana,14.0,13.709122485562052,14.0,0.2908775144379483,dengede
Mardin,Yeþilli,7.0,6.7203184375683405,7.0,0.27968156243165954,dengede
Hatay,Arsuz,11.0,10.722532390306583,11.0,0.2774676096934172,dengede
Muþ,Malazgirt,10.0,9.727840199406492,10.0,0.2721598005935082,dengede
Aydýn,Karpuzlu,9.0,8.747472753175659,9.0,0.25252724682434113,dengede
Çanakkale,Yenice,11.0,10.750382161611862,11.0,0.24961783838813822,dengede
Kýrþehir,Akpýnar,6.0,5.759968113416562,6.0,0.24003188658343788,dengede
Adýyaman,Samsat,6.0,5.773999598255402,6.0,0.22600040174459757,dengede
Ýstanbul,Sultanbeyli,8.0,7.801070524200739,8.0,0.198929475799261,dengede
Hatay,Kýrýkhan,11.0,10.810858423359129,11.0,0.18914157664087128,dengede
Adana,Çukurova,13.0,12.819839629209445,13.0,0.18016037079055458,dengede
Kayseri,Yeþilhisar,9.0,8.829324703705064,9.0,0.17067529629493627,dengede
Çanakkale,Ezine,11.0,10.833079283232141,11.0,0.16692071676785858,dengede
Kýrþehir,Çiçekdaðý,8.0,7.844899902938722,8.0,0.15510009706127814,dengede
Ankara,Altýndað,14.0,13.88903632238882,14.0,0.11096367761117953,dengede
Ýzmir,Kiraz,10.0,9.89321928733217,10.0,0.10678071266782929,dengede
Isparta,Atabey,7.0,6.906407937870792,7.0,0.09359206212920768,dengede
Bursa,Ýnegöl,15.0,14.91692993665152,15.0,0.08307006334847955,dengede
Trabzon,Beþikdüzü,7.0,6.919825430075294,7.0,0.08017456992470606,dengede
Muþ,Korkut,7.0,6.941209090262581,7.0,0.05879090973741885,dengede
Erzurum,Pasinler,9.0,8.943038642675218,9.0,0.05696135732478247,dengede
Samsun,Ayvacýk,6.0,5.94556154110594,6.0,0.05443845889405985,dengede
Tekirdað,Muratlý,9.0,8.97680994282882,9.0,0.02319005717117939,dengede
Manisa,Ahmetli,9.0,8.984041060815422,9.0,0.01595893918457847,dengede
Samsun,Asarcýk,7.0,6.999423428196511,7.0,0.0005765718034886902,dengede
Artvin,Hopa,6.0,6.005335594921424,6.0,-0.00533559492142377,dengede
Kars,Arpaçay,6.0,6.020071217445958,6.0,-0.020071217445957856,dengede
Osmaniye,Düziçi,10.0,10.041517831806296,10.0,-0.041517831806295646,dengede
Manisa,Soma,11.0,11.043153093694515,11.0,-0.043153093694515476,dengede
Bursa,Yeniþehir,12.0,12.05905649688453,12.0,-0.05905649688452996,dengede
Kahramanmaraþ,Afþin,11.0,11.0737119408404,11.0,-0.07371194084040056,dengede
Ýstanbul,Bahçelievler,11.0,11.080221108527137,11.0,-0.08022110852713737,dengede
Van,Erciþ,10.0,10.084793494929226,10.0,-0.08479349492922594,dengede
Ordu,Çatalpýnar,5.0,5.110227539310751,5.0,-0.1102275393107508,dengede
Denizli,Pamukkale,15.0,15.12327638880828,15.0,-0.1232763888082804,dengede
Bitlis,Mutki,6.0,6.1255311090420355,6.0,-0.12553110904203546,dengede
Osmaniye,Bahçe,7.0,7.131567360455341,7.0,-0.13156736045534068,dengede
Ýstanbul,Bakýrköy,8.0,8.14631679591963,8.0,-0.14631679591962943,dengede
Giresun,Alucra,5.0,5.149794895888813,5.0,-0.1497948958888129,dengede
Van,Baþkale,7.0,7.1541239613268495,7.0,-0.15412396132684947,dengede
Eskiþehir,Ýnönü,8.0,8.162754003651505,8.0,-0.16275400365150539,dengede
Kocaeli,Gebze,11.0,11.190353377852297,11.0,-0.190353377852297,dengede
Tekirdað,Hayrabolu,11.0,11.190470859103872,11.0,-0.19047085910387196,dengede
Balýkesir,Erdek,8.0,8.19442876241744,8.0,-0.19442876241743967,dengede
Denizli,Çameli,9.0,9.207229539663295,9.0,-0.20722953966329527,dengede
Bursa,Karacabey,14.0,14.213346533003136,14.0,-0.21334653300313633,dengede
Muðla,Milas,19.0,19.222999880989228,19.0,-0.22299988098922796,dengede
Muþ,Hasköy,6.0,6.225991467989705,6.0,-0.22599146798970526,dengede
Ardahan,Hanak,5.0,5.241809439116411,5.0,-0.24180943911641073,dengede
Hatay,Hassa,9.0,9.242867727946106,9.0,-0.24286772794610556,dengede
Kars,Akyaka,5.0,5.246688365144293,5.0,-0.24668836514429326,dengede
Ýstanbul,Kartal,10.0,10.272453098437527,10.0,-0.2724530984375271,dengede
Amasya,Hamamözü,4.0,4.277836819558873,4.0,-0.27783681955887296,dengede
Manisa,Kula,11.0,11.296405195636487,11.0,-0.2964051956364866,dengede
Muðla,Köyceðiz,10.0,10.32715442248828,10.0,-0.3271544224882792,dengede
Eskiþehir,Alpu,10.0,10.342964343110756,10.0,-0.3429643431107561,dengede
Kütahya,Dumlupýnar,3.0,3.3718331232863905,3.0,-0.3718331232863905,dengede
Manisa,Yunusemre,11.0,11.374619134023213,11.0,-0.374619134023213,dengede
Bilecik,Ýnhisar,2.0,2.3884125950353914,2.0,-0.3884125950353914,dengede
Sivas,Ýmranlý,5.0,5.405860169053583,5.0,-0.40586016905358324,dengede
Kýrýkkale,Balýþeyh,6.0,6.408168808356143,6.0,-0.4081688083561428,dengede
Mardin,Savur,9.0,9.413512427855972,9.0,-0.41351242785597186,dengede
Adana,Yumurtalýk,9.0,9.415796762767878,9.0,-0.4157967627678776,dengede
Sivas,Hafik,7.0,7.420297158806945,7.0,-0.42029715880694507,dengede
Bursa,Gemlik,9.0,9.422230892129019,9.0,-0.42223089212901854,dengede
Ýstanbul,Güngören,7.0,7.422445914398735,7.0,-0.42244591439873513,dengede
Sakarya,Kocaali,7.0,7.42707784437857,7.0,-0.4270778443785703,dengede
Ýzmir,Buca,14.0,14.432013267007115,14.0,-0.4320132670071146,dengede
Karabük,Safranbolu,9.0,9.433311067989573,9.0,-0.43331106798957286,dengede
Rize,Hemþin,3.0,3.4373103840078363,3.0,-0.4373103840078363,dengede
Çorum,Mecitözü,8.0,8.457921566906796,8.0,-0.457921566906796,dengede
Ýstanbul,Maltepe,10.0,10.458110547525067,10.0,-0.45811054752506664,dengede
Tunceli,Mazgirt,5.0,5.464995007940785,5.0,-0.46499500794078497,dengede
Giresun,Piraziz,6.0,6.479775717376779,6.0,-0.4797757173767794,dengede
Muþ,Varto,7.0,7.511309005698154,8.0,-0.5113090056981537,dengede
Yalova,Termal,5.0,5.532386802932872,6.0,-0.532386802932872,dengede
Ýzmir,Çeþme,8.0,8.532973825339266,9.0,-0.5329738253392655,dengede
Sakarya,Erenler,9.0,9.543895544143414,10.0,-0.5438955441434139,dengede
Denizli,Babadað,5.0,5.5496455777760225,6.0,-0.5496455777760225,dengede
Kütahya,Aslanapa,5.0,5.557013563316433,6.0,-0.557013563316433,dengede
Amasya,Gümüþhacýköy,9.0,9.567289642022676,10.0,-0.5672896420226756,dengede
Adýyaman,Tut,6.0,6.570550662545708,7.0,-0.570550662545708,dengede
Ardahan,Çýldýr,5.0,5.5758843302347945,6.0,-0.5758843302347945,dengede
Kastamonu,Hanönü,4.0,4.58784813503728,5.0,-0.5878481350372802,dengede
Hatay,Defne,9.0,9.594179742346393,10.0,-0.5941797423463928,dengede
Mersin,Gülnar,7.0,7.604223096290218,8.0,-0.6042230962902178,dengede
Ýstanbul,Ataþehir,9.0,9.615769929034851,10.0,-0.6157699290348511,dengede
Malatya,Doðanþehir,8.0,8.619069606019442,9.0,-0.6190696060194423,dengede
Samsun,Salýpazarý,7.0,7.6207977690919115,8.0,-0.6207977690919115,dengede
Samsun,Alaçam,9.0,9.623495796367845,10.0,-0.6234957963678447,dengede
Isparta,Yeniþarbademli,4.0,4.623806586766838,5.0,-0.6238065867668379,dengede
Adana,Aladað,7.0,7.6392376591448325,8.0,-0.6392376591448325,dengede
Sakarya,Adapazarý,12.0,12.667423680889309,13.0,-0.6674236808893088,dengede
Kastamonu,Abana,4.0,4.6907931415525725,5.0,-0.6907931415525725,dengede
Sakarya,Akyazý,8.0,8.691531527156299,9.0,-0.6915315271562985,dengede
Kayseri,Ýncesu,9.0,9.694269142889027,10.0,-0.6942691428890271,dengede
Bilecik,Bozüyük,9.0,9.700598502754561,10.0,-0.7005985027545609,dengede
Ordu,Gülyalý,5.0,5.706628408862433,6.0,-0.706628408862433,dengede
Aydýn,Köþk,8.0,8.709702847200264,9.0,-0.7097028472002638,dengede
Erzurum,Pazaryolu,5.0,5.712142045940242,6.0,-0.7121420459402419,dengede
Nevþehir,Derinkuyu,7.0,7.713146803948961,8.0,-0.7131468039489608,dengede
Ordu,Korgan,5.0,5.716575010287126,6.0,-0.7165750102871256,dengede
Ankara,Güdül,7.0,7.728164752844576,8.0,-0.7281647528445756,dengede
Artvin,Borçka,5.0,5.731056962131271,6.0,-0.7310569621312712,dengede
Kocaeli,Derince,7.0,7.752360151061062,8.0,-0.7523601510610618,dengede
Manisa,Sarýgöl,9.0,9.762878979937847,10.0,-0.762878979937847,dengede
Rize,Ardeþen,6.0,6.773609279711378,7.0,-0.773609279711378,dengede
Muðla,Datça,8.0,8.796958929216231,9.0,-0.7969589292162311,dengede
Bitlis,Hizan,6.0,6.819035857915509,7.0,-0.8190358579155088,dengede
Düzce,Yýðýlca,4.0,4.833505113309734,5.0,-0.8335051133097338,dengede
Rize,Derepazarý,4.0,4.838543806588829,5.0,-0.8385438065888291,dengede
Ýstanbul,Beyoðlu,7.0,7.847852119452841,8.0,-0.847852119452841,dengede
Isparta,Aksu,4.0,4.859494156063797,5.0,-0.8594941560637972,dengede
Sakarya,Hendek,8.0,8.87083876927545,9.0,-0.8708387692754496,dengede
Zonguldak,Çaycuma,9.0,9.872344820484779,10.0,-0.8723448204847788,dengede
Bartýn,Kurucaþile,4.0,4.88116593836024,5.0,-0.8811659383602404,dengede
Tunceli,Ovacýk,4.0,4.8901736818910555,5.0,-0.8901736818910555,dengede
Artvin,Kemalpaþa,4.0,4.901477379315347,5.0,-0.901477379315347,dengede
Edirne,Lalapaþa,6.0,6.904209200067092,7.0,-0.9042092000670916,dengede
Elazýð,Maden,5.0,5.90915781826291,6.0,-0.9091578182629103,dengede
Sivas,Altýnyayla,6.0,6.929381221598225,7.0,-0.9293812215982253,dengede
Denizli,Tavas,11.0,11.936557810979796,12.0,-0.9365578109797958,dengede
Tekirdað,Kapaklý,8.0,8.96053295771049,9.0,-0.9605329577104893,dengede
Tunceli,Hozat,4.0,4.963653177720065,5.0,-0.9636531777200652,dengede
Giresun,Çanakçý,3.0,3.9642969422616288,4.0,-0.9642969422616288,dengede
Çorum,Laçin,3.0,3.9756536951706654,4.0,-0.9756536951706654,dengede
Van,Çaldýran,7.0,7.976562434638619,8.0,-0.9765624346386188,dengede
Eskiþehir,Han,4.0,4.98284895154295,5.0,-0.9828489515429499,dengede
Adýyaman,Sincik,5.0,5.986270797323623,6.0,-0.9862707973236233,dengede
Sakarya,Kaynarca,6.0,7.000591389181961,7.0,-1.0005913891819613,dengede
Rize,Fýndýklý,5.0,6.010860128316138,6.0,-1.0108601283161383,dengede
Trabzon,Vakfýkebir,6.0,7.010971319129556,7.0,-1.0109713191295562,dengede
Bolu,Kýbrýscýk,2.0,3.0259558790119945,3.0,-1.0259558790119945,norm_eksigi
Giresun,Dereli,5.0,6.034412873663445,6.0,-1.0344128736634453,dengede
Ýstanbul,Zeytinburnu,7.0,8.034757587587286,8.0,-1.0347575875872863,dengede
Eskiþehir,Seyitgazi,10.0,11.050175491309206,11.0,-1.050175491309206,dengede
Konya,Ilgýn,12.0,13.068650993438165,13.0,-1.0686509934381654,dengede
Gümüþhane,Torul,5.0,6.101173961993901,6.0,-1.1011739619939007,dengede
Kayseri,Felahiye,6.0,7.104632998388724,7.0,-1.1046329983887242,dengede
Hatay,Kumlu,6.0,7.118548924740129,7.0,-1.1185489247401286,dengede
Trabzon,Maçka,6.0,7.12185357504241,7.0,-1.12185357504241,dengede
Ýstanbul,Gaziosmanpaþa,8.0,9.134342361168123,9.0,-1.1343423611681231,dengede
Adýyaman,Gölbaþý,9.0,10.147524348015153,10.0,-1.1475243480151534,dengede
Çorum,Ýskilip,9.0,10.152491413117277,10.0,-1.1524914131172768,dengede
Ýstanbul,Sancaktepe,8.0,9.157180106116089,9.0,-1.1571801061160887,dengede
Mardin,Midyat,8.0,9.15863338062324,9.0,-1.1586333806232396,dengede
Tekirdað,Malkara,12.0,13.159547999984618,13.0,-1.1595479999846177,dengede
Afyonkarahisar,Hocalar,4.0,5.162439540770528,5.0,-1.162439540770528,norm_eksigi
Hakkari,Yüksekova,9.0,10.162790783292923,10.0,-1.1627907832929232,dengede
Rize,Çamlýhemþin,3.0,4.1659872795736295,4.0,-1.1659872795736295,norm_eksigi
Gümüþhane,Kürtün,5.0,6.179667452559198,6.0,-1.1796674525591984,dengede
Kütahya,Domaniç,6.0,7.198042037943343,7.0,-1.1980420379433427,dengede
Kastamonu,Araç,5.0,6.2285270339052445,6.0,-1.2285270339052445,dengede
Ýzmir,Karaburun,5.0,6.2350297662158525,6.0,-1.2350297662158525,dengede
Kýrþehir,Mucur,9.0,10.251789313962309,10.0,-1.251789313962309,dengede
Tekirdað,Çorlu,10.0,11.257478718040794,11.0,-1.2574787180407938,dengede
Rize,Ýyidere,4.0,5.290628664099105,5.0,-1.2906286640991054,norm_eksigi
Bingöl,Yayladere,1.0,2.2978360551218993,2.0,-1.2978360551218993,norm_eksigi
Osmaniye,Toprakkale,6.0,7.319105223952922,7.0,-1.3191052239529224,dengede
Elazýð,Sivrice,5.0,6.3202302448451615,6.0,-1.3202302448451615,norm_eksigi
Rize,Pazar,5.0,6.332096563831337,6.0,-1.3320965638313371,norm_eksigi
Adana,Feke,6.0,7.348124199521228,7.0,-1.3481241995212283,dengede
Afyonkarahisar,Sandýklý,10.0,11.351596602081802,11.0,-1.351596602081802,dengede
Ankara,Mamak,14.0,15.373457679236008,15.0,-1.373457679236008,dengede
Konya,Doðanhisar,7.0,8.374295543272703,8.0,-1.3742955432727033,dengede
Düzce,Kaynaþlý,5.0,6.385639933423857,6.0,-1.3856399334238567,norm_eksigi
Manisa,Alaþehir,10.0,11.388746213272926,11.0,-1.3887462132729258,dengede
Kocaeli,Ýzmit,12.0,13.394756894503647,13.0,-1.3947568945036473,dengede
Ardahan,Göle,6.0,7.412153380592217,7.0,-1.4121533805922173,dengede
Bartýn,Amasra,5.0,6.413697338088286,6.0,-1.4136973380882862,norm_eksigi
Sakarya,Geyve,7.0,8.41514155021018,8.0,-1.4151415502101798,dengede
Kastamonu,Aðlý,3.0,4.419368698994857,4.0,-1.419368698994857,norm_eksigi
Sakarya,Sapanca,5.0,6.441960504588291,6.0,-1.441960504588291,norm_eksigi
Çanakkale,Eceabat,7.0,8.448896930938309,8.0,-1.448896930938309,dengede
Kýrklareli,Pehlivanköy,3.0,4.455836609811557,4.0,-1.4558366098115574,norm_eksigi
Aydýn,Yenipazar,7.0,8.457948755220665,8.0,-1.4579487552206647,dengede
Kars,Kaðýzman,7.0,8.475400146862825,8.0,-1.4754001468628246,dengede
Giresun,Yaðlýdere,4.0,5.494955797721111,5.0,-1.4949557977211114,norm_eksigi
Tokat,Yeþilyurt,5.0,6.4995553456999575,6.0,-1.4995553456999575,norm_eksigi
Elazýð,Keban,5.0,6.504626680150272,7.0,-1.5046266801502721,norm_eksigi
Edirne,Havsa,8.0,9.514528319610385,10.0,-1.5145283196103847,dengede
Kayseri,Sarýz,5.0,6.517511384462907,7.0,-1.5175113844629067,norm_eksigi
Kýrýkkale,Keskin,8.0,9.52066835238721,10.0,-1.5206683523872098,dengede
Ardahan,Posof,3.0,4.528323440503536,5.0,-1.5283234405035362,norm_eksigi
Kastamonu,Doðanyurt,1.0,2.5285575190066814,3.0,-1.5285575190066814,norm_eksigi
Sinop,Dikmen,2.0,3.5355306867804828,4.0,-1.5355306867804828,norm_eksigi
Edirne,Süloðlu,5.0,6.538122620437534,7.0,-1.5381226204375338,norm_eksigi
Malatya,Pütürge,6.0,7.538839107552155,8.0,-1.538839107552155,norm_eksigi
Kayseri,Sarýoðlan,7.0,8.5400092775727,9.0,-1.5400092775727003,dengede
Konya,Halkapýnar,5.0,6.546515693276039,7.0,-1.5465156932760387,norm_eksigi
Balýkesir,Manyas,9.0,10.561869710511377,11.0,-1.5618697105113775,dengede
Kastamonu,Devrekani,5.0,6.561916915454642,7.0,-1.561916915454642,norm_eksigi
Bolu,Mudurnu,6.0,7.580039361274359,8.0,-1.580039361274359,norm_eksigi
Erzurum,Çat,5.0,6.585601436017344,7.0,-1.5856014360173436,norm_eksigi
Ýstanbul,Arnavutköy,10.0,11.587144025996787,12.0,-1.5871440259967873,dengede
Antalya,Ýbradý,4.0,5.588511164489585,6.0,-1.588511164489585,norm_eksigi
Kocaeli,Çayýrova,4.0,5.594099709923267,6.0,-1.5940997099232668,norm_eksigi
Kastamonu,Ýnebolu,5.0,6.594885319070121,7.0,-1.594885319070121,norm_eksigi
Niðde,Ulukýþla,7.0,8.597571272056017,9.0,-1.5975712720560171,dengede
Kocaeli,Darýca,5.0,6.601792812997885,7.0,-1.6017928129978847,norm_eksigi
Elazýð,Kovancýlar,8.0,9.603312971745273,10.0,-1.6033129717452734,dengede
Kars,Sarýkamýþ,7.0,8.618405174060685,9.0,-1.618405174060685,dengede
Malatya,Arguvan,6.0,7.618949940321783,8.0,-1.6189499403217829,norm_eksigi
Bolu,Yeniçaða,4.0,5.62048250526516,6.0,-1.6204825052651604,norm_eksigi
Düzce,Gölyaka,5.0,6.637785717265121,7.0,-1.6377857172651211,norm_eksigi
Bingöl,Yedisu,2.0,3.6533020044288147,4.0,-1.6533020044288147,norm_eksigi
Aðrý,Taþlýçay,5.0,6.653637702928503,7.0,-1.6536377029285028,norm_eksigi
Trabzon,Çarþýbaþý,5.0,6.656699173026711,7.0,-1.6566991730267109,norm_eksigi
Kastamonu,Daday,4.0,5.668547747623766,6.0,-1.6685477476237658,norm_eksigi
Ýstanbul,Esenler,6.0,7.676357396573029,8.0,-1.676357396573029,norm_eksigi
Aydýn,Bozdoðan,10.0,11.678532014827871,12.0,-1.678532014827871,dengede
Muðla,Yataðan,10.0,11.697908439095205,12.0,-1.6979084390952046,dengede
Antalya,Akseki,5.0,6.699832662790388,7.0,-1.6998326627903877,norm_eksigi
Gümüþhane,Köse,4.0,5.704717977542995,6.0,-1.7047179775429946,norm_eksigi
Ankara,Elmadað,8.0,9.70584112746478,10.0,-1.7058411274647796,dengede
Samsun,Havza,8.0,9.708961635483467,10.0,-1.7089616354834671,dengede
Samsun,Ladik,6.0,7.7114723919024195,8.0,-1.7114723919024195,norm_eksigi
Çanakkale,Bozcaada,4.0,5.71809861782137,6.0,-1.7180986178213704,norm_eksigi
Bolu,Göynük,5.0,6.719225820388749,7.0,-1.7192258203887487,norm_eksigi
Mersin,Aydýncýk,6.0,7.725073337076569,8.0,-1.7250733370765694,norm_eksigi
Ýzmir,Beydað,6.0,7.72976423058056,8.0,-1.7297642305805603,norm_eksigi
Hatay,Yayladaðý,8.0,9.742371433115862,10.0,-1.7423714331158617,dengede
Çankýrý,Kýzýlýrmak,4.0,5.745480522414414,6.0,-1.7454805224144136,norm_eksigi
Sakarya,Arifiye,5.0,6.756716109894594,7.0,-1.7567161098945938,norm_eksigi
Kocaeli,Kartepe,7.0,8.776857643928327,9.0,-1.7768576439283272,norm_eksigi
Çanakkale,Çan,9.0,10.792216216706638,11.0,-1.7922162167066382,dengede
Denizli,Bekilli,5.0,6.810893939886858,7.0,-1.8108939398868582,norm_eksigi
Karaman,Sarýveliler,4.0,5.813771247246221,6.0,-1.8137712472462209,norm_eksigi
Yozgat,Aydýncýk,5.0,6.829061578957351,7.0,-1.8290615789573508,norm_eksigi
Þýrnak,Beytüþþebap,4.0,5.8300044622681275,6.0,-1.8300044622681275,norm_eksigi
Sakarya,Söðütlü,5.0,6.830391527037644,7.0,-1.8303915270376443,norm_eksigi
Tekirdað,Ergene,8.0,9.83057212187602,10.0,-1.8305721218760205,dengede
Eskiþehir,Çifteler,9.0,10.83952389103347,11.0,-1.8395238910334708,dengede
Ýstanbul,Fatih,9.0,10.839680255218173,11.0,-1.8396802552181732,dengede
Burdur,Çeltikçi,4.0,5.855028778415609,6.0,-1.8550287784156092,norm_eksigi
Kýrþehir,Kaman,9.0,10.8556109093713,11.0,-1.8556109093713005,dengede
Aydýn,Çine,11.0,12.857301523539244,13.0,-1.8573015235392436,dengede
Antalya,Gündoðmuþ,4.0,5.861323777142122,6.0,-1.8613237771421218,norm_eksigi
Erzurum,Aþkale,6.0,7.877030510538374,8.0,-1.8770305105383738,norm_eksigi
Trabzon,Köprübaþý,3.0,4.877130990392664,5.0,-1.877130990392664,norm_eksigi
Aðrý,Patnos,9.0,10.88036502882529,11.0,-1.88036502882529,dengede
Edirne,Enez,6.0,7.889794942726084,8.0,-1.889794942726084,norm_eksigi
Balýkesir,Ayvalýk,9.0,10.894379266969793,11.0,-1.8943792669697928,dengede
Aydýn,Karacasu,7.0,8.90681276310255,9.0,-1.9068127631025504,norm_eksigi
Þýrnak,Güçlükonak,4.0,5.91256534936961,6.0,-1.9125653493696104,norm_eksigi
Çorum,Osmancýk,9.0,10.917959818163649,11.0,-1.9179598181636486,dengede
Erzincan,Otlukbeli,2.0,3.9251536017824256,4.0,-1.9251536017824256,norm_eksigi
Osmaniye,Hasanbeyli,3.0,4.925388703794023,5.0,-1.925388703794023,norm_eksigi
Sakarya,Pamukova,6.0,7.926075098375371,8.0,-1.926075098375371,norm_eksigi
Hatay,Belen,7.0,8.934156152346814,9.0,-1.934156152346814,norm_eksigi
Ýstanbul,Beykoz,8.0,9.93564033672647,10.0,-1.93564033672647,dengede
Tokat,Artova,5.0,6.93881353749042,7.0,-1.9388135374904198,norm_eksigi
Hatay,Reyhanlý,9.0,10.940002072945912,11.0,-1.9400020729459122,dengede
Ankara,Kýzýlcahamam,6.0,7.941759157416329,8.0,-1.941759157416329,norm_eksigi
Sivas,Gemerek,7.0,8.945893491294937,9.0,-1.945893491294937,norm_eksigi
Kayseri,Melikgazi,14.0,15.949143764056467,16.0,-1.9491437640564673,dengede
Ankara,Bala,10.0,11.95255291962328,12.0,-1.9525529196232796,dengede
Rize,Ýkizdere,2.0,3.96182625519552,4.0,-1.9618262551955201,norm_eksigi
Muðla,Ula,8.0,9.963481994281715,10.0,-1.9634819942817145,dengede
Kayseri,Talas,8.0,9.965954767556093,10.0,-1.9659547675560933,dengede
Niðde,Altunhisar,6.0,7.9690677455020165,8.0,-1.9690677455020165,norm_eksigi
Ýstanbul,Esenyurt,12.0,13.985682038246853,14.0,-1.9856820382468534,dengede
Elazýð,Palu,5.0,6.995843126500317,7.0,-1.9958431265003167,norm_eksigi
Ordu,Çaybaþý,4.0,5.996978173591286,6.0,-1.9969781735912857,norm_eksigi
Afyonkarahisar,Evciler,4.0,6.002137831134909,6.0,-2.0021378311349087,norm_eksigi
Yozgat,Sorgun,10.0,12.003081276519522,12.0,-2.003081276519522,dengede
Erzurum,Hýnýs,6.0,8.005402261126346,8.0,-2.0054022611263456,norm_eksigi
Giresun,Güce,3.0,5.018162668747603,5.0,-2.0181626687476033,norm_eksigi
Antalya,Muratpaþa,13.0,15.027726154630958,15.0,-2.027726154630958,dengede
Ýzmir,Dikili,8.0,10.036371306911162,10.0,-2.036371306911162,norm_eksigi
Trabzon,Tonya,4.0,6.055937937617285,6.0,-2.0559379376172853,norm_eksigi
Ordu,Çamaþ,3.0,5.059342512879369,5.0,-2.059342512879369,norm_eksigi
Ordu,Aybastý,4.0,6.060885626659928,6.0,-2.0608856266599282,norm_eksigi
Nevþehir,Hacýbektaþ,6.0,8.066689874654926,8.0,-2.0666898746549265,norm_eksigi
Van,Muradiye,6.0,8.068318803848562,8.0,-2.0683188038485625,norm_eksigi
Düzce,Cumayeri,4.0,6.090752659133154,6.0,-2.0907526591331536,norm_eksigi
Afyonkarahisar,Dinar,10.0,12.091661452151142,12.0,-2.0916614521511416,dengede
Kastamonu,Ýhsangazi,3.0,5.110349335263992,5.0,-2.110349335263992,norm_eksigi
Tokat,Almus,6.0,8.11310271890456,8.0,-2.1131027189045604,norm_eksigi
Diyarbakýr,Lice,6.0,8.124185773480072,8.0,-2.1241857734800718,norm_eksigi
Afyonkarahisar,Bolvadin,8.0,10.141719755198938,10.0,-2.141719755198938,norm_eksigi
Isparta,Gelendost,6.0,8.152832619945768,8.0,-2.1528326199457677,norm_eksigi
Bingöl,Genç,5.0,7.162975071724118,7.0,-2.1629750717241176,norm_eksigi
Nevþehir,Avanos,8.0,10.182184440454119,10.0,-2.182184440454119,norm_eksigi
Kastamonu,Pýnarbaþý,2.0,4.20556906694271,4.0,-2.2055690669427097,norm_eksigi
Kýrýkkale,Yahþihan,6.0,8.208498974261243,8.0,-2.208498974261243,norm_eksigi
Hatay,Samandað,8.0,10.211401560765571,10.0,-2.2114015607655713,norm_eksigi
Kars,Susuz,3.0,5.221208887191905,5.0,-2.2212088871919047,norm_eksigi
Ankara,Kalecik,9.0,11.223308371265956,11.0,-2.223308371265956,dengede
Kayseri,Hacýlar,5.0,7.23416743107336,7.0,-2.2341674310733604,norm_eksigi
Afyonkarahisar,Dazkýrý,6.0,8.239475845136234,8.0,-2.2394758451362335,norm_eksigi
Erzurum,Köprüköy,5.0,7.241329733788564,7.0,-2.2413297337885636,norm_eksigi
Ordu,Kabadüz,3.0,5.244724201708863,5.0,-2.2447242017088627,norm_eksigi
Kýrýkkale,Bahþýlý,5.0,7.255000132107184,7.0,-2.2550001321071838,norm_eksigi
Ýstanbul,Küçükçekmece,10.0,12.269715500989246,12.0,-2.2697155009892462,dengede
Sivas,Doðanþar,1.0,3.2770354654301013,3.0,-2.2770354654301013,norm_eksigi
Balýkesir,Ývrindi,8.0,10.290096627447129,10.0,-2.290096627447129,norm_eksigi
Kars,Digor,5.0,7.291976270182747,7.0,-2.2919762701827473,norm_eksigi
Ýzmir,Karabaðlar,9.0,11.29830617642584,11.0,-2.2983061764258395,norm_eksigi
Erzincan,Kemaliye,3.0,5.301182919210724,5.0,-2.3011829192107243,norm_eksigi
Amasya,Göynücek,5.0,7.3079268687444445,7.0,-2.3079268687444445,norm_eksigi
Konya,Yalýhüyük,2.0,4.310825189854766,4.0,-2.310825189854766,norm_eksigi
Erzurum,Narman,5.0,7.325142182389526,7.0,-2.325142182389526,norm_eksigi
Zonguldak,Kozlu,5.0,7.325600194506008,7.0,-2.3256001945060083,norm_eksigi
Gümüþhane,Kelkit,7.0,9.345481617945902,9.0,-2.345481617945902,norm_eksigi
Elazýð,Aðýn,2.0,4.352283886968043,4.0,-2.352283886968043,norm_eksigi
Kastamonu,Küre,2.0,4.370379784721563,4.0,-2.370379784721563,norm_eksigi
Sinop,Boyabat,7.0,9.385657088408177,9.0,-2.385657088408177,norm_eksigi
Niðde,Çiftlik,5.0,7.394756758004835,7.0,-2.394756758004835,norm_eksigi
Eskiþehir,Sivrihisar,12.0,14.405504778496612,14.0,-2.4055047784966117,dengede
Siirt,Eruh,4.0,6.421675369972743,6.0,-2.4216753699727427,norm_eksigi
Rize,Güneysu,3.0,5.425114849601152,5.0,-2.425114849601152,norm_eksigi
Bolu,Gerede,5.0,7.426742455675773,7.0,-2.4267424556757726,norm_eksigi
Rize,Kalkandere,3.0,5.44132365498824,5.0,-2.44132365498824,norm_eksigi
Uþak,Eþme,9.0,11.465744355997115,11.0,-2.4657443559971153,norm_eksigi
Burdur,Kemer,2.0,4.472653877092362,4.0,-2.4726538770923616,norm_eksigi
Uþak,Karahallý,5.0,7.47468596477692,7.0,-2.4746859647769197,norm_eksigi
Sakarya,Serdivan,7.0,9.482194952353199,9.0,-2.4821949523531988,norm_eksigi
Artvin,Ardanuç,4.0,6.488781524262511,6.0,-2.488781524262511,norm_eksigi
Sakarya,Karasu,7.0,9.492315452044082,9.0,-2.492315452044082,norm_eksigi
Uþak,Ulubey,7.0,9.495653017858869,9.0,-2.495653017858869,norm_eksigi
Balýkesir,Sýndýrgý,8.0,10.512312773001478,11.0,-2.5123127730014776,norm_eksigi
Aðrý,Eleþkirt,7.0,9.516170108412526,10.0,-2.516170108412526,norm_eksigi
Ýzmir,Selçuk,7.0,9.517426910481849,10.0,-2.5174269104818485,norm_eksigi
Kastamonu,Cide,4.0,6.552305483026364,7.0,-2.5523054830263643,norm_eksigi
Konya,Kulu,9.0,11.560070220726757,12.0,-2.5600702207267574,norm_eksigi
Düzce,Gümüþova,4.0,6.565109737329045,7.0,-2.5651097373290446,norm_eksigi
Yalova,Armutlu,3.0,5.565384749373117,6.0,-2.5653847493731172,norm_eksigi
Gaziantep,Ýslahiye,7.0,9.57505700506711,10.0,-2.5750570050671104,norm_eksigi
Karabük,Ovacýk,1.0,3.5820055396898045,4.0,-2.5820055396898045,norm_eksigi
Kars,Selim,5.0,7.616702144931288,8.0,-2.6167021449312884,norm_eksigi
Kütahya,Pazarlar,4.0,6.617997296464345,7.0,-2.6179972964643454,norm_eksigi
Zonguldak,Devrek,5.0,7.621436204264685,8.0,-2.6214362042646853,norm_eksigi
Ordu,Kumru,4.0,6.6369466831244495,7.0,-2.6369466831244495,norm_eksigi
Manisa,Gölmarmara,5.0,7.649423682853874,8.0,-2.6494236828538744,norm_eksigi
Hakkari,Þemdinli,5.0,7.6577862925583915,8.0,-2.6577862925583915,norm_eksigi
Diyarbakýr,Çüngüþ,4.0,6.662357915973345,7.0,-2.6623579159733453,norm_eksigi
Elazýð,Karakoçan,5.0,7.666091958310648,8.0,-2.6660919583106484,norm_eksigi
Kastamonu,Bozkurt,3.0,5.671670996103227,6.0,-2.6716709961032272,norm_eksigi
Sakarya,Ferizli,4.0,6.673406305288247,7.0,-2.673406305288247,norm_eksigi
Isparta,Uluborlu,4.0,6.684017813046745,7.0,-2.6840178130467454,norm_eksigi
Kütahya,Çavdarhisar,3.0,5.688963137989456,6.0,-2.6889631379894556,norm_eksigi
Ordu,Gürgentepe,3.0,5.698217923847143,6.0,-2.6982179238471433,norm_eksigi
Kýrýkkale,Karakeçili,4.0,6.7128773191465,7.0,-2.7128773191465,norm_eksigi
Samsun,Vezirköprü,9.0,11.715776393437253,12.0,-2.7157763934372525,norm_eksigi
Aðrý,Tutak,5.0,7.721870263811454,8.0,-2.7218702638114536,norm_eksigi
Kastamonu,Seydiler,3.0,5.722871871841743,6.0,-2.7228718718417433,norm_eksigi
Konya,Hadim,4.0,6.72712588776133,7.0,-2.7271258877613302,norm_eksigi
Siirt,Baykan,4.0,6.7293247221678145,7.0,-2.7293247221678145,norm_eksigi
Uþak,Sivaslý,8.0,10.755180406673652,11.0,-2.7551804066736523,norm_eksigi
Kahramanmaraþ,Ekinözü,4.0,6.757914880976724,7.0,-2.757914880976724,norm_eksigi
Trabzon,Þalpazarý,3.0,5.767952837687453,6.0,-2.767952837687453,norm_eksigi
Giresun,Þebinkarahisar,5.0,7.776898324704563,8.0,-2.776898324704563,norm_eksigi
Giresun,Çamoluk,2.0,4.8083182389364625,5.0,-2.8083182389364625,norm_eksigi
Kayseri,Develi,9.0,11.819342389914958,12.0,-2.819342389914958,norm_eksigi
Konya,Taþkent,3.0,5.821107143981921,6.0,-2.821107143981921,norm_eksigi
Sivas,Gölova,1.0,3.822219763695804,4.0,-2.822219763695804,norm_eksigi
Burdur,Altýnyayla,3.0,5.826868430401411,6.0,-2.8268684304014107,norm_eksigi
Kastamonu,Þenpazar,1.0,3.851095510375842,4.0,-2.851095510375842,norm_eksigi
Sivas,Þarkýþla,8.0,10.855270953870738,11.0,-2.855270953870738,norm_eksigi
Balýkesir,Kepsut,7.0,9.86071144680532,10.0,-2.86071144680532,norm_eksigi
Çankýrý,Kurþunlu,4.0,6.874270964888118,7.0,-2.874270964888118,norm_eksigi
Burdur,Aðlasun,5.0,7.882446613459291,8.0,-2.882446613459291,norm_eksigi
Artvin,Yusufeli,4.0,6.889353612299289,7.0,-2.8893536122992893,norm_eksigi
Burdur,Çavdýr,6.0,8.891687481578648,9.0,-2.891687481578648,norm_eksigi
Kütahya,Altýntaþ,6.0,8.910127002865254,9.0,-2.910127002865254,norm_eksigi
Ankara,Evren,3.0,5.911910492585639,6.0,-2.9119104925856387,norm_eksigi
Kütahya,Hisarcýk,4.0,6.9199674202552215,7.0,-2.9199674202552215,norm_eksigi
Karabük,Eflani,2.0,4.922850338968452,5.0,-2.922850338968452,norm_eksigi
Bolu,Dörtdivan,2.0,4.924619765467064,5.0,-2.924619765467064,norm_eksigi
Burdur,Gölhisar,8.0,10.93311777707919,11.0,-2.9331177770791896,norm_eksigi
Adýyaman,Gerger,3.0,5.936617793416585,6.0,-2.936617793416585,norm_eksigi
Denizli,Bozkurt,6.0,8.937817114642968,9.0,-2.937817114642968,norm_eksigi
Ardahan,Damal,2.0,4.947357999475052,5.0,-2.9473579994750523,norm_eksigi
Ýstanbul,Kadýköy,9.0,11.95885473868901,12.0,-2.958854738689009,norm_eksigi
Yozgat,Boðazlýyan,8.0,10.960637423895665,11.0,-2.9606374238956654,norm_eksigi
Ýstanbul,Þiþli,6.0,8.976729507302338,9.0,-2.9767295073023377,norm_eksigi
Ordu,Gölköy,3.0,5.982429479009667,6.0,-2.9824294790096673,norm_eksigi
Ýstanbul,Eyüpsultan,8.0,10.991395825764185,11.0,-2.991395825764185,norm_eksigi
Malatya,Hekimhan,5.0,8.013920134654489,8.0,-3.013920134654489,norm_eksigi
Yozgat,Yerköy,8.0,11.024064543217868,11.0,-3.024064543217868,norm_eksigi
Yalova,Altýnova,5.0,8.025036816602334,8.0,-3.0250368166023343,norm_eksigi
Erzurum,Oltu,5.0,8.028059902783527,8.0,-3.028059902783527,norm_eksigi
Isparta,Senirkent,4.0,7.028418087707348,7.0,-3.0284180877073483,norm_eksigi
Konya,Derbent,4.0,7.037497643184263,7.0,-3.0374976431842633,norm_eksigi
Afyonkarahisar,Ýscehisar,4.0,7.0567470892133715,7.0,-3.0567470892133715,norm_eksigi
Ordu,Kabataþ,2.0,5.061003805863036,5.0,-3.061003805863036,norm_eksigi
Elazýð,Alacakaya,2.0,5.066435589772878,5.0,-3.066435589772878,norm_eksigi
Yozgat,Sarýkaya,8.0,11.067367235290552,11.0,-3.0673672352905523,norm_eksigi
Aksaray,Ortaköy,7.0,10.06939557097746,10.0,-3.069395570977459,norm_eksigi
Sivas,Yýldýzeli,7.0,10.0824354294868,10.0,-3.0824354294868,norm_eksigi
Gümüþhane,Þiran,5.0,8.083169232287727,8.0,-3.0831692322877267,norm_eksigi
Erzurum,Karaçoban,4.0,7.086220400972175,7.0,-3.0862204009721754,norm_eksigi
Denizli,Buldan,7.0,10.08900900708989,10.0,-3.0890090070898903,norm_eksigi
Balýkesir,Susurluk,8.0,11.097616240414887,11.0,-3.0976162404148866,norm_eksigi
Konya,Yunak,10.0,13.097689752729867,13.0,-3.097689752729867,norm_eksigi
Konya,Derebucak,3.0,6.112608791651775,6.0,-3.112608791651775,norm_eksigi
Kütahya,Þaphane,3.0,6.11349812206347,6.0,-3.1134981220634703,norm_eksigi
Sinop,Ayancýk,4.0,7.120483269977639,7.0,-3.1204832699776386,norm_eksigi
Van,Özalp,5.0,8.129905450686138,8.0,-3.129905450686138,norm_eksigi
Çankýrý,Yapraklý,2.0,5.137809919976544,5.0,-3.1378099199765437,norm_eksigi
Kocaeli,Gölcük,6.0,9.140526908979291,9.0,-3.1405269089792913,norm_eksigi
Yozgat,Yenifakýlý,2.0,5.146778924340686,5.0,-3.146778924340686,norm_eksigi
Kütahya,Simav,10.0,13.156107299383523,13.0,-3.156107299383523,norm_eksigi
Denizli,Kale,6.0,9.15660158874471,9.0,-3.15660158874471,norm_eksigi
Afyonkarahisar,Çay,8.0,11.16492402432483,11.0,-3.1649240243248293,norm_eksigi
Erzurum,Olur,3.0,6.185682014224438,6.0,-3.1856820142244384,norm_eksigi
Tekirdað,Þarköy,7.0,10.194672433794903,10.0,-3.194672433794903,norm_eksigi
Karaman,Baþyayla,1.0,4.196970543088842,4.0,-3.1969705430888418,norm_eksigi
Çorum,Bayat,5.0,8.205903644059592,8.0,-3.2059036440595925,norm_eksigi
Artvin,Murgul,2.0,5.211949081779683,5.0,-3.211949081779683,norm_eksigi
Trabzon,Düzköy,3.0,6.229366762202898,6.0,-3.229366762202898,norm_eksigi
Bolu,Seben,2.0,5.231595411278816,5.0,-3.231595411278816,norm_eksigi
Bingöl,Solhan,4.0,7.24540697453654,7.0,-3.2454069745365404,norm_eksigi
Eskiþehir,Günyüzü,5.0,8.251039038336867,8.0,-3.2510390383368666,norm_eksigi
Aksaray,Eskil,7.0,10.251886903138805,10.0,-3.2518869031388054,norm_eksigi
Balýkesir,Dursunbey,7.0,10.2569275445506,10.0,-3.2569275445505994,norm_eksigi
Çankýrý,Korgun,2.0,5.25763356516034,5.0,-3.25763356516034,norm_eksigi
Tunceli,Çemiþgezek,4.0,7.269900812263916,7.0,-3.2699008122639164,norm_eksigi
Sivas,Akýncýlar,2.0,5.289218525321381,5.0,-3.289218525321381,norm_eksigi
Konya,Güneysýnýr,5.0,8.2911258912566,8.0,-3.2911258912566,norm_eksigi
Malatya,Doðanyol,3.0,6.298956712819973,6.0,-3.2989567128199733,norm_eksigi
Zonguldak,Kilimli,3.0,6.304459618379715,6.0,-3.304459618379715,norm_eksigi
Çorum,Boðazkale,2.0,5.311505987409845,5.0,-3.311505987409845,norm_eksigi
Kahramanmaraþ,Andýrýn,6.0,9.327019776976664,9.0,-3.3270197769766643,norm_eksigi
Kocaeli,Baþiskele,5.0,8.334189487265823,8.0,-3.3341894872658226,norm_eksigi
Çorum,Oðuzlar,2.0,5.35495426670335,5.0,-3.3549542667033503,norm_eksigi
Bilecik,Söðüt,4.0,7.357628457485761,7.0,-3.3576284574857613,norm_eksigi
Çorum,Dodurga,2.0,5.371411202479166,5.0,-3.371411202479166,norm_eksigi
Sivas,Koyulhisar,3.0,6.372369635619979,6.0,-3.372369635619979,norm_eksigi
Bingöl,Adaklý,2.0,5.376241677284762,5.0,-3.376241677284762,norm_eksigi
Erzurum,Þenkaya,4.0,7.383048051445595,7.0,-3.383048051445595,norm_eksigi
Ýstanbul,Bayrampaþa,5.0,8.385293216053448,8.0,-3.385293216053448,norm_eksigi
Ordu,Mesudiye,3.0,6.397856131066867,6.0,-3.3978561310668667,norm_eksigi
Denizli,Beyaðaç,3.0,6.402393105348651,6.0,-3.4023931053486507,norm_eksigi
Muðla,Kavaklýdere,5.0,8.404198508910703,8.0,-3.404198508910703,norm_eksigi
Sivas,Divriði,4.0,7.40506758222987,7.0,-3.4050675822298704,norm_eksigi
Bitlis,Güroymak,4.0,7.424644606490057,7.0,-3.424644606490057,norm_eksigi
Konya,Çeltik,5.0,8.430769118687126,8.0,-3.4307691186871256,norm_eksigi
Düzce,Çilimli,3.0,6.434190123571221,6.0,-3.434190123571221,norm_eksigi
Yalova,Çiftlikköy,5.0,8.435726350683442,8.0,-3.435726350683442,norm_eksigi
Çankýrý,Eldivan,3.0,6.445014012222387,6.0,-3.445014012222387,norm_eksigi
Giresun,Eynesil,2.0,5.460188028338555,5.0,-3.460188028338555,norm_eksigi
Afyonkarahisar,Baþmakçý,4.0,7.475238672159301,7.0,-3.4752386721593007,norm_eksigi
Hakkari,Çukurca,3.0,6.47823448166318,6.0,-3.47823448166318,norm_eksigi
Manisa,Gördes,6.0,9.479629272048959,9.0,-3.4796292720489586,norm_eksigi
Malatya,Darende,6.0,9.485735578537076,9.0,-3.485735578537076,norm_eksigi
Aðrý,Hamur,4.0,7.495437414242268,7.0,-3.495437414242268,norm_eksigi
Karabük,Yenice,3.0,6.5185848994548135,7.0,-3.5185848994548135,norm_eksigi
Yozgat,Çekerek,4.0,7.519687262061205,8.0,-3.519687262061205,norm_eksigi
Elazýð,Arýcak,3.0,6.5233526243914355,7.0,-3.5233526243914355,norm_eksigi
Karaman,Ayrancý,5.0,8.531105546081992,9.0,-3.5311055460819922,norm_eksigi
Aksaray,Sarýyahþi,2.0,5.538084274812556,6.0,-3.5380842748125563,norm_eksigi
Bayburt,Demirözü,3.0,6.547006465506746,7.0,-3.5470064655067457,norm_eksigi
Kýrýkkale,Delice,5.0,8.549723787471924,9.0,-3.5497237874719243,norm_eksigi
Kahramanmaraþ,Çaðlayancerit,3.0,6.553878182189392,7.0,-3.5538781821893917,norm_eksigi
Bursa,Orhangazi,7.0,10.56325148020153,11.0,-3.5632514802015294,norm_eksigi
Kütahya,Gediz,7.0,10.56808197160524,11.0,-3.56808197160524,norm_eksigi
Sakarya,Taraklý,3.0,6.584523060355595,7.0,-3.584523060355595,norm_eksigi
Bilecik,Pazaryeri,4.0,7.58964969838587,8.0,-3.5896496983858697,norm_eksigi
Erzincan,Kemah,2.0,5.5926538732512014,6.0,-3.5926538732512014,norm_eksigi
Trabzon,Hayrat,2.0,5.613172643091882,6.0,-3.6131726430918816,norm_eksigi
Niðde,Çamardý,4.0,7.6205299236365,8.0,-3.6205299236365,norm_eksigi
Denizli,Baklan,4.0,7.621896386129774,8.0,-3.621896386129774,norm_eksigi
Yozgat,Çayýralan,4.0,7.650077003368633,8.0,-3.650077003368633,norm_eksigi
Bingöl,Kiðý,1.0,4.655384933323195,5.0,-3.6553849333231954,norm_eksigi
Malatya,Kuluncak,4.0,7.674708074703437,8.0,-3.674708074703437,norm_eksigi
Çankýrý,Þabanözü,4.0,7.682426431559933,8.0,-3.682426431559933,norm_eksigi
Kýrklareli,Demirköy,3.0,6.696485119819592,7.0,-3.6964851198195916,norm_eksigi
Trabzon,Çaykara,2.0,5.6991710638725195,6.0,-3.6991710638725195,norm_eksigi
Eskiþehir,Mihalgazi,2.0,5.699905872858753,6.0,-3.6999058728587526,norm_eksigi
Erzurum,Horasan,6.0,9.702707355648815,10.0,-3.7027073556488155,norm_eksigi
Kastamonu,Azdavay,1.0,4.711642131736703,5.0,-3.7116421317367028,norm_eksigi
Bolu,Mengen,3.0,6.726598926503972,7.0,-3.7265989265039723,norm_eksigi
Aksaray,Güzelyurt,4.0,7.749211859947357,8.0,-3.7492118599473567,norm_eksigi
Isparta,Sütçüler,2.0,5.749479585766662,6.0,-3.749479585766662,norm_eksigi
Afyonkarahisar,Sultandaðý,5.0,8.771627099666969,9.0,-3.7716270996669685,norm_eksigi
Çankýrý,Orta,3.0,6.8017976350840375,7.0,-3.8017976350840375,norm_eksigi
Kayseri,Akkýþla,3.0,6.82652236056749,7.0,-3.8265223605674903,norm_eksigi
Hatay,Altýnözü,6.0,9.851218235184533,10.0,-3.8512182351845325,norm_eksigi
Eskiþehir,Sarýcakaya,4.0,7.858581092465908,8.0,-3.858581092465908,norm_eksigi
Bayburt,Aydýntepe,2.0,5.85924511422599,6.0,-3.85924511422599,norm_eksigi
Kütahya,Emet,5.0,8.886508955561865,9.0,-3.8865089555618653,norm_eksigi
Burdur,Karamanlý,5.0,8.917393007226126,9.0,-3.917393007226126,norm_eksigi
Sivas,Zara,4.0,7.931049815883679,8.0,-3.9310498158836786,norm_eksigi
Afyonkarahisar,Çobanlar,3.0,6.931263617953061,7.0,-3.9312636179530607,norm_eksigi
Çorum,Uðurludað,3.0,6.934888741767536,7.0,-3.9348887417675362,norm_eksigi
Aydýn,Buharkent,4.0,7.946751114484164,8.0,-3.9467511144841643,norm_eksigi
Kayseri,Yahyalý,5.0,8.949562949165715,9.0,-3.949562949165715,norm_eksigi
Kastamonu,Tosya,5.0,8.94992372982653,9.0,-3.94992372982653,norm_eksigi
Isparta,Yalvaç,8.0,11.95114824773755,12.0,-3.9511482477375495,norm_eksigi
Malatya,Arapgir,4.0,7.952808273694299,8.0,-3.9528082736942993,norm_eksigi
Edirne,Uzunköprü,8.0,11.96229584698224,12.0,-3.96229584698224,norm_eksigi
Manisa,Kýrkaðaç,6.0,9.986223150598512,10.0,-3.986223150598512,norm_eksigi
Nevþehir,Acýgöl,4.0,7.994436369685755,8.0,-3.994436369685755,norm_eksigi
Konya,Hüyük,5.0,8.998885036929272,9.0,-3.9988850369292717,norm_eksigi
Sinop,Gerze,5.0,8.999910972133538,9.0,-3.999910972133538,norm_eksigi
Çanakkale,Gökçeada,4.0,8.007852160402292,8.0,-4.007852160402292,norm_eksigi
Yozgat,Kadýþehri,3.0,7.049462752257141,7.0,-4.049462752257141,norm_eksigi
Kýrýkkale,Sulakyurt,3.0,7.056902488317012,7.0,-4.056902488317012,norm_eksigi
Van,Bahçesaray,2.0,6.059226025129332,6.0,-4.059226025129332,norm_eksigi
Artvin,Þavþat,2.0,6.0757049137543255,6.0,-4.0757049137543255,norm_eksigi
Ýstanbul,Beylikdüzü,6.0,10.088215882785056,10.0,-4.088215882785056,norm_eksigi
Kayseri,Özvatan,2.0,6.099063337127115,6.0,-4.099063337127115,norm_eksigi
Tokat,Reþadiye,4.0,8.101749114795162,8.0,-4.101749114795162,norm_eksigi
Tokat,Sulusaray,3.0,7.104540021738799,7.0,-4.104540021738799,norm_eksigi
Kastamonu,Çatalzeytin,1.0,5.107122217574265,5.0,-4.107122217574265,norm_eksigi
Trabzon,Dernekpazarý,1.0,5.115272258169807,5.0,-4.115272258169807,norm_eksigi
Giresun,Doðankent,1.0,5.1180256948663905,5.0,-4.1180256948663905,norm_eksigi
Hakkari,Derecik,3.0,7.118477215309158,7.0,-4.118477215309158,norm_eksigi
Tekirdað,Çerkezköy,5.0,9.155102149486153,9.0,-4.155102149486153,norm_eksigi
Erzincan,Çayýrlý,3.0,7.157946786129445,7.0,-4.157946786129445,norm_eksigi
Denizli,Çardak,4.0,8.159400674426044,8.0,-4.159400674426044,norm_eksigi
Denizli,Güney,4.0,8.16302018022063,8.0,-4.163020180220631,norm_eksigi
Ankara,Nallýhan,7.0,11.17105615478457,11.0,-4.171056154784569,norm_eksigi
Çorum,Ortaköy,3.0,7.174523701908362,7.0,-4.174523701908362,norm_eksigi
Balýkesir,Marmara,2.0,6.1867712129946515,6.0,-4.1867712129946515,norm_eksigi
Kocaeli,Dilovasý,1.0,5.2168589509654275,5.0,-4.2168589509654275,norm_eksigi
Nevþehir,Kozaklý,5.0,9.223517656461466,9.0,-4.223517656461466,norm_eksigi
Aksaray,Aðaçören,2.0,6.226783050348656,6.0,-4.226783050348656,norm_eksigi
Erzurum,Ýspir,4.0,8.310894983672034,8.0,-4.310894983672034,norm_eksigi
Afyonkarahisar,Emirdað,7.0,11.3174767124364,11.0,-4.317476712436401,norm_eksigi
Balýkesir,Balya,4.0,8.320702273814804,8.0,-4.320702273814804,norm_eksigi
Adana,Saimbeyli,3.0,7.33391148044042,7.0,-4.33391148044042,norm_eksigi
Tokat,Baþçiftlik,1.0,5.341989008629966,5.0,-4.341989008629966,norm_eksigi
Burdur,Tefenni,4.0,8.35566745721161,8.0,-4.355667457211609,norm_eksigi
Ordu,Akkuþ,3.0,7.356241210071397,7.0,-4.356241210071397,norm_eksigi
Sinop,Erfelek,2.0,6.393463758342022,6.0,-4.393463758342022,norm_eksigi
Adana,Tufanbeyli,4.0,8.45959716787053,8.0,-4.45959716787053,norm_eksigi
Afyonkarahisar,Bayat,2.0,6.478177727219999,6.0,-4.478177727219999,norm_eksigi
Muðla,Bodrum,9.0,13.510788455811657,14.0,-4.510788455811657,norm_eksigi
Sinop,Türkeli,2.0,6.5164662627559125,7.0,-4.5164662627559125,norm_eksigi
Edirne,Meriç,4.0,8.519707366135028,9.0,-4.519707366135028,norm_eksigi
Karabük,Eskipazar,3.0,7.534241380701941,8.0,-4.534241380701941,norm_eksigi
Kahramanmaraþ,Nurhak,2.0,6.544784630798645,7.0,-4.544784630798645,norm_eksigi
Konya,Karapýnar,10.0,14.553117680802815,15.0,-4.553117680802815,norm_eksigi
Ýstanbul,Üsküdar,7.0,11.558770384802692,12.0,-4.558770384802692,norm_eksigi
Sivas,Suþehri,4.0,8.57177014139024,9.0,-4.571770141390241,norm_eksigi
Yozgat,Çandýr,2.0,6.59759347267479,7.0,-4.59759347267479,norm_eksigi
Ankara,Þereflikoçhisar,7.0,11.669291354918359,12.0,-4.669291354918359,norm_eksigi
Þýrnak,Uludere,2.0,6.6827080569835235,7.0,-4.6827080569835235,norm_eksigi
Burdur,Yeþilova,5.0,9.684218525516819,10.0,-4.684218525516819,norm_eksigi
Kýrklareli,Vize,5.0,9.68686579549152,10.0,-4.686865795491521,norm_eksigi
Erzurum,Uzundere,2.0,6.690077429088566,7.0,-4.690077429088566,norm_eksigi
Ýstanbul,Ümraniye,7.0,11.699557465590361,12.0,-4.699557465590361,norm_eksigi
Bursa,Harmancýk,3.0,7.708616981454147,8.0,-4.708616981454147,norm_eksigi
Yalova,Çýnarcýk,3.0,7.758713891100537,8.0,-4.758713891100537,norm_eksigi
Çankýrý,Çerkeþ,4.0,8.769551440826366,9.0,-4.7695514408263655,norm_eksigi
Ýstanbul,Kaðýthane,5.0,9.777990619538894,10.0,-4.777990619538894,norm_eksigi
Denizli,Çal,5.0,9.800208158379757,10.0,-4.800208158379757,norm_eksigi
Afyonkarahisar,Ýhsaniye,5.0,9.806836777993514,10.0,-4.806836777993514,norm_eksigi
Afyonkarahisar,Þuhut,6.0,10.808509808156732,11.0,-4.808509808156732,norm_eksigi
Sakarya,Karapürçek,1.0,5.8215353064925806,6.0,-4.8215353064925806,norm_eksigi
Aðrý,Diyadin,4.0,8.823970587555785,9.0,-4.823970587555785,norm_eksigi
Eskiþehir,Mahmudiye,5.0,9.856187314660566,10.0,-4.856187314660566,norm_eksigi
Yozgat,Saraykent,2.0,6.856575457465399,7.0,-4.856575457465399,norm_eksigi
Çorum,Kargý,4.0,8.88919852444147,9.0,-4.88919852444147,norm_eksigi
Çorum,Sungurlu,8.0,12.900927758952268,13.0,-4.9009277589522675,norm_eksigi
Konya,Cihanbeyli,11.0,15.913469182346393,16.0,-4.913469182346393,norm_eksigi
Karaman,Ermenek,5.0,9.91943457635734,10.0,-4.9194345763573395,norm_eksigi
Kýrklareli,Pýnarhisar,4.0,8.98600247242048,9.0,-4.986002472420481,norm_eksigi
Ýstanbul,Sultangazi,4.0,9.037768811278799,9.0,-5.037768811278799,norm_eksigi
Çorum,Alaca,6.0,11.086436741531106,11.0,-5.086436741531106,norm_eksigi
Kastamonu,Taþköprü,6.0,11.092140090147845,11.0,-5.092140090147845,norm_eksigi
Manisa,Köprübaþý,3.0,8.098237491878699,8.0,-5.098237491878699,norm_eksigi
Zonguldak,Gökçebey,2.0,7.135600498685685,7.0,-5.135600498685685,norm_eksigi
Edirne,Ýpsala,5.0,10.180858895305114,10.0,-5.180858895305114,norm_eksigi
Þanlýurfa,Ceylanpýnar,8.0,13.195245482327271,13.0,-5.195245482327271,norm_eksigi
Çankýrý,Atkaracalar,1.0,6.220897447797043,6.0,-5.220897447797043,norm_eksigi
Konya,Tuzlukçu,3.0,8.332142902832697,8.0,-5.332142902832697,norm_eksigi
Konya,Ahýrlý,1.0,6.4213585397771356,6.0,-5.4213585397771356,norm_eksigi
Konya,Bozkýr,4.0,9.421428767570449,9.0,-5.421428767570449,norm_eksigi
Konya,Emirgazi,5.0,10.455922907557094,10.0,-5.455922907557094,norm_eksigi
Uþak,Banaz,7.0,12.469963054339186,12.0,-5.4699630543391855,norm_eksigi
Erzincan,Ýliç,1.0,6.486718761506896,6.0,-5.486718761506896,norm_eksigi
Erzincan,Refahiye,1.0,6.50311132488465,7.0,-5.50311132488465,norm_eksigi
Aksaray,Gülaðaç,3.0,8.526518178279195,9.0,-5.526518178279195,norm_eksigi
Çankýrý,Ilgaz,2.0,7.579456386296153,8.0,-5.579456386296153,norm_eksigi
Erzurum,Tekman,2.0,7.607990834887257,8.0,-5.607990834887257,norm_eksigi
Bilecik,Osmaneli,3.0,8.635578714870364,9.0,-5.635578714870364,norm_eksigi
Sinop,Duraðan,2.0,7.684087408042785,8.0,-5.684087408042785,norm_eksigi
Bartýn,Ulus,2.0,7.790482910548389,8.0,-5.790482910548389,norm_eksigi
Ýzmir,Kýnýk,7.0,12.823952583035528,13.0,-5.823952583035528,norm_eksigi
Bursa,Orhaneli,4.0,9.83598920266988,10.0,-5.8359892026698805,norm_eksigi
Gaziantep,Araban,3.0,8.84558419480177,9.0,-5.84558419480177,norm_eksigi
Bursa,Keles,3.0,8.925734040612884,9.0,-5.925734040612884,norm_eksigi
Erzurum,Karayazý,3.0,8.97996158124515,9.0,-5.979961581245149,norm_eksigi
Denizli,Serinhisar,3.0,8.98552154648884,9.0,-5.98552154648884,norm_eksigi
Manisa,Selendi,3.0,9.035263496192453,9.0,-6.035263496192453,norm_eksigi
Aksaray,Sultanhaný,2.0,8.083586236464532,8.0,-6.083586236464532,norm_eksigi
Bilecik,Gölpazarý,1.0,7.157078121450174,7.0,-6.157078121450174,norm_eksigi
Bursa,Büyükorhan,2.0,8.176044399279682,8.0,-6.176044399279682,norm_eksigi
Eskiþehir,Mihalýççýk,4.0,10.306948811646585,10.0,-6.306948811646585,norm_eksigi
Þanlýurfa,Akçakale,5.0,11.39448047441053,11.0,-6.39448047441053,norm_eksigi
Eskiþehir,Beylikova,4.0,10.414211435749626,10.0,-6.4142114357496265,norm_eksigi
Afyonkarahisar,Sinanpaþa,3.0,9.43221925035663,9.0,-6.43221925035663,norm_eksigi
Bursa,Yýldýrým,8.0,14.46078114646267,14.0,-6.46078114646267,norm_eksigi
Bingöl,Karlýova,1.0,7.73508474999438,8.0,-6.73508474999438,norm_eksigi
Erzincan,Tercan,3.0,9.78616336432842,10.0,-6.78616336432842,norm_eksigi
Tekirdað,Saray,3.0,9.955443190853282,10.0,-6.955443190853282,norm_eksigi
Manisa,Demirci,4.0,10.95569377541279,11.0,-6.95569377541279,norm_eksigi
Ýstanbul,Baðcýlar,6.0,13.125132828640734,13.0,-7.125132828640734,norm_eksigi
Erzincan,Üzümlü,1.0,8.22293536762316,8.0,-7.22293536762316,norm_eksigi
Balýkesir,Savaþtepe,2.0,9.3749444690487,9.0,-7.3749444690487,norm_eksigi
Kayseri,Pýnarbaþý,4.0,12.053640571959509,12.0,-8.053640571959509,norm_eksigi
Sivas,Kangal,2.0,10.828901382985638,11.0,-8.828901382985638,norm_eksigi
Bilecik,Yenipazar,,2.7602785544562085,3.0,,belirsiz
