il_kod,ilce_kod,il_adi,ilce_adi,gida_mevcut,gida_tahmin,gida_tahmin_yuvarlak,gida_fark,gida_durumu,nufus_18plus,yuzolcum,toplam_hayvan_2024,denetim_sayisi,tarim_alani_2024
12,1475,Bingöl,Kiðý,0.0,0.0,0,0.0,dengede,2105,,201,56.0,74259.0
12,1633,Bingöl,Solhan,0.0,0.0,0,0.0,dengede,14993,,248,247.0,174480.0
81,1794,Düzce,Gölyaka,1.0,0.9402518,1,0.0,dengede,8901,,286,377.0,48315.0
1,1757,Adana,Aladað,1.0,1.4285505,1,0.0,dengede,11878,,342,145.0,79101.0
1,1219,Adana,Ceyhan,4.0,3.8034942,4,0.0,dengede,113379,,570,2426.0,972741.0
8,1736,Artvin,Yusufeli,1.0,1.2492034,1,0.0,dengede,5434,,331,357.0,17943.0
1,2033,Adana,Çukurova,10.0,6.9945188,7,3.0,norm_fazlasi,289068,,388,5860.0,90956.0
1,1329,Adana,Feke,0.0,0.016747423,0,0.0,dengede,9559,,331,193.0,53232.0
1,1806,Adana,Ýmamoðlu,1.0,0.891723,1,0.0,dengede,18260,,439,501.0,347479.0
1,1437,Adana,Karaisalý,2.0,1.2751604,1,1.0,norm_fazlasi,17326,,504,615.0,234393.0
1,1443,Adana,Karataþ,1.0,1.0867728,1,0.0,dengede,18854,,466,447.0,468214.0
1,1486,Adana,Kozan,3.0,2.7776198,3,0.0,dengede,84549,,625,1588.0,597859.0
1,1580,Adana,Pozantý,1.0,1.3395746,1,0.0,dengede,14190,,252,696.0,34660.0
1,1588,Adana,Saimbeyli,0.0,0.008817762,0,0.0,dengede,10432,,335,115.0,118601.0
1,2032,Adana,Sarýçam,5.0,4.117328,4,1.0,norm_fazlasi,174701,,556,2725.0,422915.0
1,1104,Adana,Seyhan,11.0,11.567038,12,-1.0,dengede,562903,,596,9446.0,273910.0
1,1687,Adana,Tufanbeyli,0.0,0.020051755,0,0.0,dengede,8625,,378,252.0,311293.0
1,1734,Adana,Yumurtalýk,1.0,1.2397407,1,0.0,dengede,12084,,469,483.0,278432.0
1,1748,Adana,Yüreðir,11.0,7.251827,7,4.0,norm_fazlasi,272630,,579,5026.0,735550.0
2,1182,Adýyaman,Besni,1.0,1.4930633,1,0.0,dengede,38935,,500,553.0,611269.0
2,1246,Adýyaman,Çelikhan,0.0,0.044661425,0,0.0,dengede,8298,,275,142.0,13385.0
2,1347,Adýyaman,Gerger,0.0,0.0,0,0.0,dengede,1961,,394,67.0,59060.0
2,1354,Adýyaman,Gölbaþý,1.0,1.4314996,1,0.0,dengede,26453,,431,504.0,176538.0
2,1425,Adýyaman,Kahta,2.0,1.6304762,2,0.0,dengede,61773,,443,1330.0,545162.0
2,1592,Adýyaman,Samsat,0.0,0.0,0,0.0,dengede,2577,,320,27.0,106919.0
2,1985,Adýyaman,Sincik,0.0,0.0,0,0.0,dengede,5040,,251,61.0,44319.0
2,1989,Adýyaman,Tut,0.0,0.12988594,0,0.0,dengede,2619,,397,207.0,73407.0
3,1771,Afyonkarahisar,Baþmakçý,0.0,0.075793356,0,0.0,dengede,3867,,417,424.0,88704.0
3,1773,Afyonkarahisar,Bayat,0.0,0.0,0,0.0,dengede,3345,,353,100.0,105233.0
3,1200,Afyonkarahisar,Bolvadin,2.0,1.4265984,1,1.0,norm_fazlasi,29923,,446,1081.0,220563.0
3,1239,Afyonkarahisar,Çay,2.0,1.4019587,1,1.0,norm_fazlasi,14898,,543,946.0,304398.0
3,1906,Afyonkarahisar,Çobanlar,0.0,0.011041574,0,0.0,dengede,8280,,296,189.0,117115.0
3,1267,Afyonkarahisar,Dazkýrý,0.0,0.061623096,0,0.0,dengede,4523,,461,346.0,125797.0
3,1281,Afyonkarahisar,Dinar,1.0,1.9072423,2,-1.0,norm_eksigi,24237,,561,1135.0,491119.0
3,1306,Afyonkarahisar,Emirdað,0.0,0.068378046,0,0.0,dengede,21281,,373,585.0,1084049.0
3,1923,Afyonkarahisar,Evciler,0.0,0.01800754,0,0.0,dengede,2804,,299,171.0,123494.0
3,1944,Afyonkarahisar,Hocalar,0.0,0.0034085587,0,0.0,dengede,1701,,306,125.0,69733.0
3,1404,Afyonkarahisar,Ýhsaniye,0.0,0.06233385,0,0.0,dengede,12403,,376,381.0,336717.0
3,1809,Afyonkarahisar,Ýscehisar,1.0,0.7900142,1,0.0,dengede,10320,,295,251.0,111360.0
3,1961,Afyonkarahisar,Kýzýlören,0.0,0.0,0,0.0,dengede,1187,,351,58.0,48199.0
3,1594,Afyonkarahisar,Sandýklý,1.0,1.5627967,2,-1.0,norm_eksigi,26187,,477,1306.0,487045.0
3,1626,Afyonkarahisar,Sinanpaþa,1.0,0.8832931,1,0.0,dengede,22151,,367,535.0,335313.0
3,1639,Afyonkarahisar,Sultandaðý,0.0,0.0411357,0,0.0,dengede,7747,,417,279.0,264272.0
3,1664,Afyonkarahisar,Þuhut,1.0,1.3100613,1,0.0,dengede,12879,,462,729.0,561081.0
4,1283,Aðrý,Diyadin,0.0,0.062486365,0,0.0,dengede,11534,,207,295.0,369883.0
4,1301,Aðrý,Eleþkirt,0.0,0.042208612,0,0.0,dengede,10047,,270,277.0,455991.0
4,1379,Aðrý,Hamur,0.0,0.0,0,0.0,dengede,1323,,194,52.0,237750.0
4,1568,Aðrý,Patnos,0.0,0.07346502,0,0.0,dengede,36378,,260,776.0,539353.0
4,1667,Aðrý,Taþlýçay,0.0,0.03944704,0,0.0,dengede,3991,,223,278.0,237855.0
4,1691,Aðrý,Tutak,1.0,0.9503717,1,0.0,dengede,4490,,233,279.0,444516.0
68,1860,Aksaray,Aðaçören,0.0,0.0,0,0.0,dengede,2599,,306,31.0,209146.0
68,1921,Aksaray,Eskil,1.0,0.58013254,1,0.0,dengede,13820,,332,290.0,779054.0
68,1932,Aksaray,Gülaðaç,0.0,0.029336557,0,0.0,dengede,9309,,435,132.0,186264.0
68,1861,Aksaray,Güzelyurt,0.0,0.0063161477,0,0.0,dengede,5249,,412,123.0,175064.0
68,1557,Aksaray,Ortaköy,1.0,1.0109562,1,0.0,dengede,14684,,432,512.0,563141.0
68,1866,Aksaray,Sarýyahþi,0.0,0.0,0,0.0,dengede,2711,,283,33.0,83346.0
68,2106,Aksaray,Sultanhaný,1.0,1.0285372,1,0.0,dengede,8360,,342,307.0,257980.0
5,1363,Amasya,Göynücek,0.0,0.0,0,0.0,dengede,4117,,381,117.0,211719.0
5,1368,Amasya,Gümüþhacýköy,0.0,0.07818596,0,0.0,dengede,12801,,472,545.0,215795.0
5,1938,Amasya,Hamamözü,0.0,0.0,0,0.0,dengede,1288,,388,65.0,49816.0
5,1524,Amasya,Merzifon,3.0,2.1967485,2,1.0,norm_fazlasi,48897,,548,1716.0,521655.0
5,1641,Amasya,Suluova,1.0,1.2436968,1,0.0,dengede,30018,,432,697.0,273133.0
5,1668,Amasya,Taþova,0.0,0.09059343,0,0.0,dengede,8401,,510,573.0,372702.0
6,1872,Ankara,Akyurt,3.0,1.9116108,2,1.0,norm_fazlasi,31768,,423,1096.0,197830.0
6,1130,Ankara,Altýndað,8.0,9.090921,9,-1.0,dengede,309197,,310,9638.0,64660.0
6,1157,Ankara,Ayaþ,2.0,1.1318372,1,1.0,norm_fazlasi,9539,,490,642.0,505498.0
6,1167,Ankara,Bala,1.0,0.85544145,1,0.0,dengede,16030,,415,391.0,1208434.0
6,1187,Ankara,Beypazarý,1.0,2.6606548,3,-2.0,norm_eksigi,36201,,500,1806.0,639928.0
6,1227,Ankara,Çamlýdere,0.0,0.017532267,0,0.0,dengede,8457,,306,179.0,24838.0
6,1231,Ankara,Çankaya,21.0,22.27275,22,-1.0,dengede,793968,,350,29287.0,103471.0
6,1260,Ankara,Çubuk,3.0,2.365475,2,1.0,norm_fazlasi,76312,,432,2281.0,391166.0
6,1302,Ankara,Elmadað,3.0,1.5349158,2,1.0,norm_fazlasi,34727,,412,1216.0,269253.0
6,1922,Ankara,Etimesgut,11.0,10.727308,11,0.0,dengede,457662,,309,10121.0,54703.0
6,1924,Ankara,Evren,0.0,0.0,0,0.0,dengede,2594,,327,59.0,138526.0
6,1744,Ankara,Gölbaþý,7.0,4.141029,4,3.0,norm_fazlasi,125765,,527,3772.0,824019.0
6,1365,Ankara,Güdül,0.0,0.01995711,0,0.0,dengede,7683,,328,293.0,288524.0
6,1387,Ankara,Haymana,3.0,1.1245126,1,2.0,norm_fazlasi,22234,,497,517.0,1335507.0
6,1815,Ankara,Kahramankazan,4.0,4.2671885,4,0.0,dengede,44785,,496,2939.0,261886.0
6,1427,Ankara,Kalecik,1.0,1.0955653,1,0.0,dengede,10024,,580,418.0,490129.0
6,1745,Ankara,Keçiören,15.0,13.406988,13,2.0,dengede,711423,,250,12605.0,25555.0
6,1473,Ankara,Kýzýlcahamam,1.0,1.4959773,1,0.0,dengede,24099,,315,800.0,103480.0
6,1746,Ankara,Mamak,7.0,10.103645,10,-3.0,norm_eksigi,519955,,356,8620.0,66781.0
6,1539,Ankara,Nallýhan,1.0,1.3225847,1,0.0,dengede,19724,,530,808.0,413407.0
6,1578,Ankara,Polatlý,2.0,3.2880135,3,-1.0,norm_eksigi,94981,,500,3269.0,2214535.0
6,2034,Ankara,Pursaklar,4.0,3.442414,3,1.0,norm_fazlasi,118517,,349,2706.0,68836.0
6,1747,Ankara,Sincan,7.0,8.864474,9,-2.0,norm_eksigi,435135,,546,7957.0,506417.0
6,1658,Ankara,Þereflikoçhisar,1.0,1.1281875,1,0.0,dengede,26049,,462,840.0,963713.0
6,1723,Ankara,Yenimahalle,21.0,14.0446,14,7.0,norm_fazlasi,553961,,266,15474.0,54436.0
7,1121,Antalya,Akseki,0.0,0.02597157,0,0.0,dengede,8605,,313,155.0,15403.0
7,2035,Antalya,Aksu,3.0,2.0751576,2,1.0,norm_fazlasi,62680,,497,1107.0,173323.0
7,1126,Antalya,Alanya,7.0,7.151031,7,0.0,dengede,259406,,407,7058.0,193579.0
7,1811,Antalya,Demre,2.0,1.4340496,1,1.0,norm_fazlasi,21601,,230,1299.0,30902.0
7,2036,Antalya,Döþemealtý,2.0,2.689205,3,-1.0,norm_eksigi,69911,,543,1509.0,106698.0
7,1303,Antalya,Elmalý,1.0,1.5704123,2,-1.0,norm_eksigi,31255,,449,1000.0,466070.0
7,1333,Antalya,Finike,3.0,2.2606254,2,1.0,norm_fazlasi,28059,,294,1294.0,68337.0
7,1337,Antalya,Gazipaþa,3.0,2.433288,2,1.0,norm_fazlasi,44520,,431,2004.0,102696.0
7,1370,Antalya,Gündoðmuþ,1.0,0.55635256,1,0.0,dengede,6903,,249,57.0,12484.0
7,1946,Antalya,Ýbradý,0.0,0.0023261234,0,0.0,dengede,3646,,269,56.0,4909.0
7,1451,Antalya,Kaþ,2.0,2.2357395,2,0.0,dengede,32399,,380,1842.0,123503.0
7,1959,Antalya,Kemer,4.0,2.3734562,2,2.0,norm_fazlasi,34554,,331,1703.0,15669.0
7,2037,Antalya,Kepez,9.0,9.630838,10,-1.0,dengede,475805,,473,7086.0,61645.0
7,2038,Antalya,Konyaaltý,7.0,5.04203,5,2.0,norm_fazlasi,155728,,379,3497.0,35146.0
7,1483,Antalya,Korkuteli,2.0,1.9322546,2,0.0,dengede,47023,,496,1374.0,1016218.0
7,1492,Antalya,Kumluca,2.0,2.1382337,2,0.0,dengede,58061,,346,1686.0,92772.0
7,1512,Antalya,Manavgat,11.0,8.101324,8,3.0,norm_fazlasi,249296,,665,5739.0,386092.0
7,2039,Antalya,Muratpaþa,13.0,11.512628,12,1.0,dengede,400613,,316,11104.0,7790.0
7,1616,Antalya,Serik,6.0,4.8954806,5,1.0,norm_fazlasi,104101,,631,2131.0,359045.0
75,1252,Ardahan,Çýldýr,0.0,0.0,0,0.0,dengede,1819,,203,79.0,135170.0
75,2008,Ardahan,Damal,0.0,0.017433524,0,0.0,dengede,2223,,156,106.0,56158.0
75,1356,Ardahan,Göle,0.0,0.017468452,0,0.0,dengede,6620,,187,318.0,207020.0
75,1380,Ardahan,Hanak,0.0,0.034720406,0,0.0,dengede,2202,,151,96.0,110420.0
75,1579,Ardahan,Posof,0.0,0.0,0,0.0,dengede,1564,,227,135.0,41398.0
8,1145,Artvin,Ardanuç,0.0,0.045649722,0,0.0,dengede,4316,,294,146.0,46227.0
8,1147,Artvin,Arhavi,2.0,1.3760401,1,1.0,norm_fazlasi,13351,,212,824.0,40392.0
8,1202,Artvin,Borçka,0.0,0.02172535,0,0.0,dengede,8206,,195,272.0,84152.0
8,1395,Artvin,Hopa,1.0,1.0545129,1,0.0,dengede,17540,,201,514.0,33629.0
8,2105,Artvin,Kemalpaþa,1.0,0.90746444,1,0.0,dengede,4997,,152,316.0,21112.0
8,1828,Artvin,Murgul,0.0,0.0,0,0.0,dengede,3970,,218,71.0,12469.0
8,1653,Artvin,Þavþat,1.0,0.9662413,1,0.0,dengede,5748,,218,199.0,30031.0
9,1206,Aydýn,Bozdoðan,0.0,0.40604204,0,0.0,dengede,26564,,585,718.0,271057.0
9,1781,Aydýn,Buharkent,0.0,0.07479428,0,0.0,dengede,10092,,415,306.0,35563.0
9,1256,Aydýn,Çine,1.0,2.2713077,2,-1.0,norm_eksigi,40046,,572,1303.0,339306.0
9,2000,Aydýn,Didim,4.0,3.1643808,3,1.0,norm_fazlasi,81769,,468,2099.0,123036.0
9,2076,Aydýn,Efeler,4.0,7.3470883,7,-3.0,norm_eksigi,238106,,592,6460.0,352953.0
9,1348,Aydýn,Germencik,1.0,1.6622115,2,-1.0,norm_eksigi,33539,,444,1274.0,254250.0
9,1807,Aydýn,Ýncirliova,2.0,1.9119029,2,0.0,dengede,41805,,479,861.0,133970.0
9,1435,Aydýn,Karacasu,2.0,0.9953239,1,1.0,norm_fazlasi,14465,,425,329.0,221754.0
9,1957,Aydýn,Karpuzlu,0.0,0.04357884,0,0.0,dengede,9055,,435,245.0,140823.0
9,1479,Aydýn,Koçarlý,0.0,0.07946184,0,0.0,dengede,18929,,453,632.0,221064.0
9,1968,Aydýn,Köþk,2.0,1.7273132,2,0.0,dengede,22811,,398,669.0,130978.0
9,1497,Aydýn,Kuþadasý,5.0,4.5999694,5,0.0,dengede,112270,,335,3016.0,59771.0
9,1498,Aydýn,Kuyucak,1.0,1.878549,2,-1.0,norm_eksigi,22039,,484,518.0,182993.0
9,1542,Aydýn,Nazilli,4.0,5.3831105,5,-1.0,norm_eksigi,128377,,526,2901.0,304150.0
9,1637,Aydýn,Söke,4.0,3.0127075,3,1.0,norm_fazlasi,95945,,533,2385.0,646309.0
9,1640,Aydýn,Sultanhisar,1.0,1.3350139,1,0.0,dengede,16016,,442,893.0,154217.0
9,1724,Aydýn,Yenipazar,1.0,1.5092291,2,-1.0,norm_eksigi,9814,,426,271.0,105718.0
10,2077,Balýkesir,Altýeylül,6.0,5.525923,6,0.0,dengede,148506,,560,3126.0,281664.0
10,1161,Balýkesir,Ayvalýk,2.0,3.8197558,4,-2.0,norm_eksigi,62817,,427,2935.0,194494.0
10,1169,Balýkesir,Balya,0.0,0.058382124,0,0.0,dengede,12054,,369,307.0,68724.0
10,1171,Balýkesir,Bandýrma,4.0,5.1086135,5,-1.0,norm_eksigi,133155,,514,2716.0,347384.0
10,1191,Balýkesir,Bigadiç,1.0,1.5549456,2,-1.0,norm_eksigi,44996,,502,830.0,282339.0
10,1216,Balýkesir,Burhaniye,3.0,2.3637395,2,1.0,norm_fazlasi,57292,,386,1752.0,186573.0
10,1291,Balýkesir,Dursunbey,0.0,0.13494134,0,0.0,dengede,28647,,488,818.0,155497.0
10,1294,Balýkesir,Edremit,3.0,4.3543315,4,-1.0,norm_eksigi,123817,,277,4236.0,214317.0
10,1310,Balýkesir,Erdek,2.0,2.0586727,2,0.0,dengede,28097,,354,1193.0,54980.0
10,1928,Balýkesir,Gömeç,1.0,1.5089563,2,-1.0,norm_eksigi,13757,,331,672.0,132423.0
10,1360,Balýkesir,Gönen,3.0,3.1902618,3,0.0,dengede,66301,,575,1933.0,399490.0
10,1384,Balýkesir,Havran,2.0,1.6263689,2,0.0,dengede,25769,,341,678.0,148018.0
10,1418,Balýkesir,Ývrindi,0.0,0.316628,0,0.0,dengede,27286,,467,827.0,121830.0
10,2078,Balýkesir,Karesi,5.0,4.5282636,5,0.0,dengede,149659,,457,3476.0,152339.0
10,1462,Balýkesir,Kepsut,1.0,1.3385025,1,0.0,dengede,19704,,478,654.0,159559.0
10,1514,Balýkesir,Manyas,2.0,1.2356296,1,1.0,norm_fazlasi,15587,,484,472.0,314015.0
10,1824,Balýkesir,Marmara,1.0,1.3861823,1,0.0,dengede,7333,,244,832.0,11382.0
10,1608,Balýkesir,Savaþtepe,0.0,0.07161935,0,0.0,dengede,13612,,488,248.0,176484.0
10,1619,Balýkesir,Sýndýrgý,1.0,1.3776175,1,0.0,dengede,26566,,509,694.0,199851.0
10,1644,Balýkesir,Susurluk,0.0,1.1971954,1,-1.0,norm_eksigi,30790,,518,838.0,253234.0
74,1761,Bartýn,Amasra,1.0,1.407582,1,0.0,dengede,4995,,311,425.0,20346.0
74,1496,Bartýn,Kurucaþile,0.0,0.0,0,0.0,dengede,1847,,307,106.0,17767.0
74,1701,Bartýn,Ulus,0.0,0.059769332,0,0.0,dengede,8826,,394,323.0,51637.0
72,1184,Batman,Beþiri,1.0,0.6921736,1,0.0,dengede,11989,,292,142.0,363840.0
72,1345,Batman,Gercüþ,0.0,0.0,0,0.0,dengede,5899,,247,107.0,132635.0
72,1941,Batman,Hasankeyf,0.0,0.0,0,0.0,dengede,2885,,221,30.0,22062.0
72,1487,Batman,Kozluk,1.0,1.0671266,1,0.0,dengede,19353,,310,409.0,260589.0
72,1607,Batman,Sason,1.0,0.8233055,1,0.0,dengede,9910,,226,113.0,11102.0
69,1767,Bayburt,Aydýntepe,0.0,0.0,0,0.0,dengede,2547,,312,114.0,80706.0
69,1788,Bayburt,Demirözü,0.0,0.0,0,0.0,dengede,3759,,279,160.0,247077.0
11,1210,Bilecik,Bozüyük,2.0,2.1471553,2,0.0,dengede,57255,,422,1164.0,192911.0
11,1359,Bilecik,Gölpazarý,0.0,0.00046814233,0,0.0,dengede,5754,,362,86.0,122440.0
11,1948,Bilecik,Ýnhisar,0.0,0.0,0,0.0,dengede,812,,249,20.0,19490.0
11,1559,Bilecik,Osmaneli,1.0,1.091009,1,0.0,dengede,12610,,441,286.0,123423.0
11,1571,Bilecik,Pazaryeri,0.0,0.03997931,0,0.0,dengede,4792,,424,226.0,101134.0
11,1636,Bilecik,Söðüt,0.0,0.020312108,0,0.0,dengede,10769,,334,221.0,96785.0
11,1857,Bilecik,Yenipazar,0.0,0.0,0,0.0,dengede,886,,316,38.0,74768.0
12,1750,Bingöl,Adaklý,0.0,0.0,0,0.0,dengede,2443,,210,23.0,140570.0
12,1344,Bingöl,Genç,0.0,0.0,0,0.0,dengede,13963,,276,173.0,205502.0
12,1446,Bingöl,Karlýova,0.0,0.0,0,0.0,dengede,7154,,220,136.0,211501.0
12,1855,Bingöl,Yayladere,0.0,0.0,0,0.0,dengede,724,,187,5.0,35599.0
12,1996,Bingöl,Yedisu,0.0,0.0,0,0.0,dengede,1070,,210,19.0,76116.0
13,1106,Bitlis,Adilcevaz,0.0,0.02524262,0,0.0,dengede,11227,,302,222.0,372590.0
13,1112,Bitlis,Ahlat,0.0,0.039892234,0,0.0,dengede,22806,,284,572.0,417282.0
13,1798,Bitlis,Güroymak,0.0,0.030639328,0,0.0,dengede,21757,,264,204.0,128040.0
13,1394,Bitlis,Hizan,0.0,0.0280568,0,0.0,dengede,8448,,258,362.0,85682.0
13,1537,Bitlis,Mutki,0.0,0.0,0,0.0,dengede,3769,,233,48.0,93716.0
13,1669,Bitlis,Tatvan,2.0,1.343457,1,1.0,norm_fazlasi,56791,,261,912.0,213767.0
14,1916,Bolu,Dörtdivan,0.0,0.019161142,0,0.0,dengede,2220,,210,163.0,87837.0
14,1346,Bolu,Gerede,1.0,0.8676138,1,0.0,dengede,20157,,248,660.0,303362.0
14,1364,Bolu,Göynük,0.0,0.04199376,0,0.0,dengede,3456,,329,303.0,152708.0
14,1466,Bolu,Kýbrýscýk,0.0,0.0,0,0.0,dengede,891,,213,71.0,9546.0
14,1522,Bolu,Mengen,0.0,0.03235463,0,0.0,dengede,5963,,331,221.0,16085.0
14,1531,Bolu,Mudurnu,0.0,0.05509475,0,0.0,dengede,6029,,316,492.0,154571.0
14,1610,Bolu,Seben,0.0,0.0,0,0.0,dengede,1985,,301,94.0,47610.0
14,1997,Bolu,Yeniçaða,0.0,0.0,0,0.0,dengede,3467,,269,124.0,42788.0
15,1109,Burdur,Aðlasun,0.0,0.040708266,0,0.0,dengede,3123,,549,160.0,58648.0
15,1874,Burdur,Altýnyayla,0.0,0.0,0,0.0,dengede,2380,,377,90.0,12732.0
15,1211,Burdur,Bucak,3.0,2.5984213,3,0.0,dengede,40267,,681,988.0,216391.0
15,1899,Burdur,Çavdýr,1.0,1.5744402,2,-1.0,norm_eksigi,6490,,462,868.0,110050.0
15,1903,Burdur,Çeltikçi,0.0,0.0,0,0.0,dengede,1876,,470,69.0,31991.0
15,1357,Burdur,Gölhisar,1.0,1.493674,1,0.0,dengede,15179,,578,609.0,175337.0
15,1813,Burdur,Karamanlý,0.0,0.054875575,0,0.0,dengede,4776,,548,85.0,161863.0
15,1816,Burdur,Kemer,0.0,0.0,0,0.0,dengede,1201,,439,58.0,80232.0
15,1672,Burdur,Tefenni,0.0,0.031122811,0,0.0,dengede,4718,,451,145.0,158592.0
15,1728,Burdur,Yeþilova,0.0,0.08456975,0,0.0,dengede,4282,,578,354.0,230340.0
16,1783,Bursa,Büyükorhan,0.0,0.06555388,0,0.0,dengede,9678,,429,216.0,38452.0
16,1343,Bursa,Gemlik,4.0,3.3015969,3,1.0,norm_fazlasi,84461,,341,2864.0,88765.0
16,1935,Bursa,Gürsu,4.0,2.352139,2,2.0,norm_fazlasi,76010,,406,1012.0,43718.0
16,1799,Bursa,Harmancýk,0.0,0.03642551,0,0.0,dengede,5200,,453,114.0,47068.0
16,1411,Bursa,Ýnegöl,7.0,6.7707634,7,0.0,dengede,233613,,581,4524.0,297879.0
16,1420,Bursa,Ýznik,3.0,2.04177,2,1.0,norm_fazlasi,38104,,436,1559.0,164702.0
16,1434,Bursa,Karacabey,3.0,2.9373758,3,0.0,dengede,68306,,611,1844.0,617619.0
16,1457,Bursa,Keles,2.0,1.4234523,1,1.0,norm_fazlasi,10996,,484,250.0,104478.0
16,1960,Bursa,Kestel,2.0,2.885391,3,-1.0,norm_eksigi,56415,,527,1610.0,82522.0
16,1530,Bursa,Mudanya,4.0,3.3450084,3,1.0,norm_fazlasi,87768,,479,2491.0,190047.0
16,1535,Bursa,Mustafakemalpaþa,3.0,4.039919,4,-1.0,norm_eksigi,85488,,570,2760.0,512835.0
16,1829,Bursa,Nilüfer,10.0,10.8127365,11,-1.0,dengede,432989,,484,9809.0,155372.0
16,1553,Bursa,Orhaneli,1.0,1.4639074,1,0.0,dengede,15525,,548,376.0,88700.0
16,1554,Bursa,Orhangazi,2.0,2.601021,3,-1.0,norm_eksigi,61950,,466,2161.0,129721.0
16,1832,Bursa,Osmangazi,15.0,16.485716,16,-1.0,dengede,669873,,500,16425.0,120155.0
16,1725,Bursa,Yeniþehir,2.0,2.0180986,2,0.0,dengede,43917,,552,1444.0,314401.0
16,1859,Bursa,Yýldýrým,9.0,10.22818,10,-1.0,dengede,480785,,342,8276.0,12522.0
17,1160,Çanakkale,Ayvacýk,2.0,1.5969776,2,0.0,dengede,17164,,512,1244.0,242999.0
17,1180,Çanakkale,Bayramiç,0.0,0.25454968,0,0.0,dengede,12477,,610,933.0,315374.0
17,1190,Çanakkale,Biga,2.0,2.5787237,3,-1.0,norm_eksigi,50080,,620,1881.0,585449.0
17,1205,Çanakkale,Bozcaada,1.0,1.0174295,1,0.0,dengede,3018,,302,285.0,16760.0
17,1229,Çanakkale,Çan,1.0,1.6611913,2,-1.0,norm_eksigi,25081,,528,545.0,211683.0
17,1293,Çanakkale,Eceabat,2.0,1.2548742,1,1.0,norm_fazlasi,4783,,479,391.0,166340.0
17,1326,Çanakkale,Ezine,2.0,1.3932363,1,1.0,norm_fazlasi,14998,,533,824.0,268469.0
17,1340,Çanakkale,Gelibolu,2.0,1.445423,1,1.0,norm_fazlasi,28560,,540,1017.0,393209.0
17,1408,Çanakkale,Gökçeada,1.0,1.5331553,2,-1.0,norm_eksigi,6543,,428,697.0,29875.0
17,1503,Çanakkale,Lapseki,2.0,1.5726445,2,0.0,dengede,18147,,589,579.0,231215.0
17,1722,Çanakkale,Yenice,1.0,1.424671,1,0.0,dengede,8218,,506,755.0,277433.0
18,1765,Çankýrý,Atkaracalar,0.0,0.0,0,0.0,dengede,3541,,315,48.0,97267.0
18,1885,Çankýrý,Bayramören,0.0,0.0,0,0.0,dengede,449,,292,10.0,15857.0
18,1248,Çankýrý,Çerkeþ,0.0,0.011212602,0,0.0,dengede,9533,,362,209.0,282738.0
18,1300,Çankýrý,Eldivan,0.0,0.0,0,0.0,dengede,2770,,400,62.0,84733.0
18,1399,Çankýrý,Ilgaz,0.0,0.0,0,0.0,dengede,6069,,383,173.0,140493.0
18,1817,Çankýrý,Kýzýlýrmak,0.0,0.0,0,0.0,dengede,1621,,352,96.0,319116.0
18,1963,Çankýrý,Korgun,0.0,0.0,0,0.0,dengede,1862,,359,40.0,40536.0
18,1494,Çankýrý,Kurþunlu,0.0,0.0,0,0.0,dengede,5465,,317,122.0,138820.0
18,1555,Çankýrý,Orta,0.0,0.0,0,0.0,dengede,9534,,259,107.0,144599.0
18,1649,Çankýrý,Þabanözü,0.0,0.0010537878,0,0.0,dengede,7179,,349,142.0,181102.0
18,1718,Çankýrý,Yapraklý,0.0,0.0,0,0.0,dengede,1458,,424,37.0,171460.0
19,1124,Çorum,Alaca,1.0,0.89096755,1,0.0,dengede,14303,,469,360.0,867512.0
19,1177,Çorum,Bayat,0.0,0.01914756,0,0.0,dengede,4231,,417,185.0,317007.0
19,1778,Çorum,Boðazkale,0.0,0.0,0,0.0,dengede,1738,,366,71.0,105142.0
19,1911,Çorum,Dodurga,0.0,0.0,0,0.0,dengede,2045,,328,69.0,66973.0
19,1414,Çorum,Ýskilip,1.0,0.9999774,1,0.0,dengede,13709,,494,333.0,386880.0
19,1445,Çorum,Kargý,0.0,0.06774466,0,0.0,dengede,4402,,554,293.0,105809.0
19,1972,Çorum,Laçin,0.0,0.0,0,0.0,dengede,1166,,434,36.0,79778.0
19,1520,Çorum,Mecitözü,0.0,0.00044161826,0,0.0,dengede,3217,,461,138.0,420532.0
19,1976,Çorum,Oðuzlar,0.0,0.0,0,0.0,dengede,2321,,300,62.0,55126.0
19,1556,Çorum,Ortaköy,0.0,0.0,0,0.0,dengede,3525,,419,42.0,138929.0
19,1558,Çorum,Osmancýk,1.0,1.6260763,2,-1.0,norm_eksigi,23011,,555,732.0,234129.0
19,1642,Çorum,Sungurlu,1.0,1.5788996,2,-1.0,norm_eksigi,24309,,517,478.0,1160019.0
19,1850,Çorum,Uðurludað,0.0,0.0,0,0.0,dengede,2466,,445,44.0,220149.0
20,1102,Denizli,Acýpayam,2.0,1.6992098,2,0.0,dengede,43511,,502,1345.0,450035.0
20,1769,Denizli,Babadað,0.0,0.020503663,0,0.0,dengede,3690,,250,210.0,32169.0
20,1881,Denizli,Baklan,0.0,0.01326897,0,0.0,dengede,4165,,434,110.0,140000.0
20,1774,Denizli,Bekilli,0.0,0.007106304,0,0.0,dengede,5692,,321,130.0,118914.0
20,1888,Denizli,Beyaðaç,0.0,0.0067542866,0,0.0,dengede,5099,,316,69.0,43753.0
20,1889,Denizli,Bozkurt,0.0,0.057067916,0,0.0,dengede,9434,,479,275.0,151578.0
20,1214,Denizli,Buldan,1.0,1.333967,1,0.0,dengede,24269,,515,427.0,145508.0
20,1224,Denizli,Çal,0.0,0.06946936,0,0.0,dengede,11386,,471,417.0,380683.0
20,1226,Denizli,Çameli,1.0,1.2482674,1,0.0,dengede,14054,,468,414.0,121006.0
20,1233,Denizli,Çardak,0.0,0.052555155,0,0.0,dengede,6766,,446,137.0,101240.0
20,1257,Denizli,Çivril,2.0,2.0586395,2,0.0,dengede,49363,,502,1383.0,497511.0
20,1371,Denizli,Güney,0.0,0.025157861,0,0.0,dengede,7254,,430,100.0,162779.0
20,1803,Denizli,Honaz,1.0,1.4752722,1,0.0,dengede,28937,,491,810.0,159788.0
20,1426,Denizli,Kale,0.0,0.0820432,0,0.0,dengede,16225,,458,449.0,167407.0
20,2079,Denizli,Merkezefendi,6.0,6.920505,7,-1.0,dengede,257177,,417,5714.0,61731.0
20,1871,Denizli,Pamukkale,9.0,7.4019976,7,2.0,norm_fazlasi,266391,,507,6506.0,288001.0
20,1597,Denizli,Sarayköy,2.0,1.2451954,1,1.0,norm_fazlasi,24348,,417,748.0,155126.0
20,1840,Denizli,Serinhisar,1.0,1.4427167,1,0.0,dengede,11942,,445,910.0,59016.0
20,1670,Denizli,Tavas,1.0,1.4882743,1,0.0,dengede,37607,,535,943.0,466311.0
21,2040,Diyarbakýr,Baðlar,9.0,5.5509257,6,3.0,norm_fazlasi,251070,,296,4415.0,145067.0
21,1195,Diyarbakýr,Bismil,0.0,0.08359574,0,0.0,dengede,75742,,328,1348.0,1320176.0
21,1249,Diyarbakýr,Çermik,0.0,0.05670594,0,0.0,dengede,32218,,375,567.0,211345.0
21,1253,Diyarbakýr,Çýnar,0.0,0.09302005,0,0.0,dengede,49845,,402,330.0,666797.0
21,1263,Diyarbakýr,Çüngüþ,0.0,0.009601615,0,0.0,dengede,7925,,299,107.0,59988.0
21,1278,Diyarbakýr,Dicle,1.0,1.3651903,1,0.0,dengede,26656,,300,232.0,158764.0
21,1791,Diyarbakýr,Eðil,0.0,0.015231796,0,0.0,dengede,14083,,249,147.0,114885.0
21,1315,Diyarbakýr,Ergani,2.0,1.85997,2,0.0,dengede,88921,,388,1282.0,524645.0
21,1381,Diyarbakýr,Hani,1.0,0.8865297,1,0.0,dengede,17866,,292,240.0,120918.0
21,1389,Diyarbakýr,Hazro,0.0,0.0,0,0.0,dengede,9428,,303,107.0,164526.0
21,2041,Diyarbakýr,Kayapýnar,4.0,5.001473,5,-1.0,norm_eksigi,285907,,274,3807.0,197640.0
21,1962,Diyarbakýr,Kocaköy,0.0,0.0011151433,0,0.0,dengede,8751,,281,121.0,99372.0
21,1490,Diyarbakýr,Kulp,1.0,0.7446904,1,0.0,dengede,23388,,296,168.0,85842.0
21,1504,Diyarbakýr,Lice,0.0,0.014481828,0,0.0,dengede,17464,,305,176.0,103674.0
21,1624,Diyarbakýr,Silvan,1.0,1.1915058,1,0.0,dengede,57948,,355,946.0,751161.0
21,2042,Diyarbakýr,Sur,4.0,2.086885,2,2.0,norm_fazlasi,61895,,374,1778.0,783058.0
21,2043,Diyarbakýr,Yeniþehir,4.0,4.3945074,4,0.0,dengede,144382,,359,3331.0,185718.0
81,1116,Düzce,Akçakoca,1.0,1.3957595,1,0.0,dengede,22064,,262,991.0,220005.0
81,1784,Düzce,Cumayeri,0.0,0.017371021,0,0.0,dengede,8161,,244,307.0,54899.0
81,1905,Düzce,Çilimli,1.0,1.2423838,1,0.0,dengede,7972,,275,396.0,52987.0
81,2017,Düzce,Gümüþova,0.0,0.0311286,0,0.0,dengede,7175,,301,330.0,37861.0
81,2031,Düzce,Kaynaþlý,1.0,1.2877166,1,0.0,dengede,5926,,265,965.0,29136.0
81,1730,Düzce,Yýðýlca,0.0,0.024952225,0,0.0,dengede,1819,,241,267.0,102548.0
22,1307,Edirne,Enez,0.0,0.05093889,0,0.0,dengede,3558,,418,277.0,140969.0
22,1385,Edirne,Havsa,0.0,0.064974464,0,0.0,dengede,7129,,440,415.0,363763.0
22,1412,Edirne,Ýpsala,1.0,0.9237209,1,0.0,dengede,11928,,489,277.0,526544.0
22,1464,Edirne,Keþan,4.0,3.6317413,4,0.0,dengede,55056,,511,2358.0,557825.0
22,1502,Edirne,Lalapaþa,0.0,0.020746,0,0.0,dengede,2676,,338,168.0,243624.0
22,1523,Edirne,Meriç,1.0,1.0389572,1,0.0,dengede,5828,,459,323.0,207359.0
22,1988,Edirne,Süloðlu,0.0,0.018647335,0,0.0,dengede,2297,,388,181.0,177790.0
22,1705,Edirne,Uzunköprü,1.0,1.4459873,1,0.0,dengede,34219,,481,885.0,698877.0
23,1110,Elazýð,Aðýn,0.0,0.0,0,0.0,dengede,1405,,322,65.0,46974.0
23,1873,Elazýð,Alacakaya,0.0,0.0,0,0.0,dengede,2273,,265,56.0,30395.0
23,1762,Elazýð,Arýcak,0.0,0.0022949204,0,0.0,dengede,6820,,297,71.0,60110.0
23,1173,Elazýð,Baskil,0.0,0.0010556355,0,0.0,dengede,4230,,363,86.0,250091.0
23,1438,Elazýð,Karakoçan,0.0,0.026426055,0,0.0,dengede,12975,,316,87.0,100076.0
23,1455,Elazýð,Keban,1.0,1.2642074,1,0.0,dengede,3189,,364,347.0,60591.0
23,1820,Elazýð,Kovancýlar,1.0,0.84947723,1,0.0,dengede,17125,,366,313.0,284843.0
23,1506,Elazýð,Maden,0.0,0.01841341,0,0.0,dengede,2761,,324,160.0,49944.0
23,1566,Elazýð,Palu,0.0,0.018041492,0,0.0,dengede,8339,,326,72.0,58452.0
23,1631,Elazýð,Sivrice,0.0,0.0,0,0.0,dengede,3203,,345,86.0,69590.0
24,1243,Erzincan,Çayýrlý,0.0,0.0,0,0.0,dengede,3227,,385,88.0,232714.0
24,1406,Erzincan,Ýliç,0.0,0.0,0,0.0,dengede,3811,,338,51.0,82828.0
24,1459,Erzincan,Kemah,0.0,0.0,0,0.0,dengede,1838,,413,67.0,70007.0
24,1460,Erzincan,Kemaliye,0.0,0.0,0,0.0,dengede,1928,,362,96.0,22146.0
24,1977,Erzincan,Otlukbeli,0.0,0.0,0,0.0,dengede,1218,,319,23.0,58788.0
24,1583,Erzincan,Refahiye,0.0,0.0,0,0.0,dengede,3013,,339,74.0,199325.0
24,1675,Erzincan,Tercan,0.0,0.024935983,0,0.0,dengede,8604,,423,71.0,460428.0
24,1853,Erzincan,Üzümlü,0.0,0.04452008,0,0.0,dengede,8232,,433,122.0,50141.0
25,1153,Erzurum,Aþkale,0.0,0.03329262,0,0.0,dengede,13800,,262,535.0,212157.0
25,1945,Erzurum,Aziziye,1.0,2.191422,2,-1.0,norm_eksigi,51776,,291,1635.0,287291.0
25,1235,Erzurum,Çat,0.0,0.0072682276,0,0.0,dengede,11266,,158,265.0,199302.0
25,1392,Erzurum,Hýnýs,1.0,0.989519,1,0.0,dengede,16051,,266,696.0,264922.0
25,1396,Erzurum,Horasan,0.0,0.0681005,0,0.0,dengede,24628,,276,866.0,664117.0
25,1416,Erzurum,Ýspir,0.0,0.11220522,0,0.0,dengede,13476,,368,711.0,90620.0
25,1812,Erzurum,Karaçoban,0.0,0.015331849,0,0.0,dengede,15279,,238,281.0,157096.0
25,1444,Erzurum,Karayazý,1.0,0.82531244,1,0.0,dengede,18984,,166,342.0,417575.0
25,1967,Erzurum,Köprüköy,0.0,0.0030660406,0,0.0,dengede,11373,,222,161.0,267861.0
25,1540,Erzurum,Narman,0.0,0.021735422,0,0.0,dengede,10368,,250,303.0,233031.0
25,1550,Erzurum,Oltu,1.0,1.3896115,1,0.0,dengede,23384,,313,845.0,104361.0
25,1551,Erzurum,Olur,0.0,0.0,0,0.0,dengede,6058,,265,98.0,39294.0
25,2044,Erzurum,Palandöken,5.0,3.872875,4,1.0,norm_fazlasi,126460,,213,2999.0,151343.0
25,1567,Erzurum,Pasinler,0.0,0.032826982,0,0.0,dengede,16476,,262,552.0,343870.0
25,1865,Erzurum,Pazaryolu,0.0,0.022623144,0,0.0,dengede,3463,,266,190.0,23969.0
25,1657,Erzurum,Þenkaya,0.0,0.020109586,0,0.0,dengede,10495,,236,423.0,139856.0
25,1674,Erzurum,Tekman,0.0,0.010723375,0,0.0,dengede,14990,,138,322.0,221904.0
25,1683,Erzurum,Tortum,0.0,0.049549982,0,0.0,dengede,11223,,289,644.0,167586.0
25,1851,Erzurum,Uzundere,0.0,0.030036077,0,0.0,dengede,6262,,324,229.0,32136.0
25,2045,Erzurum,Yakutiye,5.0,5.47393,5,0.0,dengede,139895,,261,5821.0,197024.0
26,1759,Eskiþehir,Alpu,0.0,0.056669924,0,0.0,dengede,8055,,543,147.0,438429.0
26,1777,Eskiþehir,Beylikova,0.0,0.00073497,0,0.0,dengede,4501,,479,108.0,307824.0
26,1255,Eskiþehir,Çifteler,0.0,0.07222459,0,0.0,dengede,11580,,499,182.0,598849.0
26,1934,Eskiþehir,Günyüzü,0.0,0.011354096,0,0.0,dengede,5122,,448,39.0,266689.0
26,1939,Eskiþehir,Han,0.0,0.0,0,0.0,dengede,1775,,319,19.0,75718.0
26,1808,Eskiþehir,Ýnönü,0.0,0.037266843,0,0.0,dengede,5061,,469,103.0,147183.0
26,1508,Eskiþehir,Mahmudiye,0.0,0.03009528,0,0.0,dengede,6549,,511,108.0,424255.0
26,1973,Eskiþehir,Mihalgazi,0.0,0.0,0,0.0,dengede,2561,,351,36.0,4284.0
26,1527,Eskiþehir,Mihalýççýk,0.0,0.045664206,0,0.0,dengede,7074,,579,108.0,378276.0
26,2046,Eskiþehir,Odunpazarý,8.0,5.9917235,6,2.0,norm_fazlasi,335223,,563,4517.0,452845.0
26,1599,Eskiþehir,Sarýcakaya,0.0,0.026570931,0,0.0,dengede,3964,,517,55.0,23192.0
26,1618,Eskiþehir,Seyitgazi,1.0,0.97867423,1,0.0,dengede,11051,,541,137.0,589977.0
26,1632,Eskiþehir,Sivrihisar,1.0,1.1446728,1,0.0,dengede,15965,,581,312.0,1392472.0
26,2047,Eskiþehir,Tepebaþý,7.0,6.045982,6,1.0,dengede,315388,,691,4228.0,486098.0
27,1139,Gaziantep,Araban,0.0,0.045319326,0,0.0,dengede,23963,,384,248.0,302053.0
27,1415,Gaziantep,Ýslahiye,0.0,0.097822085,0,0.0,dengede,48382,,408,778.0,253173.0
27,1956,Gaziantep,Karkamýþ,0.0,0.08561896,0,0.0,dengede,7138,,273,223.0,251404.0
27,1546,Gaziantep,Nizip,4.0,2.9218957,3,1.0,norm_fazlasi,93634,,356,3085.0,703869.0
27,1974,Gaziantep,Nurdaðý,0.0,0.058533233,0,0.0,dengede,27228,,396,299.0,239103.0
27,1549,Gaziantep,Oðuzeli,1.0,1.0374644,1,0.0,dengede,26218,,376,770.0,561942.0
27,1841,Gaziantep,Þahinbey,10.0,9.421688,9,1.0,dengede,591511,,389,9281.0,497747.0
27,1844,Gaziantep,Þehitkamil,10.0,10.615519,11,-1.0,dengede,537935,,275,12191.0,448257.0
27,1720,Gaziantep,Yavuzeli,0.0,0.010816887,0,0.0,dengede,15394,,289,168.0,206499.0
28,1133,Giresun,Alucra,0.0,0.0,0,0.0,dengede,2908,,218,116.0,50650.0
28,1212,Giresun,Bulancak,3.0,1.5136908,2,1.0,norm_fazlasi,42300,,302,739.0,163229.0
28,1893,Giresun,Çamoluk,0.0,0.0,0,0.0,dengede,2432,,217,8.0,37938.0
28,1894,Giresun,Çanakçý,0.0,0.01499933,0,0.0,dengede,1462,,173,130.0,29662.0
28,1272,Giresun,Dereli,2.0,1.0760567,1,1.0,norm_fazlasi,7880,,185,527.0,79266.0
28,1912,Giresun,Doðankent,0.0,0.0,0,0.0,dengede,3500,,219,22.0,28310.0
28,1320,Giresun,Espiye,0.0,0.034723192,0,0.0,dengede,22693,,222,249.0,115489.0
28,1324,Giresun,Eynesil,0.0,0.015409827,0,0.0,dengede,8050,,193,244.0,36014.0
28,1361,Giresun,Görele,1.0,1.3614407,1,0.0,dengede,15843,,251,583.0,102636.0
28,1930,Giresun,Güce,0.0,0.008097403,0,0.0,dengede,3996,,186,121.0,38502.0
28,1465,Giresun,Keþap,0.0,0.047518276,0,0.0,dengede,7821,,258,370.0,105972.0
28,1837,Giresun,Piraziz,1.0,1.295905,1,0.0,dengede,6693,,284,266.0,89202.0
28,1654,Giresun,Þebinkarahisar,1.0,1.1314894,1,0.0,dengede,8437,,308,357.0,197847.0
28,1678,Giresun,Tirebolu,1.0,1.1853253,1,0.0,dengede,14960,,265,766.0,180596.0
28,1854,Giresun,Yaðlýdere,0.0,0.0095639825,0,0.0,dengede,7146,,195,152.0,72594.0
29,1458,Gümüþhane,Kelkit,1.0,1.1444058,1,0.0,dengede,25419,,362,505.0,459911.0
29,1822,Gümüþhane,Köse,0.0,0.0,0,0.0,dengede,3052,,253,89.0,157462.0
29,1971,Gümüþhane,Kürtün,0.0,0.006318681,0,0.0,dengede,5986,,281,137.0,29630.0
29,1660,Gümüþhane,Þiran,1.0,0.83601826,1,0.0,dengede,10997,,350,268.0,241950.0
29,1684,Gümüþhane,Torul,0.0,0.027656108,0,0.0,dengede,4147,,287,260.0,42236.0
30,1261,Hakkari,Çukurca,0.0,0.021472305,0,0.0,dengede,7194,,298,172.0,6632.0
30,2107,Hakkari,Derecik,0.0,0.027666084,0,0.0,dengede,7514,,308,78.0,7385.0
30,1656,Hakkari,Þemdinli,0.0,0.058203824,0,0.0,dengede,11784,,329,473.0,70324.0
30,1737,Hakkari,Yüksekova,1.0,1.539739,2,-1.0,norm_eksigi,62331,,343,652.0,246308.0
31,1131,Hatay,Altýnözü,1.0,1.146175,1,0.0,dengede,40551,,454,541.0,329450.0
31,2080,Hatay,Antakya,5.0,5.170298,5,0.0,dengede,199335,,679,2217.0,262733.0
31,2081,Hatay,Arsuz,2.0,3.156492,3,-1.0,norm_eksigi,83281,,453,2151.0,204982.0
31,1887,Hatay,Belen,1.0,1.6429,2,-1.0,norm_eksigi,25862,,452,546.0,34425.0
31,2082,Hatay,Defne,2.0,3.046144,3,-1.0,norm_eksigi,94333,,416,1421.0,40530.0
31,1289,Hatay,Dörtyol,2.0,2.7738183,3,-1.0,norm_eksigi,86450,,321,2420.0,121512.0
31,1792,Hatay,Erzin,1.0,1.676479,2,-1.0,norm_eksigi,30085,,410,612.0,157114.0
31,1382,Hatay,Hassa,1.0,1.388635,1,0.0,dengede,39518,,435,397.0,141924.0
31,1413,Hatay,Ýskenderun,6.0,4.4492903,4,2.0,norm_fazlasi,176946,,314,2748.0,19674.0
31,1468,Hatay,Kýrýkhan,1.0,1.5666715,2,-1.0,norm_eksigi,70798,,470,669.0,379209.0
31,1970,Hatay,Kumlu,0.0,0.003370501,0,0.0,dengede,10587,,324,68.0,109618.0
31,2083,Hatay,Payas,2.0,0.97589034,1,1.0,norm_fazlasi,28941,,161,479.0,5442.0
31,1585,Hatay,Reyhanlý,0.0,0.2992882,0,0.0,dengede,67603,,504,920.0,264230.0
31,1591,Hatay,Samandað,2.0,2.844295,3,-1.0,norm_eksigi,83480,,434,1897.0,106363.0
31,1721,Hatay,Yayladaðý,1.0,1.1412696,1,0.0,dengede,28459,,478,613.0,148806.0
76,1142,Iðdýr,Aralýk,0.0,0.0,0,0.0,dengede,3984,,242,86.0,281596.0
76,2011,Iðdýr,Karakoyunlu,0.0,0.0,0,0.0,dengede,1934,,239,57.0,137473.0
76,1692,Iðdýr,Tuzluca,0.0,0.0028399676,0,0.0,dengede,6543,,262,154.0,293288.0
32,1755,Isparta,Aksu,0.0,0.0,0,0.0,dengede,1697,,294,107.0,59584.0
32,1154,Isparta,Atabey,0.0,0.0,0,0.0,dengede,3768,,400,81.0,62253.0
32,1297,Isparta,Eðirdir,2.0,1.9456031,2,0.0,dengede,14303,,348,1010.0,145274.0
32,1341,Isparta,Gelendost,0.0,0.044329956,0,0.0,dengede,4853,,415,286.0,190220.0
32,1929,Isparta,Gönen,0.0,0.056002423,0,0.0,dengede,4238,,379,290.0,122990.0
32,1456,Isparta,Keçiborlu,0.0,0.07575667,0,0.0,dengede,7437,,436,399.0,132259.0
32,1615,Isparta,Senirkent,1.0,1.0980525,1,0.0,dengede,6365,,309,252.0,122938.0
32,1648,Isparta,Sütçüler,0.0,0.0,0,0.0,dengede,1769,,403,130.0,87130.0
32,1651,Isparta,Þarkikaraaðaç,0.0,0.056903455,0,0.0,dengede,11786,,419,433.0,250266.0
32,1699,Isparta,Uluborlu,0.0,0.016174652,0,0.0,dengede,4541,,349,150.0,38017.0
32,1717,Isparta,Yalvaç,1.0,1.4581062,1,0.0,dengede,18296,,503,829.0,554899.0
32,2001,Isparta,Yeniþarbademli,0.0,0.0,0,0.0,dengede,1727,,297,17.0,5988.0
34,1103,Ýstanbul,Adalar,3.0,1.4241093,1,2.0,norm_fazlasi,14954,,78,1055.0,0.0
34,2048,Ýstanbul,Arnavutköy,3.0,5.075331,5,-2.0,norm_eksigi,236037,,432,2614.0,77677.0
34,2049,Ýstanbul,Ataþehir,8.0,6.8295255,7,1.0,dengede,329086,,73,7002.0,0.0
34,2003,Ýstanbul,Avcýlar,5.0,6.3614063,6,-1.0,dengede,336549,,114,5951.0,2659.0
34,2004,Ýstanbul,Baðcýlar,6.0,10.338954,10,-4.0,norm_eksigi,519923,,75,11596.0,0.0
34,2005,Ýstanbul,Bahçelievler,7.0,7.7822046,8,-1.0,dengede,433760,,74,8618.0,0.0
34,1166,Ýstanbul,Bakýrköy,9.0,5.381157,5,4.0,norm_fazlasi,181229,,74,5992.0,0.0
34,2050,Ýstanbul,Baþakþehir,11.0,8.308753,8,3.0,norm_fazlasi,363654,,148,8568.0,8422.0
34,1886,Ýstanbul,Bayrampaþa,7.0,5.212234,5,2.0,norm_fazlasi,211291,,73,6098.0,0.0
34,1183,Ýstanbul,Beþiktaþ,7.0,4.957753,5,2.0,norm_fazlasi,144491,,74,5934.0,0.0
34,1185,Ýstanbul,Beykoz,6.0,5.2635226,5,1.0,norm_fazlasi,197121,,324,2963.0,9112.0
34,2051,Ýstanbul,Beylikdüzü,7.0,6.4914117,6,1.0,dengede,309084,,154,6276.0,203.0
34,1186,Ýstanbul,Beyoðlu,2.0,4.6767125,5,-3.0,norm_eksigi,174124,,72,5504.0,0.0
34,1782,Ýstanbul,Büyükçekmece,7.0,4.7999024,5,2.0,norm_fazlasi,213417,,209,3227.0,44029.0
34,1237,Ýstanbul,Çatalca,4.0,2.7332158,3,1.0,norm_fazlasi,62203,,373,1738.0,162162.0
34,2052,Ýstanbul,Çekmeköy,9.0,6.479075,6,3.0,norm_fazlasi,227296,,181,2705.0,1902.0
34,2016,Ýstanbul,Esenler,5.0,4.1450944,4,1.0,norm_fazlasi,313415,,72,3313.0,0.0
34,2053,Ýstanbul,Esenyurt,6.0,10.431461,10,-4.0,norm_eksigi,656387,,82,11357.0,128.0
34,1325,Ýstanbul,Eyüpsultan,9.0,7.297775,7,2.0,norm_fazlasi,325684,,187,6568.0,163.0
34,1327,Ýstanbul,Fatih,6.0,7.684321,8,-2.0,norm_eksigi,272378,,76,10242.0,0.0
34,1336,Ýstanbul,Gaziosmanpaþa,5.0,5.8695307,6,-1.0,dengede,363338,,72,5634.0,0.0
34,2010,Ýstanbul,Güngören,3.0,3.3513477,3,0.0,dengede,207907,,73,4150.0,0.0
34,1421,Ýstanbul,Kadýköy,12.0,9.247464,9,3.0,norm_fazlasi,401155,,73,10760.0,0.0
34,1810,Ýstanbul,Kaðýthane,8.0,7.1287265,7,1.0,dengede,352753,,72,6953.0,0.0
34,1449,Ýstanbul,Kartal,10.0,7.292703,7,3.0,norm_fazlasi,376998,,121,6549.0,71.0
34,1823,Ýstanbul,Küçükçekmece,7.0,9.555367,10,-3.0,norm_eksigi,594438,,74,8872.0,0.0
34,2012,Ýstanbul,Maltepe,9.0,7.2017646,7,2.0,norm_fazlasi,429429,,98,6719.0,14.0
34,1835,Ýstanbul,Pendik,10.0,8.96376,9,1.0,dengede,561758,,199,6338.0,4164.0
34,2054,Ýstanbul,Sancaktepe,5.0,5.547704,6,-1.0,dengede,357302,,139,3979.0,2040.0
34,1604,Ýstanbul,Sarýyer,8.0,7.3100543,7,1.0,dengede,280383,,234,5658.0,425.0
34,1622,Ýstanbul,Silivri,5.0,4.360725,4,1.0,norm_fazlasi,184427,,522,2736.0,390359.0
34,2014,Ýstanbul,Sultanbeyli,7.0,4.4240537,4,3.0,norm_fazlasi,252804,,73,4300.0,0.0
34,2055,Ýstanbul,Sultangazi,5.0,5.617371,6,-1.0,dengede,377603,,74,5189.0,0.0
34,1659,Ýstanbul,Þile,3.0,2.8017387,3,0.0,dengede,43922,,348,1766.0,39322.0
34,1663,Ýstanbul,Þiþli,6.0,6.1550164,6,0.0,dengede,222918,,77,7046.0,0.0
34,2015,Ýstanbul,Tuzla,6.0,5.616898,6,0.0,dengede,225478,,249,3781.0,3284.0
34,1852,Ýstanbul,Ümraniye,8.0,8.307817,8,0.0,dengede,557436,,79,8118.0,0.0
34,1708,Ýstanbul,Üsküdar,11.0,8.856161,9,2.0,norm_fazlasi,417788,,72,9782.0,0.0
34,1739,Ýstanbul,Zeytinburnu,7.0,4.8412085,5,2.0,norm_fazlasi,212093,,73,5358.0,0.0
35,1128,Ýzmir,Aliaða,7.0,2.5269792,3,4.0,norm_fazlasi,78209,,297,1997.0,68076.0
35,2006,Ýzmir,Balçova,6.0,3.2844427,3,3.0,norm_fazlasi,65168,,210,2430.0,1904.0
35,1178,Ýzmir,Bayýndýr,1.0,1.3678991,1,0.0,dengede,32048,,439,1377.0,307133.0
35,2056,Ýzmir,Bayraklý,7.0,4.933405,5,2.0,norm_fazlasi,236948,,134,4778.0,89.0
35,1181,Ýzmir,Bergama,4.0,3.050964,3,1.0,norm_fazlasi,86963,,529,2564.0,378312.0
35,1776,Ýzmir,Beydað,2.0,1.3329856,1,1.0,norm_fazlasi,9744,,365,422.0,61362.0
35,1203,Ýzmir,Bornova,10.0,10.357912,10,0.0,dengede,356330,,273,11208.0,8617.0
35,1780,Ýzmir,Buca,9.0,9.93683,10,-1.0,dengede,409366,,326,9411.0,20026.0
35,1251,Ýzmir,Çeþme,2.0,2.8529484,3,-1.0,norm_eksigi,41953,,336,2274.0,16506.0
35,2007,Ýzmir,Çiðli,7.0,4.628812,5,2.0,norm_fazlasi,172843,,234,3749.0,3992.0
35,1280,Ýzmir,Dikili,3.0,2.4344866,2,1.0,norm_fazlasi,39212,,433,1876.0,132957.0
35,1334,Ýzmir,Foça,2.0,1.9160434,2,0.0,dengede,30822,,405,1356.0,40378.0
35,2009,Ýzmir,Gaziemir,3.0,4.011877,4,-1.0,norm_eksigi,106340,,238,3072.0,2700.0
35,2018,Ýzmir,Güzelbahçe,2.0,2.26871,2,0.0,dengede,30683,,279,1084.0,9190.0
35,2057,Ýzmir,Karabaðlar,8.0,8.056913,8,0.0,dengede,370990,,158,7795.0,3736.0
35,1432,Ýzmir,Karaburun,3.0,1.2662963,1,2.0,norm_fazlasi,6065,,253,700.0,21125.0
35,1448,Ýzmir,Karþýyaka,7.0,7.0835934,7,0.0,dengede,283320,,161,7286.0,2476.0
35,1461,Ýzmir,Kemalpaþa,2.0,4.0841494,4,-2.0,norm_eksigi,83712,,386,2481.0,212902.0
35,1467,Ýzmir,Kýnýk,2.0,1.468052,1,1.0,norm_fazlasi,20806,,404,663.0,99834.0
35,1477,Ýzmir,Kiraz,1.0,1.5569887,2,-1.0,norm_eksigi,26772,,351,1095.0,232981.0
35,1819,Ýzmir,Konak,11.0,8.894588,9,2.0,norm_fazlasi,263432,,75,12986.0,0.0
35,1826,Ýzmir,Menderes,3.0,3.3689537,3,0.0,dengede,86673,,501,2397.0,215560.0
35,1521,Ýzmir,Menemen,4.0,4.734035,5,-1.0,norm_eksigi,157792,,509,3629.0,210931.0
35,2013,Ýzmir,Narlýdere,2.0,1.8483957,2,0.0,dengede,51385,,109,1005.0,1203.0
35,1563,Ýzmir,Ödemiþ,4.0,3.871865,4,0.0,dengede,101782,,402,3028.0,486768.0
35,1611,Ýzmir,Seferihisar,3.0,2.9891965,3,0.0,dengede,47113,,380,2042.0,82972.0
35,1612,Ýzmir,Selçuk,2.0,2.5326045,3,-1.0,norm_eksigi,28901,,425,1659.0,148602.0
35,1677,Ýzmir,Tire,3.0,2.605096,3,0.0,dengede,69241,,379,3059.0,321432.0
35,1682,Ýzmir,Torbalý,4.0,4.7725415,5,-1.0,norm_eksigi,160522,,462,3666.0,303227.0
35,1703,Ýzmir,Urla,4.0,3.549831,4,0.0,dengede,66540,,392,2865.0,72627.0
46,1107,Kahramanmaraþ,Afþin,0.0,0.11793901,0,0.0,dengede,59073,,423,831.0,640415.0
46,1136,Kahramanmaraþ,Andýrýn,0.0,0.07121784,0,0.0,dengede,25298,,409,510.0,213231.0
46,1785,Kahramanmaraþ,Çaðlayancerit,0.0,0.00879097,0,0.0,dengede,15843,,258,196.0,63143.0
46,2084,Kahramanmaraþ,Dulkadiroðlu,2.0,2.850381,3,-1.0,norm_eksigi,141960,,503,1843.0,247401.0
46,1919,Kahramanmaraþ,Ekinözü,0.0,0.009951532,0,0.0,dengede,7683,,320,67.0,51786.0
46,1299,Kahramanmaraþ,Elbistan,3.0,1.519146,2,1.0,norm_fazlasi,97049,,376,1007.0,972327.0
46,1353,Kahramanmaraþ,Göksun,2.0,1.008007,1,1.0,norm_fazlasi,33464,,418,528.0,249948.0
46,1975,Kahramanmaraþ,Nurhak,0.0,0.010220908,0,0.0,dengede,7841,,298,106.0,34233.0
46,2085,Kahramanmaraþ,Onikiþubat,4.0,5.301616,5,-1.0,norm_eksigi,295362,,481,3473.0,278368.0
46,1570,Kahramanmaraþ,Pazarcýk,2.0,1.0282005,1,1.0,norm_fazlasi,49672,,407,379.0,332196.0
46,1694,Kahramanmaraþ,Türkoðlu,1.0,1.8346801,2,-1.0,norm_eksigi,52131,,594,608.0,233033.0
78,1296,Karabük,Eflani,0.0,0.0,0,0.0,dengede,1698,,272,107.0,132286.0
78,1321,Karabük,Eskipazar,0.0,0.01079648,0,0.0,dengede,5259,,385,175.0,164702.0
78,1561,Karabük,Ovacýk,0.0,0.0,0,0.0,dengede,1122,,341,27.0,40153.0
78,1587,Karabük,Safranbolu,1.0,2.050647,2,-1.0,norm_eksigi,41138,,417,1709.0,72654.0
78,1856,Karabük,Yenice,0.0,0.02732718,0,0.0,dengede,9006,,291,306.0,4603.0
70,1768,Karaman,Ayrancý,0.0,0.0,0,0.0,dengede,1810,,508,98.0,796851.0
70,1884,Karaman,Baþyayla,0.0,0.0,0,0.0,dengede,1449,,264,45.0,19740.0
70,1316,Karaman,Ermenek,1.0,1.4853214,1,0.0,dengede,11307,,425,560.0,173707.0
70,1862,Karaman,Kazýmkarabekir,0.0,0.0,0,0.0,dengede,3282,,334,68.0,224600.0
70,1983,Karaman,Sarýveliler,0.0,0.006526388,0,0.0,dengede,6286,,235,176.0,44537.0
36,1756,Kars,Akyaka,0.0,0.00815627,0,0.0,dengede,1541,,213,125.0,210928.0
36,1149,Kars,Arpaçay,0.0,0.020746537,0,0.0,dengede,1696,,191,230.0,255577.0
36,1279,Kars,Digor,0.0,0.017254688,0,0.0,dengede,3805,,170,118.0,423708.0
36,1424,Kars,Kaðýzman,1.0,0.8269467,1,0.0,dengede,14686,,188,389.0,323160.0
36,1601,Kars,Sarýkamýþ,1.0,0.6860083,1,0.0,dengede,10901,,189,353.0,368312.0
36,1614,Kars,Selim,0.0,0.0017021671,0,0.0,dengede,3902,,206,103.0,315032.0
36,1645,Kars,Susuz,0.0,0.006663725,0,0.0,dengede,1492,,148,75.0,176627.0
37,1101,Kastamonu,Abana,0.0,0.0061917827,0,0.0,dengede,3107,,181,142.0,1780.0
37,1867,Kastamonu,Aðlý,0.0,0.0,0,0.0,dengede,1964,,197,53.0,20181.0
37,1140,Kastamonu,Araç,1.0,1.0600932,1,0.0,dengede,5352,,257,287.0,65901.0
37,1162,Kastamonu,Azdavay,0.0,0.0058890358,0,0.0,dengede,2423,,207,115.0,11436.0
37,1208,Kastamonu,Bozkurt,0.0,0.007429205,0,0.0,dengede,4246,,262,141.0,13128.0
37,1221,Kastamonu,Cide,0.0,0.028216772,0,0.0,dengede,9529,,279,392.0,39319.0
37,1238,Kastamonu,Çatalzeytin,0.0,0.022413872,0,0.0,dengede,2979,,233,178.0,1879.0
37,1264,Kastamonu,Daday,0.0,0.020611353,0,0.0,dengede,2142,,335,170.0,61207.0
37,1277,Kastamonu,Devrekani,0.0,0.0021469444,0,0.0,dengede,4091,,279,177.0,164967.0
37,1915,Kastamonu,Doðanyurt,0.0,0.0,0,0.0,dengede,847,,262,56.0,22573.0
37,1940,Kastamonu,Hanönü,0.0,0.0,0,0.0,dengede,1701,,287,54.0,13502.0
37,1805,Kastamonu,Ýhsangazi,0.0,0.0,0,0.0,dengede,2266,,254,99.0,58487.0
37,1410,Kastamonu,Ýnebolu,1.0,1.1540719,1,0.0,dengede,7132,,299,440.0,34809.0
37,1499,Kastamonu,Küre,0.0,0.0,0,0.0,dengede,1774,,225,77.0,5311.0
37,1836,Kastamonu,Pýnarbaþý,0.0,0.0007449016,0,0.0,dengede,1990,,168,95.0,4187.0
37,1984,Kastamonu,Seydiler,0.0,0.0,0,0.0,dengede,2455,,322,114.0,59447.0
37,1845,Kastamonu,Þenpazar,0.0,0.0,0,0.0,dengede,1361,,227,72.0,1707.0
37,1666,Kastamonu,Taþköprü,1.0,1.1514485,1,0.0,dengede,12956,,403,487.0,220650.0
37,1685,Kastamonu,Tosya,1.0,1.0645566,1,0.0,dengede,22576,,416,670.0,171646.0
38,1752,Kayseri,Akkýþla,0.0,0.0,0,0.0,dengede,5024,,319,40.0,99508.0
38,1218,Kayseri,Bünyan,1.0,0.97490066,1,0.0,dengede,25601,,386,577.0,664194.0
38,1275,Kayseri,Develi,2.0,1.8228179,2,0.0,dengede,51721,,448,1075.0,613349.0
38,1330,Kayseri,Felahiye,0.0,0.0,0,0.0,dengede,5253,,328,137.0,227962.0
38,1936,Kayseri,Hacýlar,1.0,1.471131,1,0.0,dengede,9513,,330,662.0,26698.0
38,1409,Kayseri,Ýncesu,0.0,0.062405627,0,0.0,dengede,22037,,440,538.0,251507.0
38,1863,Kayseri,Kocasinan,12.0,7.2092233,7,5.0,norm_fazlasi,303246,,478,6452.0,775963.0
38,1864,Kayseri,Melikgazi,15.0,10.072019,10,5.0,norm_fazlasi,404830,,412,7923.0,181323.0
38,1978,Kayseri,Özvatan,0.0,0.0,0,0.0,dengede,3089,,339,57.0,70733.0
38,1576,Kayseri,Pýnarbaþý,1.0,0.42047426,0,1.0,norm_fazlasi,18004,,360,363.0,1341974.0
38,1603,Kayseri,Sarýoðlan,0.0,0.031815678,0,0.0,dengede,9447,,370,193.0,367785.0
38,1605,Kayseri,Sarýz,0.0,0.007038437,0,0.0,dengede,9663,,223,186.0,199844.0
38,1846,Kayseri,Talas,2.0,3.0425143,3,-1.0,norm_eksigi,129101,,349,2249.0,202663.0
38,1680,Kayseri,Tomarza,1.0,0.7277618,1,0.0,dengede,19049,,306,440.0,610673.0
38,1715,Kayseri,Yahyalý,0.0,0.07379058,0,0.0,dengede,28616,,385,741.0,201381.0
38,1727,Kayseri,Yeþilhisar,1.0,0.93505305,1,0.0,dengede,12380,,392,374.0,359292.0
71,1880,Kýrýkkale,Bahþýlý,0.0,0.0009555593,0,0.0,dengede,6035,,357,,109582.0
71,1882,Kýrýkkale,Balýþeyh,0.0,0.0,0,0.0,dengede,1756,,376,83.0,437784.0
71,1901,Kýrýkkale,Çelebi,0.0,0.0,0,0.0,dengede,883,,355,21.0,114821.0
71,1268,Kýrýkkale,Delice,0.0,0.014375225,0,0.0,dengede,5252,,391,127.0,490647.0
71,1954,Kýrýkkale,Karakeçili,0.0,0.0,0,0.0,dengede,2899,,407,54.0,107322.0
71,1463,Kýrýkkale,Keskin,1.0,0.67690265,1,0.0,dengede,8072,,370,206.0,789623.0
71,1638,Kýrýkkale,Sulakyurt,0.0,0.0,0,0.0,dengede,2157,,461,63.0,320293.0
71,1992,Kýrýkkale,Yahþihan,0.0,0.08381047,0,0.0,dengede,32674,,340,1132.0,104321.0
39,1163,Kýrklareli,Babaeski,3.0,1.8563293,2,1.0,norm_fazlasi,29688,,463,1105.0,520848.0
39,1270,Kýrklareli,Demirköy,0.0,0.017211251,0,0.0,dengede,4974,,339,160.0,7584.0
39,1480,Kýrklareli,Kofçaz,0.0,0.0,0,0.0,dengede,580,,309,53.0,101286.0
39,1505,Kýrklareli,Lüleburgaz,4.0,4.494305,4,0.0,dengede,111299,,512,3423.0,812211.0
39,1572,Kýrklareli,Pehlivanköy,0.0,0.0,0,0.0,dengede,1465,,272,80.0,86355.0
39,1577,Kýrklareli,Pýnarhisar,0.0,0.050369367,0,0.0,dengede,10467,,419,334.0,176823.0
39,1714,Kýrklareli,Vize,1.0,1.5435988,2,-1.0,norm_eksigi,15790,,453,811.0,204548.0
40,1869,Kýrþehir,Akçakent,0.0,0.0,0,0.0,dengede,633,,247,36.0,130574.0
40,1754,Kýrþehir,Akpýnar,0.0,0.0,0,0.0,dengede,2186,,301,65.0,215118.0
40,1890,Kýrþehir,Boztepe,0.0,0.0,0,0.0,dengede,2402,,279,56.0,533163.0
40,1254,Kýrþehir,Çiçekdaðý,0.0,0.00586088,0,0.0,dengede,7248,,309,47.0,376643.0
40,1429,Kýrþehir,Kaman,1.0,0.926202,1,0.0,dengede,17822,,452,501.0,762957.0
40,1529,Kýrþehir,Mucur,0.0,0.06535003,0,0.0,dengede,10189,,426,246.0,591537.0
79,2023,Kilis,Elbeyli,0.0,0.0,0,0.0,dengede,1056,,290,29.0,214545.0
79,2024,Kilis,Musabeyli,0.0,0.0,0,0.0,dengede,777,,277,87.0,235090.0
79,2025,Kilis,Polateli,0.0,0.0,0,0.0,dengede,804,,304,14.0,151630.0
41,2058,Kocaeli,Baþiskele,1.0,2.8572576,3,-2.0,norm_eksigi,90910,,319,1507.0,9163.0
41,2059,Kocaeli,Çayýrova,1.0,1.3231535,1,0.0,dengede,110833,,73,1716.0,0.0
41,2060,Kocaeli,Darýca,2.0,2.5351665,3,-1.0,norm_eksigi,166726,,123,1792.0,251.0
41,2030,Kocaeli,Derince,3.0,2.152168,2,1.0,norm_fazlasi,110636,,259,991.0,52321.0
41,2061,Kocaeli,Dilovasý,2.0,2.0234442,2,0.0,dengede,36434,,105,962.0,125.0
41,1338,Kocaeli,Gebze,6.0,5.743839,6,0.0,dengede,300913,,334,3327.0,75908.0
41,1355,Kocaeli,Gölcük,3.0,3.4283636,3,0.0,dengede,133815,,349,1784.0,6942.0
41,2062,Kocaeli,Ýzmit,9.0,6.993219,7,2.0,norm_fazlasi,289629,,429,5484.0,122240.0
41,1430,Kocaeli,Kandýra,1.0,1.5306062,2,-1.0,norm_eksigi,41560,,341,951.0,356145.0
41,1440,Kocaeli,Karamürsel,2.0,1.7174108,2,0.0,dengede,46810,,422,965.0,101414.0
41,2063,Kocaeli,Kartepe,1.0,2.8282444,3,-2.0,norm_eksigi,108288,,336,1574.0,21002.0
41,1821,Kocaeli,Körfez,4.0,3.3434067,3,1.0,norm_fazlasi,130809,,291,1773.0,76012.0
42,1868,Konya,Ahýrlý,0.0,0.0065085366,0,0.0,dengede,2938,,332,76.0,82868.0
42,1753,Konya,Akören,0.0,0.020395234,0,0.0,dengede,4624,,442,142.0,211675.0
42,1122,Konya,Akþehir,2.0,2.3869987,2,0.0,dengede,69604,,496,1841.0,359368.0
42,1760,Konya,Altýnekin,1.0,0.67419785,1,0.0,dengede,10230,,442,222.0,731411.0
42,1188,Konya,Beyþehir,1.0,2.9421072,3,-2.0,norm_eksigi,58843,,486,1257.0,543833.0
42,1207,Konya,Bozkýr,1.0,1.1155763,1,0.0,dengede,20874,,448,560.0,174559.0
42,1222,Konya,Cihanbeyli,2.0,1.5112544,2,0.0,dengede,41114,,440,988.0,2142128.0
42,1902,Konya,Çeltik,0.0,0.026457049,0,0.0,dengede,10695,,370,112.0,348322.0
42,1262,Konya,Çumra,2.0,1.9064935,2,0.0,dengede,45927,,533,928.0,1315278.0
42,1907,Konya,Derbent,0.0,0.0,0,0.0,dengede,3315,,395,60.0,123263.0
42,1789,Konya,Derebucak,0.0,0.0021669865,0,0.0,dengede,4661,,288,120.0,23956.0
42,1285,Konya,Doðanhisar,0.0,0.02421619,0,0.0,dengede,8826,,418,174.0,223889.0
42,1920,Konya,Emirgazi,0.0,0.008207709,0,0.0,dengede,5926,,332,66.0,404116.0
42,1312,Konya,Ereðli,4.0,4.2165933,4,0.0,dengede,103183,,481,2773.0,1085588.0
42,1933,Konya,Güneysýnýr,0.0,0.00886634,0,0.0,dengede,6388,,418,146.0,219747.0
42,1375,Konya,Hadim,0.0,0.0,0,0.0,dengede,9420,,287,95.0,81011.0
42,1937,Konya,Halkapýnar,0.0,0.0,0,0.0,dengede,3467,,359,84.0,57655.0
42,1804,Konya,Hüyük,1.0,1.4119034,1,0.0,dengede,12483,,430,340.0,202567.0
42,1400,Konya,Ilgýn,2.0,1.6846666,2,0.0,dengede,41434,,533,813.0,720517.0
42,1422,Konya,Kadýnhaný,1.0,1.3227487,1,0.0,dengede,22327,,490,483.0,1108479.0
42,1441,Konya,Karapýnar,2.0,1.5576181,2,0.0,dengede,35191,,446,953.0,1249149.0
42,1814,Konya,Karatay,8.0,6.68743,7,1.0,dengede,267096,,496,4967.0,1859978.0
42,1491,Konya,Kulu,1.0,1.2975204,1,0.0,dengede,36645,,393,1046.0,997042.0
42,1827,Konya,Meram,7.0,6.1429725,6,1.0,dengede,255204,,577,4348.0,637257.0
42,1598,Konya,Sarayönü,0.0,0.100343704,0,0.0,dengede,20707,,489,454.0,1155858.0
42,1839,Konya,Selçuklu,10.0,9.646136,10,0.0,dengede,490479,,475,7935.0,656491.0
42,1617,Konya,Seydiþehir,2.0,1.9873306,2,0.0,dengede,50475,,492,1053.0,386893.0
42,1848,Konya,Taþkent,0.0,0.0030849427,0,0.0,dengede,4384,,275,80.0,17213.0
42,1990,Konya,Tuzlukçu,0.0,0.016539551,0,0.0,dengede,5255,,412,134.0,380248.0
42,1994,Konya,Yalýhüyük,0.0,0.0,0,0.0,dengede,1504,,275,24.0,40119.0
42,1735,Konya,Yunak,0.0,0.089301534,0,0.0,dengede,15308,,411,270.0,1305556.0
43,1132,Kütahya,Altýntaþ,0.0,0.03633944,0,0.0,dengede,3939,,474,244.0,415861.0
43,1764,Kütahya,Aslanapa,0.0,0.0027706549,0,0.0,dengede,1509,,386,147.0,212858.0
43,1898,Kütahya,Çavdarhisar,0.0,0.0,0,0.0,dengede,1814,,380,95.0,172721.0
43,1288,Kütahya,Domaniç,0.0,0.027114652,0,0.0,dengede,5578,,359,225.0,94451.0
43,1790,Kütahya,Dumlupýnar,0.0,0.0,0,0.0,dengede,1038,,304,34.0,58608.0
43,1304,Kütahya,Emet,0.0,0.07397389,0,0.0,dengede,8474,,455,486.0,170195.0
43,1339,Kütahya,Gediz,2.0,1.2031186,1,1.0,norm_fazlasi,25945,,469,833.0,472029.0
43,1802,Kütahya,Hisarcýk,0.0,0.013073742,0,0.0,dengede,3800,,379,137.0,58337.0
43,1979,Kütahya,Pazarlar,0.0,0.0043523684,0,0.0,dengede,2635,,453,59.0,35923.0
43,1625,Kütahya,Simav,2.0,1.9377066,2,0.0,dengede,33577,,659,858.0,298538.0
43,1843,Kütahya,Þaphane,0.0,0.014128923,0,0.0,dengede,2488,,378,138.0,62102.0
43,1671,Kütahya,Tavþanlý,1.0,2.8213818,3,-2.0,norm_eksigi,65530,,554,2057.0,388498.0
44,1114,Malatya,Akçadað,1.0,0.979906,1,0.0,dengede,29819,,421,577.0,293511.0
44,1143,Malatya,Arapgir,0.0,0.018490069,0,0.0,dengede,8994,,366,186.0,170224.0
44,1148,Malatya,Arguvan,0.0,0.016895697,0,0.0,dengede,6473,,337,125.0,297335.0
44,1772,Malatya,Battalgazi,5.0,6.7688947,7,-2.0,norm_eksigi,220196,,431,4254.0,299963.0
44,1265,Malatya,Darende,1.0,0.92577404,1,0.0,dengede,21280,,412,645.0,386804.0
44,1286,Malatya,Doðanþehir,1.0,1.0819913,1,0.0,dengede,27139,,396,562.0,101774.0
44,1914,Malatya,Doðanyol,0.0,0.0092643425,0,0.0,dengede,4025,,333,112.0,25451.0
44,1390,Malatya,Hekimhan,0.0,0.02699259,0,0.0,dengede,15843,,336,337.0,292114.0
44,1953,Malatya,Kale,1.0,1.8947233,2,-1.0,norm_eksigi,5749,,304,276.0,22379.0
44,1969,Malatya,Kuluncak,0.0,0.016162917,0,0.0,dengede,7139,,368,125.0,198179.0
44,1582,Malatya,Pütürge,0.0,0.04064071,0,0.0,dengede,11438,,350,210.0,56767.0
44,1995,Malatya,Yazýhan,0.0,0.028568305,0,0.0,dengede,10898,,410,228.0,315827.0
44,1729,Malatya,Yeþilyurt,3.0,4.7938385,5,-2.0,norm_eksigi,207749,,437,4044.0,224453.0
45,1751,Manisa,Ahmetli,2.0,1.3050759,1,1.0,norm_fazlasi,14250,,468,338.0,115760.0
45,1118,Manisa,Akhisar,4.0,5.3250017,5,-1.0,norm_eksigi,136002,,508,4082.0,683693.0
45,1127,Manisa,Alaþehir,1.0,3.531467,4,-3.0,norm_eksigi,87601,,464,1501.0,362270.0
45,1269,Manisa,Demirci,0.0,0.21572453,0,0.0,dengede,29434,,549,615.0,291407.0
45,1793,Manisa,Gölmarmara,1.0,1.2885128,1,0.0,dengede,11290,,339,398.0,119236.0
45,1362,Manisa,Gördes,2.0,1.0257334,1,1.0,norm_fazlasi,21046,,408,623.0,304846.0
45,1470,Manisa,Kýrkaðaç,1.0,1.3487478,1,0.0,dengede,31852,,477,830.0,210927.0
45,1965,Manisa,Köprübaþý,1.0,1.0003163,1,0.0,dengede,10601,,358,206.0,192484.0
45,1489,Manisa,Kula,1.0,1.4959942,1,0.0,dengede,36697,,480,995.0,340096.0
45,1590,Manisa,Salihli,11.0,5.2178974,5,6.0,norm_fazlasi,122295,,602,3272.0,567487.0
45,1600,Manisa,Sarýgöl,2.0,1.5819263,2,0.0,dengede,28830,,459,536.0,188551.0
45,1606,Manisa,Saruhanlý,1.0,1.8715438,2,-1.0,norm_eksigi,47024,,391,1165.0,398187.0
45,1613,Manisa,Selendi,0.0,0.051479086,0,0.0,dengede,14094,,393,245.0,379164.0
45,1634,Manisa,Soma,2.0,2.5846748,3,-1.0,norm_eksigi,70925,,499,1643.0,206415.0
45,2086,Manisa,Þehzadeler,5.0,4.082344,4,1.0,norm_fazlasi,125804,,387,2604.0,329287.0
45,1689,Manisa,Turgutlu,5.0,4.54272,5,0.0,dengede,124244,,523,2525.0,249112.0
45,2087,Manisa,Yunusemre,6.0,5.173879,5,1.0,norm_fazlasi,200762,,404,3471.0,100704.0
47,2088,Mardin,Artuklu,2.0,2.9116821,3,-1.0,norm_eksigi,121357,,368,2511.0,328664.0
47,1787,Mardin,Dargeçit,1.0,0.8608052,1,0.0,dengede,15978,,240,180.0,163014.0
47,1273,Mardin,Derik,1.0,0.80170566,1,0.0,dengede,35078,,341,304.0,550583.0
47,1474,Mardin,Kýzýltepe,1.0,2.0947044,2,-1.0,norm_eksigi,168590,,373,1359.0,998840.0
47,1519,Mardin,Mazýdaðý,1.0,1.0437329,1,0.0,dengede,23209,,317,167.0,123958.0
47,1526,Mardin,Midyat,1.0,1.4887158,1,0.0,dengede,83358,,310,1199.0,374434.0
47,1547,Mardin,Nusaybin,0.0,0.12071305,0,0.0,dengede,77197,,390,696.0,268779.0
47,1564,Mardin,Ömerli,0.0,0.03517995,0,0.0,dengede,9342,,273,438.0,191155.0
47,1609,Mardin,Savur,0.0,0.025749065,0,0.0,dengede,14330,,369,99.0,212983.0
47,2002,Mardin,Yeþilli,0.0,0.012613811,0,0.0,dengede,7753,,314,68.0,35810.0
33,2064,Mersin,Akdeniz,10.0,5.816012,6,4.0,norm_fazlasi,180517,,336,4534.0,105454.0
33,1135,Mersin,Anamur,5.0,2.0102448,2,3.0,norm_fazlasi,56233,,358,1168.0,188435.0
33,1766,Mersin,Aydýncýk,1.0,1.1162835,1,0.0,dengede,9064,,397,110.0,53230.0
33,1779,Mersin,Bozyazý,1.0,1.5573918,2,-1.0,norm_eksigi,25615,,400,528.0,69329.0
33,1892,Mersin,Çamlýyayla,0.0,0.025028177,0,0.0,dengede,8591,,256,305.0,12658.0
33,1311,Mersin,Erdemli,6.0,5.073936,5,1.0,norm_fazlasi,128395,,398,4284.0,257926.0
33,1366,Mersin,Gülnar,1.0,1.0225761,1,0.0,dengede,35299,,277,293.0,196457.0
33,2065,Mersin,Mezitli,5.0,4.405769,4,1.0,norm_fazlasi,174066,,298,3094.0,49425.0
33,1536,Mersin,Mut,0.0,0.09888505,0,0.0,dengede,51726,,377,484.0,713100.0
33,1621,Mersin,Silifke,2.0,3.6542327,4,-2.0,norm_eksigi,99676,,533,2962.0,519729.0
33,1665,Mersin,Tarsus,8.0,6.218595,6,2.0,norm_fazlasi,266789,,623,3234.0,1004217.0
33,2066,Mersin,Toroslar,9.0,5.4149494,5,4.0,norm_fazlasi,228651,,360,3142.0,62265.0
33,2067,Mersin,Yeniþehir,8.0,5.8011646,6,2.0,norm_fazlasi,212799,,319,3804.0,26528.0
48,1197,Muðla,Bodrum,9.0,6.919874,7,2.0,norm_fazlasi,152866,,511,5755.0,121861.0
48,1742,Muðla,Dalaman,2.0,2.0350745,2,0.0,dengede,40156,,532,693.0,119572.0
48,1266,Muðla,Datça,1.0,1.8284405,2,-1.0,norm_eksigi,17965,,444,902.0,25329.0
48,1331,Muðla,Fethiye,8.0,7.95266,8,0.0,dengede,124326,,647,6547.0,101029.0
48,1958,Muðla,Kavaklýdere,0.0,0.075144075,0,0.0,dengede,8458,,471,168.0,32284.0
48,1488,Muðla,Köyceðiz,2.0,2.0274172,2,0.0,dengede,31174,,540,718.0,98286.0
48,1517,Muðla,Marmaris,7.0,4.5860996,5,2.0,norm_fazlasi,76501,,446,3015.0,14592.0
48,2089,Muðla,Menteþe,7.0,3.7364001,4,3.0,norm_fazlasi,100811,,596,2002.0,234793.0
48,1528,Muðla,Milas,6.0,5.655914,6,0.0,dengede,106741,,592,2463.0,669911.0
48,1831,Muðla,Ortaca,4.0,2.5954058,3,1.0,norm_fazlasi,44509,,439,1727.0,64384.0
48,2090,Muðla,Seydikemer,4.0,2.9961474,3,1.0,norm_fazlasi,48107,,778,773.0,287225.0
48,1695,Muðla,Ula,2.0,2.0442884,2,0.0,dengede,26708,,516,994.0,36322.0
48,1719,Muðla,Yataðan,0.0,0.6276893,1,-1.0,norm_eksigi,28411,,604,810.0,209620.0
49,1213,Muþ,Bulanýk,0.0,0.04334999,0,0.0,dengede,25328,,228,359.0,652626.0
49,1801,Muþ,Hasköy,0.0,0.0034766868,0,0.0,dengede,9914,,223,217.0,57925.0
49,1964,Muþ,Korkut,0.0,0.016371243,0,0.0,dengede,3327,,221,225.0,334649.0
49,1510,Muþ,Malazgirt,1.0,0.5534568,1,0.0,dengede,12757,,241,389.0,899905.0
49,1711,Muþ,Varto,1.0,0.8798329,1,0.0,dengede,7361,,213,481.0,336500.0
50,1749,Nevþehir,Acýgöl,0.0,0.028953,0,0.0,dengede,8182,,367,276.0,257341.0
50,1155,Nevþehir,Avanos,1.0,1.2423397,1,0.0,dengede,18953,,387,742.0,697126.0
50,1274,Nevþehir,Derinkuyu,0.0,0.06279184,0,0.0,dengede,9843,,327,249.0,246355.0
50,1367,Nevþehir,Gülþehir,1.0,0.91753405,1,0.0,dengede,8371,,398,231.0,429326.0
50,1374,Nevþehir,Hacýbektaþ,0.0,0.0014469251,0,0.0,dengede,4464,,388,99.0,435477.0
50,1485,Nevþehir,Kozaklý,0.0,0.03752935,0,0.0,dengede,6127,,441,158.0,573011.0
50,1707,Nevþehir,Ürgüp,1.0,1.4835529,1,0.0,dengede,26297,,481,1136.0,275488.0
51,1876,Niðde,Altunhisar,0.0,0.015032731,0,0.0,dengede,6190,,367,200.0,247450.0
51,1201,Niðde,Bor,0.0,0.09072076,0,0.0,dengede,39883,,423,662.0,569108.0
51,1225,Niðde,Çamardý,0.0,0.018420376,0,0.0,dengede,2871,,366,142.0,500000.0
51,1904,Niðde,Çiftlik,0.0,0.010334134,0,0.0,dengede,11003,,315,221.0,166040.0
51,1700,Niðde,Ulukýþla,0.0,0.054364137,0,0.0,dengede,4755,,427,334.0,333989.0
52,1119,Ordu,Akkuþ,0.0,0.020867474,0,0.0,dengede,18323,,285,342.0,192147.0
52,2103,Ordu,Altýnordu,3.0,4.046548,4,-1.0,norm_eksigi,182474,,256,4242.0,274264.0
52,1158,Ordu,Aybastý,1.0,0.8743314,1,0.0,dengede,17868,,189,417.0,101272.0
52,1891,Ordu,Çamaþ,0.0,0.0033660308,0,0.0,dengede,8232,,148,183.0,71115.0
52,1897,Ordu,Çatalpýnar,0.0,0.01463633,0,0.0,dengede,8006,,150,295.0,49989.0
52,1900,Ordu,Çaybaþý,0.0,0.009178616,0,0.0,dengede,8470,,232,171.0,68799.0
52,1328,Ordu,Fatsa,1.0,2.059266,2,-1.0,norm_eksigi,97025,,286,1907.0,275195.0
52,1358,Ordu,Gölköy,1.0,0.86783797,1,0.0,dengede,19203,,168,438.0,144029.0
52,1795,Ordu,Gülyalý,0.0,0.006744571,0,0.0,dengede,7177,,227,139.0,33718.0
52,1797,Ordu,Gürgentepe,0.0,0.010789163,0,0.0,dengede,13803,,180,284.0,106423.0
52,1947,Ordu,Ýkizce,0.0,0.0012763664,0,0.0,dengede,10790,,178,165.0,97720.0
52,1950,Ordu,Kabadüz,0.0,0.009761155,0,0.0,dengede,6684,,167,157.0,89144.0
52,1951,Ordu,Kabataþ,0.0,0.008321099,0,0.0,dengede,7983,,149,205.0,49781.0
52,1482,Ordu,Korgan,0.0,0.01491189,0,0.0,dengede,17287,,161,434.0,92669.0
52,1493,Ordu,Kumru,1.0,0.99157023,1,0.0,dengede,23412,,223,371.0,125366.0
52,1525,Ordu,Mesudiye,0.0,0.006867178,0,0.0,dengede,13197,,234,153.0,152568.0
52,1573,Ordu,Perþembe,1.0,1.0356148,1,0.0,dengede,31724,,297,577.0,184422.0
52,1696,Ordu,Ulubey,0.0,0.010878861,0,0.0,dengede,16888,,213,278.0,178885.0
52,1706,Ordu,Ünye,2.0,2.6451042,3,-1.0,norm_eksigi,100401,,246,2338.0,310035.0
80,1165,Osmaniye,Bahçe,1.0,1.4780986,1,0.0,dengede,10718,,325,494.0,47125.0
80,1743,Osmaniye,Düziçi,2.0,1.9229891,2,0.0,dengede,49246,,452,1041.0,196603.0
80,2027,Osmaniye,Hasanbeyli,0.0,0.0,0,0.0,dengede,2170,,262,48.0,31157.0
80,1423,Osmaniye,Kadirli,2.0,2.4699857,2,0.0,dengede,81372,,479,2198.0,479955.0
80,2028,Osmaniye,Sumbas,0.0,0.016409554,0,0.0,dengede,3459,,325,164.0,137835.0
80,2029,Osmaniye,Toprakkale,0.0,0.043675944,0,0.0,dengede,15093,,311,487.0,62975.0
53,1146,Rize,Ardeþen,0.0,0.03454569,0,0.0,dengede,24565,,253,664.0,83672.0
53,1228,Rize,Çamlýhemþin,0.0,0.012369975,0,0.0,dengede,1641,,189,224.0,15191.0
53,1241,Rize,Çayeli,0.0,0.02457992,0,0.0,dengede,21962,,214,567.0,83733.0
53,1908,Rize,Derepazarý,0.0,0.0,0,0.0,dengede,3092,,197,91.0,19431.0
53,1332,Rize,Fýndýklý,0.0,0.011509851,0,0.0,dengede,9419,,236,223.0,52230.0
53,1796,Rize,Güneysu,0.0,0.00042904168,0,0.0,dengede,6443,,204,142.0,39411.0
53,1943,Rize,Hemþin,0.0,0.0,0,0.0,dengede,1179,,178,28.0,3823.0
53,1405,Rize,Ýkizdere,0.0,0.0,0,0.0,dengede,1524,,193,45.0,5141.0
53,1949,Rize,Ýyidere,0.0,0.021187581,0,0.0,dengede,4291,,215,176.0,18846.0
53,1428,Rize,Kalkandere,0.0,0.019375347,0,0.0,dengede,5971,,209,114.0,40726.0
53,1569,Rize,Pazar,0.0,0.017600775,0,0.0,dengede,12939,,246,350.0,67480.0
54,2068,Sakarya,Adapazarý,5.0,5.861292,6,-1.0,dengede,211991,,408,4930.0,174136.0
54,1123,Sakarya,Akyazý,1.0,1.9394302,2,-1.0,norm_eksigi,71719,,314,1438.0,152470.0
54,2069,Sakarya,Arifiye,1.0,1.8427681,2,-1.0,norm_eksigi,39246,,230,1189.0,15541.0
54,2070,Sakarya,Erenler,4.0,2.8360722,3,1.0,norm_fazlasi,67248,,395,1928.0,77347.0
54,1925,Sakarya,Ferizli,0.0,0.020407878,0,0.0,dengede,27649,,244,457.0,76783.0
54,1351,Sakarya,Geyve,1.0,1.3741505,1,0.0,dengede,40465,,350,747.0,156702.0
54,1391,Sakarya,Hendek,0.0,0.10234759,0,0.0,dengede,75069,,325,1417.0,198678.0
54,1955,Sakarya,Karapürçek,0.0,0.015872322,0,0.0,dengede,8905,,222,260.0,29022.0
54,1442,Sakarya,Karasu,2.0,2.026383,2,0.0,dengede,61036,,366,1538.0,245997.0
54,1453,Sakarya,Kaynarca,1.0,0.8848626,1,0.0,dengede,20766,,249,453.0,104497.0
54,1818,Sakarya,Kocaali,1.0,1.1090033,1,0.0,dengede,19434,,303,498.0,170762.0
54,1833,Sakarya,Pamukova,1.0,1.3875635,1,0.0,dengede,23169,,349,754.0,79193.0
54,1595,Sakarya,Sapanca,2.0,1.6288363,2,0.0,dengede,36910,,217,1015.0,8634.0
54,2071,Sakarya,Serdivan,3.0,3.659763,4,-1.0,norm_eksigi,129016,,351,2348.0,45850.0
54,1986,Sakarya,Söðütlü,1.0,1.1776983,1,0.0,dengede,13116,,277,346.0,91521.0
54,1847,Sakarya,Taraklý,0.0,0.011284538,0,0.0,dengede,5757,,306,197.0,83974.0
55,1125,Samsun,Alaçam,0.0,0.07011441,0,0.0,dengede,21223,,449,444.0,227489.0
55,1763,Samsun,Asarcýk,0.0,0.01265873,0,0.0,dengede,12086,,304,140.0,65705.0
55,2072,Samsun,Atakum,5.0,4.9282956,5,0.0,dengede,196026,,338,2924.0,97091.0
55,1879,Samsun,Ayvacýk,0.0,0.0052593127,0,0.0,dengede,15350,,198,192.0,108416.0
55,1164,Samsun,Bafra,2.0,4.0550156,4,-2.0,norm_eksigi,112207,,635,2663.0,642061.0
55,2073,Samsun,Canik,2.0,2.764912,3,-1.0,norm_eksigi,78268,,348,1268.0,76510.0
55,1234,Samsun,Çarþamba,0.0,0.50794303,1,-1.0,norm_eksigi,119849,,402,1846.0,548842.0
55,1386,Samsun,Havza,1.0,1.2244442,1,0.0,dengede,30910,,396,518.0,403757.0
55,2074,Samsun,Ýlkadým,7.0,6.325718,6,1.0,dengede,248848,,354,5141.0,47440.0
55,1452,Samsun,Kavak,0.0,0.14233366,0,0.0,dengede,19052,,319,567.0,170075.0
55,1501,Samsun,Ladik,0.0,0.020886444,0,0.0,dengede,13493,,334,284.0,166969.0
55,1838,Samsun,Salýpazarý,0.0,0.031792082,0,0.0,dengede,20364,,318,487.0,149750.0
55,1849,Samsun,Tekkeköy,3.0,2.4477084,2,1.0,norm_fazlasi,47181,,367,1230.0,159282.0
55,1676,Samsun,Terme,2.0,1.5631872,2,0.0,dengede,59824,,342,1100.0,378041.0
55,1712,Samsun,Vezirköprü,1.0,2.0696845,2,-1.0,norm_eksigi,76716,,469,1302.0,447329.0
55,1993,Samsun,Yakakent,1.0,1.8641676,2,-1.0,norm_eksigi,7304,,311,417.0,49727.0
56,1179,Siirt,Baykan,0.0,0.0,0,0.0,dengede,9762,,237,98.0,75620.0
56,1317,Siirt,Eruh,0.0,0.0,0,0.0,dengede,5931,,272,61.0,114936.0
56,1495,Siirt,Kurtalan,0.0,0.043307453,0,0.0,dengede,28151,,309,337.0,450522.0
56,1575,Siirt,Pervari,0.0,0.0,0,0.0,dengede,5114,,267,80.0,108401.0
56,1662,Siirt,Þirvan,0.0,0.0,0,0.0,dengede,3786,,215,22.0,60298.0
56,1878,Siirt,Tillo,0.0,0.0,0,0.0,dengede,1572,,233,16.0,42685.0
57,1156,Sinop,Ayancýk,0.0,0.034269728,0,0.0,dengede,10095,,332,291.0,59391.0
57,1204,Sinop,Boyabat,1.0,1.1294731,1,0.0,dengede,20679,,446,490.0,174369.0
57,1910,Sinop,Dikmen,0.0,0.0,0,0.0,dengede,1070,,246,157.0,65148.0
57,1290,Sinop,Duraðan,0.0,0.013703503,0,0.0,dengede,5530,,410,156.0,129262.0
57,1314,Sinop,Erfelek,0.0,0.028578639,0,0.0,dengede,3179,,330,219.0,78448.0
57,1349,Sinop,Gerze,3.0,1.644432,2,1.0,norm_fazlasi,16367,,459,440.0,111761.0
57,1981,Sinop,Saraydüzü,0.0,0.0,0,0.0,dengede,985,,244,43.0,31346.0
57,1693,Sinop,Türkeli,0.0,0.021327436,0,0.0,dengede,5321,,323,208.0,25582.0
58,1870,Sivas,Akýncýlar,0.0,0.0,0,0.0,dengede,1956,,295,56.0,153629.0
58,1875,Sivas,Altýnyayla,0.0,0.001784347,0,0.0,dengede,3600,,312,132.0,268975.0
58,1282,Sivas,Divriði,0.0,0.053305585,0,0.0,dengede,8464,,333,328.0,94271.0
58,1913,Sivas,Doðanþar,0.0,0.0,0,0.0,dengede,1042,,160,48.0,15742.0
58,1342,Sivas,Gemerek,0.0,0.03668785,0,0.0,dengede,11033,,357,310.0,442419.0
58,1927,Sivas,Gölova,0.0,0.0,0,0.0,dengede,1209,,237,54.0,62370.0
58,1373,Sivas,Gürün,1.0,0.9866136,1,0.0,dengede,7780,,361,332.0,514176.0
58,1376,Sivas,Hafik,0.0,0.003821753,0,0.0,dengede,2684,,353,132.0,504718.0
58,1407,Sivas,Ýmranlý,0.0,0.037891634,0,0.0,dengede,2368,,281,176.0,60026.0
58,1431,Sivas,Kangal,0.0,0.038833015,0,0.0,dengede,6541,,327,283.0,1261934.0
58,1484,Sivas,Koyulhisar,0.0,0.013070621,0,0.0,dengede,3021,,339,160.0,120896.0
58,1646,Sivas,Suþehri,0.0,0.059239753,0,0.0,dengede,11772,,384,533.0,206563.0
58,1650,Sivas,Þarkýþla,0.0,0.07665422,0,0.0,dengede,18925,,383,444.0,888211.0
58,1991,Sivas,Ulaþ,0.0,0.0,0,0.0,dengede,2408,,333,131.0,510320.0
58,1731,Sivas,Yýldýzeli,1.0,0.9539943,1,0.0,dengede,6274,,379,366.0,906418.0
58,1738,Sivas,Zara,0.0,0.0216287,0,0.0,dengede,8777,,305,128.0,372103.0
63,1115,Þanlýurfa,Akçakale,1.0,1.217622,1,0.0,dengede,63842,,319,199.0,813794.0
63,1194,Þanlýurfa,Birecik,2.0,1.3657985,1,1.0,norm_fazlasi,49905,,315,1552.0,771041.0
63,1209,Þanlýurfa,Bozova,1.0,0.83388144,1,0.0,dengede,36734,,385,438.0,743609.0
63,1220,Þanlýurfa,Ceylanpýnar,0.0,0.08445948,0,0.0,dengede,52834,,390,1050.0,1271219.0
63,2091,Þanlýurfa,Eyyübiye,5.0,4.341559,4,1.0,norm_fazlasi,215176,,356,3787.0,573467.0
63,1378,Þanlýurfa,Halfeti,1.0,0.8536331,1,0.0,dengede,32353,,225,404.0,352987.0
63,2092,Þanlýurfa,Haliliye,5.0,4.5830603,5,0.0,dengede,231420,,403,4096.0,843312.0
63,1800,Þanlýurfa,Harran,1.0,0.76830405,1,0.0,dengede,45369,,329,239.0,619192.0
63,1393,Þanlýurfa,Hilvan,1.0,0.60056263,1,0.0,dengede,25564,,409,363.0,906535.0
63,2093,Þanlýurfa,Karaköprü,5.0,2.975517,3,2.0,norm_fazlasi,179968,,370,2262.0,680527.0
63,1630,Þanlýurfa,Siverek,1.0,1.8540535,2,-1.0,norm_eksigi,157403,,440,958.0,1910549.0
63,1643,Þanlýurfa,Suruç,0.0,0.09999951,0,0.0,dengede,62818,,357,810.0,637966.0
63,1713,Þanlýurfa,Viranþehir,1.0,1.5945309,2,-1.0,norm_eksigi,116656,,344,1102.0,982864.0
73,1189,Þýrnak,Beytüþþebap,0.0,0.0,0,0.0,dengede,4509,,224,115.0,44966.0
73,1223,Þýrnak,Cizre,1.0,2.2749271,2,-1.0,norm_eksigi,87039,,295,968.0,112778.0
73,1931,Þýrnak,Güçlükonak,0.0,0.0,0,0.0,dengede,4876,,204,75.0,38829.0
73,1403,Þýrnak,Ýdil,0.0,0.057317246,0,0.0,dengede,20180,,320,353.0,383190.0
73,1623,Þýrnak,Silopi,1.0,1.5206534,2,-1.0,norm_eksigi,75371,,270,1348.0,289175.0
73,1698,Þýrnak,Uludere,0.0,0.013223678,0,0.0,dengede,19898,,248,266.0,77186.0
59,1250,Tekirdað,Çerkezköy,2.0,3.5886433,4,-2.0,norm_eksigi,164412,,314,1715.0,51076.0
59,1258,Tekirdað,Çorlu,3.0,4.317731,4,-1.0,norm_eksigi,218236,,350,3145.0,312865.0
59,2094,Tekirdað,Ergene,2.0,1.6214442,2,0.0,dengede,45050,,392,1172.0,324129.0
59,1388,Tekirdað,Hayrabolu,2.0,1.4061247,1,1.0,norm_fazlasi,25066,,447,891.0,805768.0
59,2095,Tekirdað,Kapaklý,2.0,2.5149453,3,-1.0,norm_eksigi,103501,,342,1233.0,103055.0
59,1511,Tekirdað,Malkara,3.0,1.8963561,2,1.0,norm_fazlasi,38383,,457,1302.0,874479.0
59,1538,Tekirdað,Muratlý,1.0,1.0421683,1,0.0,dengede,22528,,374,397.0,343721.0
59,1596,Tekirdað,Saray,1.0,1.3991894,1,0.0,dengede,40880,,414,631.0,338240.0
59,2096,Tekirdað,Süleymanpaþa,5.0,4.3206124,4,1.0,norm_fazlasi,171556,,548,2661.0,758891.0
59,1652,Tekirdað,Þarköy,1.0,1.4769855,1,0.0,dengede,29702,,499,753.0,163596.0
60,1129,Tokat,Almus,0.0,0.048454523,0,0.0,dengede,17532,,373,225.0,104122.0
60,1151,Tokat,Artova,0.0,0.0,0,0.0,dengede,3634,,358,81.0,186716.0
60,1883,Tokat,Baþçiftlik,0.0,0.0,0,0.0,dengede,5470,,198,47.0,78558.0
60,1308,Tokat,Erbaa,3.0,2.211188,2,1.0,norm_fazlasi,62151,,548,1496.0,376649.0
60,1545,Tokat,Niksar,1.0,1.636602,2,-1.0,norm_eksigi,44946,,524,1168.0,346547.0
60,1834,Tokat,Pazar,0.0,0.040844098,0,0.0,dengede,6582,,428,225.0,99218.0
60,1584,Tokat,Reþadiye,0.0,0.030003808,0,0.0,dengede,27769,,323,387.0,247759.0
60,1987,Tokat,Sulusaray,0.0,0.0050270036,0,0.0,dengede,4377,,358,59.0,114730.0
60,1690,Tokat,Turhal,0.0,0.44078216,0,0.0,dengede,49463,,509,1263.0,384808.0
60,1858,Tokat,Yeþilyurt,0.0,0.0,0,0.0,dengede,4245,,315,148.0,93929.0
60,1740,Tokat,Zile,1.0,1.29518,1,0.0,dengede,27303,,453,704.0,749911.0
61,1113,Trabzon,Akçaabat,3.0,2.439441,2,1.0,norm_fazlasi,81954,,317,1426.0,144189.0
61,1141,Trabzon,Araklý,2.0,1.5097809,2,0.0,dengede,38955,,278,599.0,87659.0
61,1150,Trabzon,Arsin,1.0,1.4384283,1,0.0,dengede,25139,,258,584.0,88551.0
61,1775,Trabzon,Beþikdüzü,1.0,1.2753417,1,0.0,dengede,21359,,285,422.0,43842.0
61,1896,Trabzon,Çarþýbaþý,0.0,0.02948384,0,0.0,dengede,11949,,284,358.0,36121.0
61,1244,Trabzon,Çaykara,0.0,0.016177066,0,0.0,dengede,12909,,201,299.0,13794.0
61,1909,Trabzon,Dernekpazarý,0.0,0.0,0,0.0,dengede,4440,,203,60.0,9062.0
61,1917,Trabzon,Düzköy,0.0,0.013833858,0,0.0,dengede,8971,,240,235.0,41875.0
61,1942,Trabzon,Hayrat,0.0,0.0,0,0.0,dengede,7464,,223,51.0,30107.0
61,1966,Trabzon,Köprübaþý,0.0,0.0,0,0.0,dengede,3486,,189,41.0,19530.0
61,1507,Trabzon,Maçka,1.0,1.6731403,2,-1.0,norm_eksigi,22971,,279,470.0,91864.0
61,1548,Trabzon,Of,1.0,1.071456,1,0.0,dengede,36428,,243,377.0,93910.0
61,2097,Trabzon,Ortahisar,6.0,5.175985,5,1.0,norm_fazlasi,249704,,316,3726.0,107255.0
61,1647,Trabzon,Sürmene,1.0,1.1038774,1,0.0,dengede,21276,,236,453.0,54962.0
61,1842,Trabzon,Þalpazarý,0.0,0.010181978,0,0.0,dengede,11306,,211,202.0,30825.0
61,1681,Trabzon,Tonya,0.0,0.007943012,0,0.0,dengede,12758,,229,141.0,34237.0
61,1709,Trabzon,Vakfýkebir,2.0,1.5329195,2,0.0,dengede,22489,,281,454.0,68544.0
61,1732,Trabzon,Yomra,2.0,1.3165044,1,1.0,norm_fazlasi,42281,,223,621.0,76874.0
62,1247,Tunceli,Çemiþgezek,0.0,0.0,0,0.0,dengede,2592,,297,94.0,123823.0
62,1397,Tunceli,Hozat,0.0,0.017405987,0,0.0,dengede,2253,,234,171.0,22646.0
62,1518,Tunceli,Mazgirt,0.0,0.0,0,0.0,dengede,2534,,264,99.0,71811.0
62,1562,Tunceli,Ovacýk,0.0,0.014182605,0,0.0,dengede,2889,,193,185.0,17567.0
62,1574,Tunceli,Pertek,0.0,0.038955875,0,0.0,dengede,5782,,246,277.0,110533.0
62,1581,Tunceli,Pülümür,0.0,0.0,0,0.0,dengede,1258,,180,63.0,5755.0
64,1170,Uþak,Banaz,1.0,1.6590755,2,-1.0,norm_eksigi,14502,,654,615.0,398400.0
64,1323,Uþak,Eþme,1.0,2.3795748,2,-1.0,norm_eksigi,14031,,558,805.0,419349.0
64,1436,Uþak,Karahallý,0.0,0.035869814,0,0.0,dengede,5660,,384,246.0,146503.0
64,1629,Uþak,Sivaslý,1.0,1.5115811,2,-1.0,norm_eksigi,9992,,575,421.0,237828.0
64,1697,Uþak,Ulubey,1.0,0.92796,1,0.0,dengede,4977,,526,283.0,365501.0
65,1770,Van,Bahçesaray,0.0,0.0,0,0.0,dengede,6641,,253,11.0,41160.0
65,1175,Van,Baþkale,0.0,0.049521044,0,0.0,dengede,25353,,183,79.0,465265.0
65,1786,Van,Çaldýran,1.0,0.7491474,1,0.0,dengede,26290,,245,266.0,332547.0
65,1236,Van,Çatak,0.0,0.0033179447,0,0.0,dengede,10605,,236,55.0,241891.0
65,1918,Van,Edremit,1.0,1.7571245,2,-1.0,norm_eksigi,74261,,359,875.0,126579.0
65,1309,Van,Erciþ,1.0,1.4430898,1,0.0,dengede,95236,,352,1096.0,529344.0
65,1350,Van,Gevaþ,1.0,0.8556418,1,0.0,dengede,15717,,306,181.0,135724.0
65,1372,Van,Gürpýnar,1.0,1.0108615,1,0.0,dengede,19074,,275,230.0,657777.0
65,2098,Van,Ýpekyolu,2.0,5.835657,6,-4.0,norm_eksigi,237320,,321,4636.0,222430.0
65,1533,Van,Muradiye,1.0,1.1538876,1,0.0,dengede,23258,,285,190.0,237404.0
65,1565,Van,Özalp,0.0,0.037099816,0,0.0,dengede,27800,,236,360.0,366554.0
65,1980,Van,Saray,0.0,0.0023536086,0,0.0,dengede,10401,,184,97.0,134720.0
65,2099,Van,Tuþba,2.0,1.6314338,2,0.0,dengede,93847,,352,1192.0,311656.0
77,2019,Yalova,Altýnova,1.0,1.3549498,1,0.0,dengede,21999,,381,604.0,26353.0
77,2020,Yalova,Armutlu,0.0,0.030796923,0,0.0,dengede,7217,,198,534.0,25843.0
77,2021,Yalova,Çýnarcýk,1.0,1.6828771,2,-1.0,norm_eksigi,30745,,334,1009.0,10256.0
77,2022,Yalova,Çiftlikköy,1.0,1.6047257,2,-1.0,norm_eksigi,39251,,363,925.0,34849.0
77,2026,Yalova,Termal,0.0,0.01705169,0,0.0,dengede,3274,,274,176.0,5449.0
66,1117,Yozgat,Akdaðmadeni,2.0,1.0230541,1,1.0,norm_fazlasi,19725,,472,572.0,334073.0
66,1877,Yozgat,Aydýncýk,0.0,0.0,0,0.0,dengede,4416,,344,76.0,124472.0
66,1198,Yozgat,Boðazlýyan,0.0,0.0805438,0,0.0,dengede,22243,,376,411.0,845834.0
66,1895,Yozgat,Çandýr,0.0,0.0,0,0.0,dengede,2985,,374,89.0,137994.0
66,1242,Yozgat,Çayýralan,0.0,0.013530038,0,0.0,dengede,5832,,389,137.0,191478.0
66,1245,Yozgat,Çekerek,0.0,0.012366235,0,0.0,dengede,8487,,342,209.0,143919.0
66,1952,Yozgat,Kadýþehri,0.0,0.0,0,0.0,dengede,6281,,315,130.0,173694.0
66,1982,Yozgat,Saraykent,0.0,0.008435786,0,0.0,dengede,6533,,326,130.0,86223.0
66,1602,Yozgat,Sarýkaya,1.0,0.735344,1,0.0,dengede,17035,,411,422.0,824532.0
66,1635,Yozgat,Sorgun,2.0,1.6200364,2,0.0,dengede,48951,,422,1344.0,928566.0
66,1998,Yozgat,Yenifakýlý,0.0,0.0,0,0.0,dengede,1465,,332,114.0,229625.0
66,1726,Yozgat,Yerköy,1.0,1.1169543,1,0.0,dengede,18420,,418,688.0,708564.0
67,1758,Zonguldak,Alaplý,2.0,1.3172976,1,1.0,norm_fazlasi,17197,,244,681.0,105765.0
67,1240,Zonguldak,Çaycuma,2.0,2.0023932,2,0.0,dengede,41152,,439,1697.0,64612.0
67,1276,Zonguldak,Devrek,2.0,1.6733533,2,0.0,dengede,27476,,323,744.0,29982.0
67,1926,Zonguldak,Gökçebey,0.0,0.059620827,0,0.0,dengede,10455,,333,435.0,27049.0
67,2100,Zonguldak,Kilimli,1.0,1.4874815,1,0.0,dengede,25594,,231,610.0,3845.0
67,2101,Zonguldak,Kozlu,2.0,1.7984141,2,0.0,dengede,35403,,298,670.0,8972.0
