il_kod,ilce_kod,il_adi,ilce_adi,veteriner_mevcut,veteriner_tahmin,veteriner_tahmin_yuvarlak,veteriner_fark,veteriner_durumu,nufus_18plus,yuzolcum,toplam_hayvan_2024,denetim_sayisi,tarim_alani_2024
12,1475,Bingöl,Kiðý,1.0,1.4441749,1,0.0,dengede,2105,,201,56.0,74259.0
12,1633,Bingöl,Solhan,5.0,3.806606,4,1.0,norm_fazlasi,14993,,248,247.0,174480.0
81,1794,Düzce,Gölyaka,4.0,3.6693661,4,0.0,dengede,8901,,286,377.0,48315.0
1,1757,Adana,Aladað,3.0,4.141265,4,-1.0,norm_eksigi,11878,,342,145.0,79101.0
1,1219,Adana,Ceyhan,12.0,12.259442,12,0.0,dengede,113379,,570,2426.0,972741.0
8,1736,Artvin,Yusufeli,6.0,3.390869,3,3.0,norm_fazlasi,5434,,331,357.0,17943.0
1,2033,Adana,Çukurova,10.0,10.102925,10,0.0,dengede,289068,,388,5860.0,90956.0
1,1329,Adana,Feke,5.0,3.9370363,4,1.0,norm_fazlasi,9559,,331,193.0,53232.0
1,1806,Adana,Ýmamoðlu,7.0,5.415366,5,2.0,norm_fazlasi,18260,,439,501.0,347479.0
1,1437,Adana,Karaisalý,8.0,10.591853,11,-3.0,norm_eksigi,17326,,504,615.0,234393.0
1,1443,Adana,Karataþ,5.0,5.9794426,6,-1.0,dengede,18854,,466,447.0,468214.0
1,1486,Adana,Kozan,12.0,11.184434,11,1.0,dengede,84549,,625,1588.0,597859.0
1,1580,Adana,Pozantý,5.0,3.2174623,3,2.0,norm_fazlasi,14190,,252,696.0,34660.0
1,1588,Adana,Saimbeyli,4.0,3.9826925,4,0.0,dengede,10432,,335,115.0,118601.0
1,2032,Adana,Sarýçam,14.0,11.950702,12,2.0,dengede,174701,,556,2725.0,422915.0
1,1104,Adana,Seyhan,18.0,16.128326,16,2.0,dengede,562903,,596,9446.0,273910.0
1,1687,Adana,Tufanbeyli,3.0,4.790597,5,-2.0,norm_eksigi,8625,,378,252.0,311293.0
1,1734,Adana,Yumurtalýk,3.0,4.7049885,5,-2.0,norm_eksigi,12084,,469,483.0,278432.0
1,1748,Adana,Yüreðir,20.0,17.227997,17,3.0,dengede,272630,,579,5026.0,735550.0
2,1182,Adýyaman,Besni,9.0,7.062811,7,2.0,norm_fazlasi,38935,,500,553.0,611269.0
2,1246,Adýyaman,Çelikhan,5.0,3.9310055,4,1.0,norm_fazlasi,8298,,275,142.0,13385.0
2,1347,Adýyaman,Gerger,3.0,2.646684,3,0.0,dengede,1961,,394,67.0,59060.0
2,1354,Adýyaman,Gölbaþý,7.0,8.648818,9,-2.0,norm_eksigi,26453,,431,504.0,176538.0
2,1425,Adýyaman,Kahta,11.0,10.285638,10,1.0,dengede,61773,,443,1330.0,545162.0
2,1592,Adýyaman,Samsat,3.0,2.372481,2,1.0,norm_fazlasi,2577,,320,27.0,106919.0
2,1985,Adýyaman,Sincik,4.0,2.711288,3,1.0,norm_fazlasi,5040,,251,61.0,44319.0
2,1989,Adýyaman,Tut,3.0,3.2554963,3,0.0,dengede,2619,,397,207.0,73407.0
3,1771,Afyonkarahisar,Baþmakçý,5.0,3.5411794,4,1.0,norm_fazlasi,3867,,417,424.0,88704.0
3,1773,Afyonkarahisar,Bayat,4.0,3.076452,3,1.0,norm_fazlasi,3345,,353,100.0,105233.0
3,1200,Afyonkarahisar,Bolvadin,9.0,8.714627,9,0.0,dengede,29923,,446,1081.0,220563.0
3,1239,Afyonkarahisar,Çay,8.0,9.798719,10,-2.0,norm_eksigi,14898,,543,946.0,304398.0
3,1906,Afyonkarahisar,Çobanlar,4.0,3.904185,4,0.0,dengede,8280,,296,189.0,117115.0
3,1267,Afyonkarahisar,Dazkýrý,5.0,3.6612651,4,1.0,norm_fazlasi,4523,,461,346.0,125797.0
3,1281,Afyonkarahisar,Dinar,8.0,9.213762,9,-1.0,dengede,24237,,561,1135.0,491119.0
3,1306,Afyonkarahisar,Emirdað,10.0,7.003227,7,3.0,norm_fazlasi,21281,,373,585.0,1084049.0
3,1923,Afyonkarahisar,Evciler,4.0,3.0703256,3,1.0,norm_fazlasi,2804,,299,171.0,123494.0
3,1944,Afyonkarahisar,Hocalar,4.0,2.4572349,2,2.0,norm_fazlasi,1701,,306,125.0,69733.0
3,1404,Afyonkarahisar,Ýhsaniye,6.0,7.8924685,8,-2.0,norm_eksigi,12403,,376,381.0,336717.0
3,1809,Afyonkarahisar,Ýscehisar,4.0,4.9079313,5,-1.0,norm_eksigi,10320,,295,251.0,111360.0
3,1961,Afyonkarahisar,Kýzýlören,2.0,1.8058524,2,0.0,dengede,1187,,351,58.0,48199.0
3,1594,Afyonkarahisar,Sandýklý,10.0,8.424525,8,2.0,norm_fazlasi,26187,,477,1306.0,487045.0
3,1626,Afyonkarahisar,Sinanpaþa,6.0,6.9916773,7,-1.0,dengede,22151,,367,535.0,335313.0
3,1639,Afyonkarahisar,Sultandaðý,7.0,4.7769594,5,2.0,norm_fazlasi,7747,,417,279.0,264272.0
3,1664,Afyonkarahisar,Þuhut,10.0,7.582116,8,2.0,norm_fazlasi,12879,,462,729.0,561081.0
4,1283,Aðrý,Diyadin,4.0,6.716115,7,-3.0,norm_eksigi,11534,,207,295.0,369883.0
4,1301,Aðrý,Eleþkirt,7.0,5.665124,6,1.0,dengede,10047,,270,277.0,455991.0
4,1379,Aðrý,Hamur,7.0,6.2519016,6,1.0,dengede,1323,,194,52.0,237750.0
4,1568,Aðrý,Patnos,11.0,10.061009,10,1.0,dengede,36378,,260,776.0,539353.0
4,1667,Aðrý,Taþlýçay,7.0,6.352934,6,1.0,dengede,3991,,223,278.0,237855.0
4,1691,Aðrý,Tutak,5.0,5.950284,6,-1.0,dengede,4490,,233,279.0,444516.0
68,1860,Aksaray,Aðaçören,3.0,2.7580297,3,0.0,dengede,2599,,306,31.0,209146.0
68,1921,Aksaray,Eskil,7.0,6.825409,7,0.0,dengede,13820,,332,290.0,779054.0
68,1932,Aksaray,Gülaðaç,3.0,4.4218864,4,-1.0,norm_eksigi,9309,,435,132.0,186264.0
68,1861,Aksaray,Güzelyurt,3.0,3.5392668,4,-1.0,norm_eksigi,5249,,412,123.0,175064.0
68,1557,Aksaray,Ortaköy,6.0,6.5133057,7,-1.0,dengede,14684,,432,512.0,563141.0
68,1866,Aksaray,Sarýyahþi,3.0,2.2634323,2,1.0,norm_fazlasi,2711,,283,33.0,83346.0
68,2106,Aksaray,Sultanhaný,4.0,4.784157,5,-1.0,norm_eksigi,8360,,342,307.0,257980.0
5,1363,Amasya,Göynücek,4.0,3.4385192,3,1.0,norm_fazlasi,4117,,381,117.0,211719.0
5,1368,Amasya,Gümüþhacýköy,8.0,5.7078953,6,2.0,norm_fazlasi,12801,,472,545.0,215795.0
5,1938,Amasya,Hamamözü,3.0,2.081704,2,1.0,norm_fazlasi,1288,,388,65.0,49816.0
5,1524,Amasya,Merzifon,13.0,9.584326,10,3.0,norm_fazlasi,48897,,548,1716.0,521655.0
5,1641,Amasya,Suluova,10.0,9.179531,9,1.0,dengede,30018,,432,697.0,273133.0
5,1668,Amasya,Taþova,6.0,6.3670654,6,0.0,dengede,8401,,510,573.0,372702.0
6,1872,Ankara,Akyurt,7.0,8.058605,8,-1.0,dengede,31768,,423,1096.0,197830.0
6,1130,Ankara,Altýndað,8.0,9.143046,9,-1.0,dengede,309197,,310,9638.0,64660.0
6,1157,Ankara,Ayaþ,8.0,7.0836906,7,1.0,dengede,9539,,490,642.0,505498.0
6,1167,Ankara,Bala,6.0,6.757162,7,-1.0,dengede,16030,,415,391.0,1208434.0
6,1187,Ankara,Beypazarý,8.0,9.282583,9,-1.0,dengede,36201,,500,1806.0,639928.0
6,1227,Ankara,Çamlýdere,4.0,3.089225,3,1.0,norm_fazlasi,8457,,306,179.0,24838.0
6,1231,Ankara,Çankaya,14.0,16.699856,17,-3.0,dengede,793968,,350,29287.0,103471.0
6,1260,Ankara,Çubuk,14.0,13.342121,13,1.0,dengede,76312,,432,2281.0,391166.0
6,1302,Ankara,Elmadað,5.0,7.8356247,8,-3.0,norm_eksigi,34727,,412,1216.0,269253.0
6,1922,Ankara,Etimesgut,11.0,8.321984,8,3.0,norm_fazlasi,457662,,309,10121.0,54703.0
6,1924,Ankara,Evren,1.0,2.4099467,2,-1.0,norm_eksigi,2594,,327,59.0,138526.0
6,1744,Ankara,Gölbaþý,16.0,14.9068575,15,1.0,dengede,125765,,527,3772.0,824019.0
6,1365,Ankara,Güdül,4.0,4.5016146,5,-1.0,norm_eksigi,7683,,328,293.0,288524.0
6,1387,Ankara,Haymana,13.0,8.286104,8,5.0,norm_fazlasi,22234,,497,517.0,1335507.0
6,1815,Ankara,Kahramankazan,8.0,16.305948,16,-8.0,norm_eksigi,44785,,496,2939.0,261886.0
6,1427,Ankara,Kalecik,4.0,6.157634,6,-2.0,norm_eksigi,10024,,580,418.0,490129.0
6,1745,Ankara,Keçiören,9.0,8.781497,9,0.0,dengede,711423,,250,12605.0,25555.0
6,1473,Ankara,Kýzýlcahamam,6.0,5.8338385,6,0.0,dengede,24099,,315,800.0,103480.0
6,1746,Ankara,Mamak,8.0,8.4878645,8,0.0,dengede,519955,,356,8620.0,66781.0
6,1539,Ankara,Nallýhan,7.0,7.532235,8,-1.0,dengede,19724,,530,808.0,413407.0
6,1578,Ankara,Polatlý,13.0,17.959906,18,-5.0,norm_eksigi,94981,,500,3269.0,2214535.0
6,2034,Ankara,Pursaklar,4.0,5.924405,6,-2.0,norm_eksigi,118517,,349,2706.0,68836.0
6,1747,Ankara,Sincan,17.0,16.96209,17,0.0,dengede,435135,,546,7957.0,506417.0
6,1658,Ankara,Þereflikoçhisar,6.0,6.597726,7,-1.0,dengede,26049,,462,840.0,963713.0
6,1723,Ankara,Yenimahalle,13.0,10.713975,11,2.0,dengede,553961,,266,15474.0,54436.0
7,1121,Antalya,Akseki,4.0,3.7536814,4,0.0,dengede,8605,,313,155.0,15403.0
7,2035,Antalya,Aksu,10.0,9.13543,9,1.0,dengede,62680,,497,1107.0,173323.0
7,1126,Antalya,Alanya,16.0,12.713416,13,3.0,norm_fazlasi,259406,,407,7058.0,193579.0
7,1811,Antalya,Demre,6.0,3.507773,4,2.0,norm_fazlasi,21601,,230,1299.0,30902.0
7,2036,Antalya,Döþemealtý,16.0,12.486484,12,4.0,norm_fazlasi,69911,,543,1509.0,106698.0
7,1303,Antalya,Elmalý,9.0,9.432468,9,0.0,dengede,31255,,449,1000.0,466070.0
7,1333,Antalya,Finike,8.0,5.557295,6,2.0,norm_fazlasi,28059,,294,1294.0,68337.0
7,1337,Antalya,Gazipaþa,12.0,8.912089,9,3.0,norm_fazlasi,44520,,431,2004.0,102696.0
7,1370,Antalya,Gündoðmuþ,1.0,2.903403,3,-2.0,norm_eksigi,6903,,249,57.0,12484.0
7,1946,Antalya,Ýbradý,3.0,2.800277,3,0.0,dengede,3646,,269,56.0,4909.0
7,1451,Antalya,Kaþ,10.0,7.4522743,7,3.0,norm_fazlasi,32399,,380,1842.0,123503.0
7,1959,Antalya,Kemer,6.0,5.5879784,6,0.0,dengede,34554,,331,1703.0,15669.0
7,2037,Antalya,Kepez,12.0,13.217237,13,-1.0,dengede,475805,,473,7086.0,61645.0
7,2038,Antalya,Konyaaltý,8.0,8.313628,8,0.0,dengede,155728,,379,3497.0,35146.0
7,1483,Antalya,Korkuteli,16.0,11.415336,11,5.0,norm_fazlasi,47023,,496,1374.0,1016218.0
7,1492,Antalya,Kumluca,9.0,7.0053835,7,2.0,norm_fazlasi,58061,,346,1686.0,92772.0
7,1512,Antalya,Manavgat,23.0,18.650362,19,4.0,norm_fazlasi,249296,,665,5739.0,386092.0
7,2039,Antalya,Muratpaþa,12.0,8.92427,9,3.0,norm_fazlasi,400613,,316,11104.0,7790.0
7,1616,Antalya,Serik,14.0,14.14261,14,0.0,dengede,104101,,631,2131.0,359045.0
75,1252,Ardahan,Çýldýr,5.0,3.6364415,4,1.0,norm_fazlasi,1819,,203,79.0,135170.0
75,2008,Ardahan,Damal,5.0,3.3502302,3,2.0,norm_fazlasi,2223,,156,106.0,56158.0
75,1356,Ardahan,Göle,10.0,4.099307,4,6.0,norm_fazlasi,6620,,187,318.0,207020.0
75,1380,Ardahan,Hanak,9.0,3.3398697,3,6.0,norm_fazlasi,2202,,151,96.0,110420.0
75,1579,Ardahan,Posof,3.0,2.344676,2,1.0,norm_fazlasi,1564,,227,135.0,41398.0
8,1145,Artvin,Ardanuç,3.0,2.5539942,3,0.0,dengede,4316,,294,146.0,46227.0
8,1147,Artvin,Arhavi,3.0,2.724396,3,0.0,dengede,13351,,212,824.0,40392.0
8,1202,Artvin,Borçka,4.0,3.0166004,3,1.0,norm_fazlasi,8206,,195,272.0,84152.0
8,1395,Artvin,Hopa,2.0,3.281484,3,-1.0,norm_eksigi,17540,,201,514.0,33629.0
8,2105,Artvin,Kemalpaþa,2.0,2.3000526,2,0.0,dengede,4997,,152,316.0,21112.0
8,1828,Artvin,Murgul,3.0,2.1369386,2,1.0,norm_fazlasi,3970,,218,71.0,12469.0
8,1653,Artvin,Þavþat,5.0,3.165155,3,2.0,norm_fazlasi,5748,,218,199.0,30031.0
9,1206,Aydýn,Bozdoðan,8.0,8.905927,9,-1.0,dengede,26564,,585,718.0,271057.0
9,1781,Aydýn,Buharkent,3.0,4.421706,4,-1.0,norm_eksigi,10092,,415,306.0,35563.0
9,1256,Aydýn,Çine,12.0,12.077401,12,0.0,dengede,40046,,572,1303.0,339306.0
9,2000,Aydýn,Didim,9.0,8.577777,9,0.0,dengede,81769,,468,2099.0,123036.0
9,2076,Aydýn,Efeler,23.0,18.75676,19,4.0,norm_fazlasi,238106,,592,6460.0,352953.0
9,1348,Aydýn,Germencik,7.0,8.481169,8,-1.0,dengede,33539,,444,1274.0,254250.0
9,1807,Aydýn,Ýncirliova,9.0,9.003781,9,0.0,dengede,41805,,479,861.0,133970.0
9,1435,Aydýn,Karacasu,5.0,5.3056173,5,0.0,dengede,14465,,425,329.0,221754.0
9,1957,Aydýn,Karpuzlu,8.0,5.4249153,5,3.0,norm_fazlasi,9055,,435,245.0,140823.0
9,1479,Aydýn,Koçarlý,9.0,9.251793,9,0.0,dengede,18929,,453,632.0,221064.0
9,1968,Aydýn,Köþk,6.0,5.9823074,6,0.0,dengede,22811,,398,669.0,130978.0
9,1497,Aydýn,Kuþadasý,8.0,8.162783,8,0.0,dengede,112270,,335,3016.0,59771.0
9,1498,Aydýn,Kuyucak,10.0,8.66593,9,1.0,dengede,22039,,484,518.0,182993.0
9,1542,Aydýn,Nazilli,13.0,15.232555,15,-2.0,dengede,128377,,526,2901.0,304150.0
9,1637,Aydýn,Söke,17.0,13.373087,13,4.0,norm_fazlasi,95945,,533,2385.0,646309.0
9,1640,Aydýn,Sultanhisar,5.0,5.7695312,6,-1.0,dengede,16016,,442,893.0,154217.0
9,1724,Aydýn,Yenipazar,6.0,5.2101097,5,1.0,norm_fazlasi,9814,,426,271.0,105718.0
10,2077,Balýkesir,Altýeylül,28.0,17.50719,18,10.0,norm_fazlasi,148506,,560,3126.0,281664.0
10,1161,Balýkesir,Ayvalýk,9.0,11.863145,12,-3.0,norm_eksigi,62817,,427,2935.0,194494.0
10,1169,Balýkesir,Balya,6.0,6.7685986,7,-1.0,dengede,12054,,369,307.0,68724.0
10,1171,Balýkesir,Bandýrma,20.0,14.696112,15,5.0,norm_fazlasi,133155,,514,2716.0,347384.0
10,1191,Balýkesir,Bigadiç,14.0,11.590882,12,2.0,dengede,44996,,502,830.0,282339.0
10,1216,Balýkesir,Burhaniye,8.0,8.02926,8,0.0,dengede,57292,,386,1752.0,186573.0
10,1291,Balýkesir,Dursunbey,6.0,7.6924114,8,-2.0,norm_eksigi,28647,,488,818.0,155497.0
10,1294,Balýkesir,Edremit,9.0,9.289894,9,0.0,dengede,123817,,277,4236.0,214317.0
10,1310,Balýkesir,Erdek,4.0,5.7323675,6,-2.0,norm_eksigi,28097,,354,1193.0,54980.0
10,1928,Balýkesir,Gömeç,4.0,4.9670954,5,-1.0,norm_eksigi,13757,,331,672.0,132423.0
10,1360,Balýkesir,Gönen,10.0,13.205234,13,-3.0,norm_eksigi,66301,,575,1933.0,399490.0
10,1384,Balýkesir,Havran,9.0,6.0903854,6,3.0,norm_fazlasi,25769,,341,678.0,148018.0
10,1418,Balýkesir,Ývrindi,9.0,8.565657,9,0.0,dengede,27286,,467,827.0,121830.0
10,2078,Balýkesir,Karesi,22.0,16.798698,17,5.0,norm_fazlasi,149659,,457,3476.0,152339.0
10,1462,Balýkesir,Kepsut,9.0,7.788743,8,1.0,dengede,19704,,478,654.0,159559.0
10,1514,Balýkesir,Manyas,6.0,7.5584965,8,-2.0,norm_eksigi,15587,,484,472.0,314015.0
10,1824,Balýkesir,Marmara,2.0,2.3665416,2,0.0,dengede,7333,,244,832.0,11382.0
10,1608,Balýkesir,Savaþtepe,6.0,4.9848566,5,1.0,norm_fazlasi,13612,,488,248.0,176484.0
10,1619,Balýkesir,Sýndýrgý,10.0,8.176597,8,2.0,norm_fazlasi,26566,,509,694.0,199851.0
10,1644,Balýkesir,Susurluk,12.0,9.467856,9,3.0,norm_fazlasi,30790,,518,838.0,253234.0
74,1761,Bartýn,Amasra,5.0,3.0138783,3,2.0,norm_fazlasi,4995,,311,425.0,20346.0
74,1496,Bartýn,Kurucaþile,1.0,2.6016016,3,-2.0,norm_eksigi,1847,,307,106.0,17767.0
74,1701,Bartýn,Ulus,4.0,3.2341712,3,1.0,norm_fazlasi,8826,,394,323.0,51637.0
72,1184,Batman,Beþiri,8.0,6.2850676,6,2.0,norm_fazlasi,11989,,292,142.0,363840.0
72,1345,Batman,Gercüþ,4.0,3.9035823,4,0.0,dengede,5899,,247,107.0,132635.0
72,1941,Batman,Hasankeyf,4.0,2.627708,3,1.0,norm_fazlasi,2885,,221,30.0,22062.0
72,1487,Batman,Kozluk,7.0,6.575096,7,0.0,dengede,19353,,310,409.0,260589.0
72,1607,Batman,Sason,4.0,2.7240212,3,1.0,norm_fazlasi,9910,,226,113.0,11102.0
69,1767,Bayburt,Aydýntepe,3.0,2.9604614,3,0.0,dengede,2547,,312,114.0,80706.0
69,1788,Bayburt,Demirözü,4.0,3.0187008,3,1.0,norm_fazlasi,3759,,279,160.0,247077.0
11,1210,Bilecik,Bozüyük,7.0,6.4747763,6,1.0,dengede,57255,,422,1164.0,192911.0
11,1359,Bilecik,Gölpazarý,4.0,2.7643,3,1.0,norm_fazlasi,5754,,362,86.0,122440.0
11,1948,Bilecik,Ýnhisar,2.0,1.8090625,2,0.0,dengede,812,,249,20.0,19490.0
11,1559,Bilecik,Osmaneli,6.0,4.7422895,5,1.0,norm_fazlasi,12610,,441,286.0,123423.0
11,1571,Bilecik,Pazaryeri,4.0,3.258586,3,1.0,norm_fazlasi,4792,,424,226.0,101134.0
11,1636,Bilecik,Söðüt,4.0,3.9471207,4,0.0,dengede,10769,,334,221.0,96785.0
11,1857,Bilecik,Yenipazar,3.0,2.105269,2,1.0,norm_fazlasi,886,,316,38.0,74768.0
12,1750,Bingöl,Adaklý,0.0,2.3230538,2,-2.0,norm_eksigi,2443,,210,23.0,140570.0
12,1344,Bingöl,Genç,4.0,2.2822611,2,2.0,norm_fazlasi,13963,,276,173.0,205502.0
12,1446,Bingöl,Karlýova,6.0,3.9527917,4,2.0,norm_fazlasi,7154,,220,136.0,211501.0
12,1855,Bingöl,Yayladere,2.0,3.5062144,4,-2.0,norm_eksigi,724,,187,5.0,35599.0
12,1996,Bingöl,Yedisu,1.0,1.3908803,1,0.0,dengede,1070,,210,19.0,76116.0
13,1106,Bitlis,Adilcevaz,6.0,6.505767,7,-1.0,dengede,11227,,302,222.0,372590.0
13,1112,Bitlis,Ahlat,7.0,6.1030426,6,1.0,dengede,22806,,284,572.0,417282.0
13,1798,Bitlis,Güroymak,7.0,6.1084146,6,1.0,dengede,21757,,264,204.0,128040.0
13,1394,Bitlis,Hizan,4.0,3.216593,3,1.0,norm_fazlasi,8448,,258,362.0,85682.0
13,1537,Bitlis,Mutki,3.0,3.0324242,3,0.0,dengede,3769,,233,48.0,93716.0
13,1669,Bitlis,Tatvan,10.0,7.3773327,7,3.0,norm_fazlasi,56791,,261,912.0,213767.0
14,1916,Bolu,Dörtdivan,3.0,2.2733803,2,1.0,norm_fazlasi,2220,,210,163.0,87837.0
14,1346,Bolu,Gerede,4.0,5.636139,6,-2.0,norm_eksigi,20157,,248,660.0,303362.0
14,1364,Bolu,Göynük,7.0,3.1893198,3,4.0,norm_fazlasi,3456,,329,303.0,152708.0
14,1466,Bolu,Kýbrýscýk,2.0,1.988006,2,0.0,dengede,891,,213,71.0,9546.0
14,1522,Bolu,Mengen,3.0,3.273464,3,0.0,dengede,5963,,331,221.0,16085.0
14,1531,Bolu,Mudurnu,9.0,7.055108,7,2.0,norm_fazlasi,6029,,316,492.0,154571.0
14,1610,Bolu,Seben,3.0,2.786014,3,0.0,dengede,1985,,301,94.0,47610.0
14,1997,Bolu,Yeniçaða,3.0,2.7454808,3,0.0,dengede,3467,,269,124.0,42788.0
15,1109,Burdur,Aðlasun,5.0,2.5805252,3,2.0,norm_fazlasi,3123,,549,160.0,58648.0
15,1874,Burdur,Altýnyayla,3.0,2.6601822,3,0.0,dengede,2380,,377,90.0,12732.0
15,1211,Burdur,Bucak,13.0,12.159818,12,1.0,dengede,40267,,681,988.0,216391.0
15,1899,Burdur,Çavdýr,3.0,5.180235,5,-2.0,norm_eksigi,6490,,462,868.0,110050.0
15,1903,Burdur,Çeltikçi,4.0,2.2992625,2,2.0,norm_fazlasi,1876,,470,69.0,31991.0
15,1357,Burdur,Gölhisar,11.0,8.90833,9,2.0,norm_fazlasi,15179,,578,609.0,175337.0
15,1813,Burdur,Karamanlý,5.0,3.4836698,3,2.0,norm_fazlasi,4776,,548,85.0,161863.0
15,1816,Burdur,Kemer,3.0,2.535,3,0.0,dengede,1201,,439,58.0,80232.0
15,1672,Burdur,Tefenni,5.0,4.1439676,4,1.0,norm_fazlasi,4718,,451,145.0,158592.0
15,1728,Burdur,Yeþilova,5.0,6.5992193,7,-2.0,norm_eksigi,4282,,578,354.0,230340.0
16,1783,Bursa,Büyükorhan,3.0,3.3753078,3,0.0,dengede,9678,,429,216.0,38452.0
16,1343,Bursa,Gemlik,5.0,7.0484447,7,-2.0,norm_eksigi,84461,,341,2864.0,88765.0
16,1935,Bursa,Gürsu,5.0,6.1305075,6,-1.0,dengede,76010,,406,1012.0,43718.0
16,1799,Bursa,Harmancýk,2.0,2.699599,3,-1.0,norm_eksigi,5200,,453,114.0,47068.0
16,1411,Bursa,Ýnegöl,14.0,14.494544,14,0.0,dengede,233613,,581,4524.0,297879.0
16,1420,Bursa,Ýznik,3.0,6.355673,6,-3.0,norm_eksigi,38104,,436,1559.0,164702.0
16,1434,Bursa,Karacabey,14.0,13.300836,13,1.0,dengede,68306,,611,1844.0,617619.0
16,1457,Bursa,Keles,4.0,4.9857388,5,-1.0,norm_eksigi,10996,,484,250.0,104478.0
16,1960,Bursa,Kestel,7.0,9.293296,9,-2.0,norm_eksigi,56415,,527,1610.0,82522.0
16,1530,Bursa,Mudanya,7.0,10.443394,10,-3.0,norm_eksigi,87768,,479,2491.0,190047.0
16,1535,Bursa,Mustafakemalpaþa,14.0,12.89364,13,1.0,dengede,85488,,570,2760.0,512835.0
16,1829,Bursa,Nilüfer,17.0,12.443096,12,5.0,norm_fazlasi,432989,,484,9809.0,155372.0
16,1553,Bursa,Orhaneli,4.0,5.6529236,6,-2.0,norm_eksigi,15525,,548,376.0,88700.0
16,1554,Bursa,Orhangazi,4.0,9.578054,10,-6.0,norm_eksigi,61950,,466,2161.0,129721.0
16,1832,Bursa,Osmangazi,20.0,15.846131,16,4.0,norm_fazlasi,669873,,500,16425.0,120155.0
16,1725,Bursa,Yeniþehir,10.0,12.032521,12,-2.0,dengede,43917,,552,1444.0,314401.0
16,1859,Bursa,Yýldýrým,12.0,8.462548,8,4.0,norm_fazlasi,480785,,342,8276.0,12522.0
17,1160,Çanakkale,Ayvacýk,7.0,7.613452,8,-1.0,dengede,17164,,512,1244.0,242999.0
17,1180,Çanakkale,Bayramiç,8.0,8.078805,8,0.0,dengede,12477,,610,933.0,315374.0
17,1190,Çanakkale,Biga,18.0,13.567815,14,4.0,norm_fazlasi,50080,,620,1881.0,585449.0
17,1205,Çanakkale,Bozcaada,2.0,2.5632184,3,-1.0,norm_eksigi,3018,,302,285.0,16760.0
17,1229,Çanakkale,Çan,12.0,8.672401,9,3.0,norm_fazlasi,25081,,528,545.0,211683.0
17,1293,Çanakkale,Eceabat,3.0,4.1215906,4,-1.0,norm_eksigi,4783,,479,391.0,166340.0
17,1326,Çanakkale,Ezine,13.0,8.809845,9,4.0,norm_fazlasi,14998,,533,824.0,268469.0
17,1340,Çanakkale,Gelibolu,7.0,8.378299,8,-1.0,dengede,28560,,540,1017.0,393209.0
17,1408,Çanakkale,Gökçeada,3.0,2.8432038,3,0.0,dengede,6543,,428,697.0,29875.0
17,1503,Çanakkale,Lapseki,7.0,7.683242,8,-1.0,dengede,18147,,589,579.0,231215.0
17,1722,Çanakkale,Yenice,10.0,9.852672,10,0.0,dengede,8218,,506,755.0,277433.0
18,1765,Çankýrý,Atkaracalar,1.0,2.4292274,2,-1.0,norm_eksigi,3541,,315,48.0,97267.0
18,1885,Çankýrý,Bayramören,1.0,1.801587,2,-1.0,norm_eksigi,449,,292,10.0,15857.0
18,1248,Çankýrý,Çerkeþ,3.0,4.519844,5,-2.0,norm_eksigi,9533,,362,209.0,282738.0
18,1300,Çankýrý,Eldivan,3.0,2.5174637,3,0.0,dengede,2770,,400,62.0,84733.0
18,1399,Çankýrý,Ilgaz,2.0,2.3044324,2,0.0,dengede,6069,,383,173.0,140493.0
18,1817,Çankýrý,Kýzýlýrmak,3.0,2.3650367,2,1.0,norm_fazlasi,1621,,352,96.0,319116.0
18,1963,Çankýrý,Korgun,1.0,1.9890554,2,-1.0,norm_eksigi,1862,,359,40.0,40536.0
18,1494,Çankýrý,Kurþunlu,2.0,3.7490017,4,-2.0,norm_eksigi,5465,,317,122.0,138820.0
18,1555,Çankýrý,Orta,5.0,3.7741022,4,1.0,norm_fazlasi,9534,,259,107.0,144599.0
18,1649,Çankýrý,Þabanözü,2.0,3.698469,4,-2.0,norm_eksigi,7179,,349,142.0,181102.0
18,1718,Çankýrý,Yapraklý,3.0,2.1070485,2,1.0,norm_fazlasi,1458,,424,37.0,171460.0
19,1124,Çorum,Alaca,5.0,6.6021976,7,-2.0,norm_eksigi,14303,,469,360.0,867512.0
19,1177,Çorum,Bayat,3.0,4.261161,4,-1.0,norm_eksigi,4231,,417,185.0,317007.0
19,1778,Çorum,Boðazkale,3.0,2.1317687,2,1.0,norm_fazlasi,1738,,366,71.0,105142.0
19,1911,Çorum,Dodurga,1.0,2.24255,2,-1.0,norm_eksigi,2045,,328,69.0,66973.0
19,1414,Çorum,Ýskilip,5.0,5.0656214,5,0.0,dengede,13709,,494,333.0,386880.0
19,1445,Çorum,Kargý,3.0,2.9500303,3,0.0,dengede,4402,,554,293.0,105809.0
19,1972,Çorum,Laçin,3.0,2.0981119,2,1.0,norm_fazlasi,1166,,434,36.0,79778.0
19,1520,Çorum,Mecitözü,7.0,5.0136604,5,2.0,norm_fazlasi,3217,,461,138.0,420532.0
19,1976,Çorum,Oðuzlar,2.0,2.7144368,3,-1.0,norm_eksigi,2321,,300,62.0,55126.0
19,1556,Çorum,Ortaköy,3.0,2.78834,3,0.0,dengede,3525,,419,42.0,138929.0
19,1558,Çorum,Osmancýk,7.0,7.273863,7,0.0,dengede,23011,,555,732.0,234129.0
19,1642,Çorum,Sungurlu,6.0,7.8883314,8,-2.0,norm_eksigi,24309,,517,478.0,1160019.0
19,1850,Çorum,Uðurludað,1.0,2.4126523,2,-1.0,norm_eksigi,2466,,445,44.0,220149.0
20,1102,Denizli,Acýpayam,14.0,12.463063,12,2.0,dengede,43511,,502,1345.0,450035.0
20,1769,Denizli,Babadað,4.0,2.5830452,3,1.0,norm_fazlasi,3690,,250,210.0,32169.0
20,1881,Denizli,Baklan,4.0,3.5894287,4,0.0,dengede,4165,,434,110.0,140000.0
20,1774,Denizli,Bekilli,2.0,2.8523028,3,-1.0,norm_eksigi,5692,,321,130.0,118914.0
20,1888,Denizli,Beyaðaç,4.0,2.7786179,3,1.0,norm_fazlasi,5099,,316,69.0,43753.0
20,1889,Denizli,Bozkurt,4.0,4.0596514,4,0.0,dengede,9434,,479,275.0,151578.0
20,1214,Denizli,Buldan,5.0,7.1782694,7,-2.0,norm_eksigi,24269,,515,427.0,145508.0
20,1224,Denizli,Çal,6.0,5.9625406,6,0.0,dengede,11386,,471,417.0,380683.0
20,1226,Denizli,Çameli,7.0,6.108018,6,1.0,dengede,14054,,468,414.0,121006.0
20,1233,Denizli,Çardak,5.0,3.6398828,4,1.0,norm_fazlasi,6766,,446,137.0,101240.0
20,1257,Denizli,Çivril,10.0,13.926746,14,-4.0,norm_eksigi,49363,,502,1383.0,497511.0
20,1371,Denizli,Güney,4.0,3.3502452,3,1.0,norm_fazlasi,7254,,430,100.0,162779.0
20,1803,Denizli,Honaz,10.0,7.240944,7,3.0,norm_fazlasi,28937,,491,810.0,159788.0
20,1426,Denizli,Kale,5.0,5.2392073,5,0.0,dengede,16225,,458,449.0,167407.0
20,2079,Denizli,Merkezefendi,11.0,10.528571,11,0.0,dengede,257177,,417,5714.0,61731.0
20,1871,Denizli,Pamukkale,13.0,14.7319565,15,-2.0,dengede,266391,,507,6506.0,288001.0
20,1597,Denizli,Sarayköy,7.0,6.953514,7,0.0,dengede,24348,,417,748.0,155126.0
20,1840,Denizli,Serinhisar,6.0,6.2911873,6,0.0,dengede,11942,,445,910.0,59016.0
20,1670,Denizli,Tavas,9.0,8.616045,9,0.0,dengede,37607,,535,943.0,466311.0
21,2040,Diyarbakýr,Baðlar,13.0,11.9854555,12,1.0,dengede,251070,,296,4415.0,145067.0
21,1195,Diyarbakýr,Bismil,7.0,9.732222,10,-3.0,norm_eksigi,75742,,328,1348.0,1320176.0
21,1249,Diyarbakýr,Çermik,9.0,9.402494,9,0.0,dengede,32218,,375,567.0,211345.0
21,1253,Diyarbakýr,Çýnar,12.0,10.779391,11,1.0,dengede,49845,,402,330.0,666797.0
21,1263,Diyarbakýr,Çüngüþ,3.0,3.524113,4,-1.0,norm_eksigi,7925,,299,107.0,59988.0
21,1278,Diyarbakýr,Dicle,6.0,5.03434,5,1.0,norm_fazlasi,26656,,300,232.0,158764.0
21,1791,Diyarbakýr,Eðil,7.0,4.663275,5,2.0,norm_fazlasi,14083,,249,147.0,114885.0
21,1315,Diyarbakýr,Ergani,14.0,13.7760725,14,0.0,dengede,88921,,388,1282.0,524645.0
21,1381,Diyarbakýr,Hani,6.0,4.976308,5,1.0,norm_fazlasi,17866,,292,240.0,120918.0
21,1389,Diyarbakýr,Hazro,6.0,3.721264,4,2.0,norm_fazlasi,9428,,303,107.0,164526.0
21,2041,Diyarbakýr,Kayapýnar,12.0,11.394502,11,1.0,dengede,285907,,274,3807.0,197640.0
21,1962,Diyarbakýr,Kocaköy,5.0,3.9695108,4,1.0,norm_fazlasi,8751,,281,121.0,99372.0
21,1490,Diyarbakýr,Kulp,5.0,5.6170425,6,-1.0,dengede,23388,,296,168.0,85842.0
21,1504,Diyarbakýr,Lice,6.0,6.8326273,7,-1.0,dengede,17464,,305,176.0,103674.0
21,1624,Diyarbakýr,Silvan,8.0,8.273737,8,0.0,dengede,57948,,355,946.0,751161.0
21,2042,Diyarbakýr,Sur,18.0,11.42484,11,7.0,norm_fazlasi,61895,,374,1778.0,783058.0
21,2043,Diyarbakýr,Yeniþehir,12.0,9.752103,10,2.0,norm_fazlasi,144382,,359,3331.0,185718.0
81,1116,Düzce,Akçakoca,4.0,4.521101,5,-1.0,norm_eksigi,22064,,262,991.0,220005.0
81,1784,Düzce,Cumayeri,3.0,2.7102783,3,0.0,dengede,8161,,244,307.0,54899.0
81,1905,Düzce,Çilimli,3.0,3.309801,3,0.0,dengede,7972,,275,396.0,52987.0
81,2017,Düzce,Gümüþova,2.0,3.248681,3,-1.0,norm_eksigi,7175,,301,330.0,37861.0
81,2031,Düzce,Kaynaþlý,3.0,2.6577957,3,0.0,dengede,5926,,265,965.0,29136.0
81,1730,Düzce,Yýðýlca,2.0,2.2543461,2,0.0,dengede,1819,,241,267.0,102548.0
22,1307,Edirne,Enez,4.0,4.9764156,5,-1.0,norm_eksigi,3558,,418,277.0,140969.0
22,1385,Edirne,Havsa,6.0,6.796811,7,-1.0,dengede,7129,,440,415.0,363763.0
22,1412,Edirne,Ýpsala,5.0,4.9287157,5,0.0,dengede,11928,,489,277.0,526544.0
22,1464,Edirne,Keþan,7.0,11.865396,12,-5.0,norm_eksigi,55056,,511,2358.0,557825.0
22,1502,Edirne,Lalapaþa,3.0,5.147031,5,-2.0,norm_eksigi,2676,,338,168.0,243624.0
22,1523,Edirne,Meriç,2.0,3.6844194,4,-2.0,norm_eksigi,5828,,459,323.0,207359.0
22,1988,Edirne,Süloðlu,3.0,2.915161,3,0.0,dengede,2297,,388,181.0,177790.0
22,1705,Edirne,Uzunköprü,6.0,8.662343,9,-3.0,norm_eksigi,34219,,481,885.0,698877.0
23,1110,Elazýð,Aðýn,1.0,2.4171023,2,-1.0,norm_eksigi,1405,,322,65.0,46974.0
23,1873,Elazýð,Alacakaya,4.0,2.5321987,3,1.0,norm_fazlasi,2273,,265,56.0,30395.0
23,1762,Elazýð,Arýcak,2.0,2.7202456,3,-1.0,norm_eksigi,6820,,297,71.0,60110.0
23,1173,Elazýð,Baskil,5.0,3.7515662,4,1.0,norm_fazlasi,4230,,363,86.0,250091.0
23,1438,Elazýð,Karakoçan,10.0,6.069828,6,4.0,norm_fazlasi,12975,,316,87.0,100076.0
23,1455,Elazýð,Keban,6.0,3.2500713,3,3.0,norm_fazlasi,3189,,364,347.0,60591.0
23,1820,Elazýð,Kovancýlar,8.0,7.5622377,8,0.0,dengede,17125,,366,313.0,284843.0
23,1506,Elazýð,Maden,2.0,3.1127794,3,-1.0,norm_eksigi,2761,,324,160.0,49944.0
23,1566,Elazýð,Palu,6.0,2.7724545,3,3.0,norm_fazlasi,8339,,326,72.0,58452.0
23,1631,Elazýð,Sivrice,5.0,3.3516529,3,2.0,norm_fazlasi,3203,,345,86.0,69590.0
24,1243,Erzincan,Çayýrlý,4.0,2.531652,3,1.0,norm_fazlasi,3227,,385,88.0,232714.0
24,1406,Erzincan,Ýliç,1.0,2.3471112,2,-1.0,norm_eksigi,3811,,338,51.0,82828.0
24,1459,Erzincan,Kemah,3.0,2.0926862,2,1.0,norm_fazlasi,1838,,413,67.0,70007.0
24,1460,Erzincan,Kemaliye,2.0,2.179562,2,0.0,dengede,1928,,362,96.0,22146.0
24,1977,Erzincan,Otlukbeli,1.0,1.7643181,2,-1.0,norm_eksigi,1218,,319,23.0,58788.0
24,1583,Erzincan,Refahiye,5.0,2.3354921,2,3.0,norm_fazlasi,3013,,339,74.0,199325.0
24,1675,Erzincan,Tercan,7.0,5.8261175,6,1.0,dengede,8604,,423,71.0,460428.0
24,1853,Erzincan,Üzümlü,4.0,4.4147625,4,0.0,dengede,8232,,433,122.0,50141.0
25,1153,Erzurum,Aþkale,2.0,4.338278,4,-2.0,norm_eksigi,13800,,262,535.0,212157.0
25,1945,Erzurum,Aziziye,11.0,10.498965,10,1.0,dengede,51776,,291,1635.0,287291.0
25,1235,Erzurum,Çat,3.0,3.683192,4,-1.0,norm_eksigi,11266,,158,265.0,199302.0
25,1392,Erzurum,Hýnýs,6.0,6.1576853,6,0.0,dengede,16051,,266,696.0,264922.0
25,1396,Erzurum,Horasan,9.0,7.2606564,7,2.0,norm_fazlasi,24628,,276,866.0,664117.0
25,1416,Erzurum,Ýspir,4.0,3.8281772,4,0.0,dengede,13476,,368,711.0,90620.0
25,1812,Erzurum,Karaçoban,4.0,3.4687254,3,1.0,norm_fazlasi,15279,,238,281.0,157096.0
25,1444,Erzurum,Karayazý,5.0,4.296095,4,1.0,norm_fazlasi,18984,,166,342.0,417575.0
25,1967,Erzurum,Köprüköy,5.0,5.8722343,6,-1.0,dengede,11373,,222,161.0,267861.0
25,1540,Erzurum,Narman,4.0,5.5772734,6,-2.0,norm_eksigi,10368,,250,303.0,233031.0
25,1550,Erzurum,Oltu,3.0,4.1294594,4,-1.0,norm_eksigi,23384,,313,845.0,104361.0
25,1551,Erzurum,Olur,3.0,2.596789,3,0.0,dengede,6058,,265,98.0,39294.0
25,2044,Erzurum,Palandöken,6.0,7.85398,8,-2.0,norm_eksigi,126460,,213,2999.0,151343.0
25,1567,Erzurum,Pasinler,7.0,7.397848,7,0.0,dengede,16476,,262,552.0,343870.0
25,1865,Erzurum,Pazaryolu,3.0,2.1953478,2,1.0,norm_fazlasi,3463,,266,190.0,23969.0
25,1657,Erzurum,Þenkaya,4.0,5.495983,5,-1.0,norm_eksigi,10495,,236,423.0,139856.0
25,1674,Erzurum,Tekman,4.0,3.627239,4,0.0,dengede,14990,,138,322.0,221904.0
25,1683,Erzurum,Tortum,6.0,5.4155407,5,1.0,norm_fazlasi,11223,,289,644.0,167586.0
25,1851,Erzurum,Uzundere,2.0,2.7832,3,-1.0,norm_eksigi,6262,,324,229.0,32136.0
25,2045,Erzurum,Yakutiye,11.0,9.86489,10,1.0,dengede,139895,,261,5821.0,197024.0
26,1759,Eskiþehir,Alpu,6.0,4.788414,5,1.0,norm_fazlasi,8055,,543,147.0,438429.0
26,1777,Eskiþehir,Beylikova,5.0,5.477047,5,0.0,dengede,4501,,479,108.0,307824.0
26,1255,Eskiþehir,Çifteler,6.0,6.4420614,6,0.0,dengede,11580,,499,182.0,598849.0
26,1934,Eskiþehir,Günyüzü,3.0,2.681618,3,0.0,dengede,5122,,448,39.0,266689.0
26,1939,Eskiþehir,Han,2.0,2.0486674,2,0.0,dengede,1775,,319,19.0,75718.0
26,1808,Eskiþehir,Ýnönü,3.0,3.7270668,4,-1.0,norm_eksigi,5061,,469,103.0,147183.0
26,1508,Eskiþehir,Mahmudiye,5.0,4.466936,4,1.0,norm_fazlasi,6549,,511,108.0,424255.0
26,1973,Eskiþehir,Mihalgazi,2.0,2.6999242,3,-1.0,norm_eksigi,2561,,351,36.0,4284.0
26,1527,Eskiþehir,Mihalýççýk,3.0,3.9448473,4,-1.0,norm_eksigi,7074,,579,108.0,378276.0
26,2046,Eskiþehir,Odunpazarý,14.0,15.204307,15,-1.0,dengede,335223,,563,4517.0,452845.0
26,1599,Eskiþehir,Sarýcakaya,4.0,2.8062193,3,1.0,norm_fazlasi,3964,,517,55.0,23192.0
26,1618,Eskiþehir,Seyitgazi,6.0,5.9765625,6,0.0,dengede,11051,,541,137.0,589977.0
26,1632,Eskiþehir,Sivrihisar,11.0,7.4537296,7,4.0,norm_fazlasi,15965,,581,312.0,1392472.0
26,2047,Eskiþehir,Tepebaþý,19.0,18.8428,19,0.0,dengede,315388,,691,4228.0,486098.0
27,1139,Gaziantep,Araban,5.0,5.1275234,5,0.0,dengede,23963,,384,248.0,302053.0
27,1415,Gaziantep,Ýslahiye,6.0,6.7691708,7,-1.0,dengede,48382,,408,778.0,253173.0
27,1956,Gaziantep,Karkamýþ,6.0,3.6003695,4,2.0,norm_fazlasi,7138,,273,223.0,251404.0
27,1546,Gaziantep,Nizip,11.0,13.116828,13,-2.0,dengede,93634,,356,3085.0,703869.0
27,1974,Gaziantep,Nurdaðý,8.0,6.097638,6,2.0,norm_fazlasi,27228,,396,299.0,239103.0
27,1549,Gaziantep,Oðuzeli,8.0,8.490454,8,0.0,dengede,26218,,376,770.0,561942.0
27,1841,Gaziantep,Þahinbey,14.0,18.110664,18,-4.0,norm_eksigi,591511,,389,9281.0,497747.0
27,1844,Gaziantep,Þehitkamil,16.0,15.707868,16,0.0,dengede,537935,,275,12191.0,448257.0
27,1720,Gaziantep,Yavuzeli,8.0,5.273878,5,3.0,norm_fazlasi,15394,,289,168.0,206499.0
28,1133,Giresun,Alucra,3.0,2.191336,2,1.0,norm_fazlasi,2908,,218,116.0,50650.0
28,1212,Giresun,Bulancak,9.0,6.5517597,7,2.0,norm_fazlasi,42300,,302,739.0,163229.0
28,1893,Giresun,Çamoluk,2.0,2.0954227,2,0.0,dengede,2432,,217,8.0,37938.0
28,1894,Giresun,Çanakçý,2.0,2.1187592,2,0.0,dengede,1462,,173,130.0,29662.0
28,1272,Giresun,Dereli,1.0,4.3547106,4,-3.0,norm_eksigi,7880,,185,527.0,79266.0
28,1912,Giresun,Doðankent,2.0,2.4172313,2,0.0,dengede,3500,,219,22.0,28310.0
28,1320,Giresun,Espiye,4.0,3.6454246,4,0.0,dengede,22693,,222,249.0,115489.0
28,1324,Giresun,Eynesil,3.0,2.6651328,3,0.0,dengede,8050,,193,244.0,36014.0
28,1361,Giresun,Görele,4.0,4.0575705,4,0.0,dengede,15843,,251,583.0,102636.0
28,1930,Giresun,Güce,1.0,2.098893,2,-1.0,norm_eksigi,3996,,186,121.0,38502.0
28,1465,Giresun,Keþap,4.0,3.1159937,3,1.0,norm_fazlasi,7821,,258,370.0,105972.0
28,1837,Giresun,Piraziz,3.0,3.3860443,3,0.0,dengede,6693,,284,266.0,89202.0
28,1654,Giresun,Þebinkarahisar,5.0,4.2068787,4,1.0,norm_fazlasi,8437,,308,357.0,197847.0
28,1678,Giresun,Tirebolu,3.0,3.6854203,4,-1.0,norm_eksigi,14960,,265,766.0,180596.0
28,1854,Giresun,Yaðlýdere,1.0,2.4810069,2,-1.0,norm_eksigi,7146,,195,152.0,72594.0
29,1458,Gümüþhane,Kelkit,7.0,6.4668293,6,1.0,dengede,25419,,362,505.0,459911.0
29,1822,Gümüþhane,Köse,3.0,2.943955,3,0.0,dengede,3052,,253,89.0,157462.0
29,1971,Gümüþhane,Kürtün,3.0,2.8465621,3,0.0,dengede,5986,,281,137.0,29630.0
29,1660,Gümüþhane,Þiran,2.0,4.708247,5,-3.0,norm_eksigi,10997,,350,268.0,241950.0
29,1684,Gümüþhane,Torul,4.0,2.5258243,3,1.0,norm_fazlasi,4147,,287,260.0,42236.0
30,1261,Hakkari,Çukurca,4.0,2.6522682,3,1.0,norm_fazlasi,7194,,298,172.0,6632.0
30,2107,Hakkari,Derecik,3.0,3.2375896,3,0.0,dengede,7514,,308,78.0,7385.0
30,1656,Hakkari,Þemdinli,4.0,3.8982418,4,0.0,dengede,11784,,329,473.0,70324.0
30,1737,Hakkari,Yüksekova,6.0,8.453324,8,-2.0,norm_eksigi,62331,,343,652.0,246308.0
31,1131,Hatay,Altýnözü,3.0,5.4253445,5,-2.0,norm_eksigi,40551,,454,541.0,329450.0
31,2080,Hatay,Antakya,16.0,17.393356,17,-1.0,dengede,199335,,679,2217.0,262733.0
31,2081,Hatay,Arsuz,11.0,8.324158,8,3.0,norm_fazlasi,83281,,453,2151.0,204982.0
31,1887,Hatay,Belen,4.0,5.104658,5,-1.0,norm_eksigi,25862,,452,546.0,34425.0
31,2082,Hatay,Defne,12.0,7.5860186,8,4.0,norm_fazlasi,94333,,416,1421.0,40530.0
31,1289,Hatay,Dörtyol,7.0,6.6966057,7,0.0,dengede,86450,,321,2420.0,121512.0
31,1792,Hatay,Erzin,8.0,4.9897223,5,3.0,norm_fazlasi,30085,,410,612.0,157114.0
31,1382,Hatay,Hassa,5.0,5.295331,5,0.0,dengede,39518,,435,397.0,141924.0
31,1413,Hatay,Ýskenderun,9.0,7.2715015,7,2.0,norm_fazlasi,176946,,314,2748.0,19674.0
31,1468,Hatay,Kýrýkhan,8.0,6.770753,7,1.0,dengede,70798,,470,669.0,379209.0
31,1970,Hatay,Kumlu,4.0,3.7922537,4,0.0,dengede,10587,,324,68.0,109618.0
31,2083,Hatay,Payas,5.0,2.6510518,3,2.0,norm_fazlasi,28941,,161,479.0,5442.0
31,1585,Hatay,Reyhanlý,6.0,6.327671,6,0.0,dengede,67603,,504,920.0,264230.0
31,1591,Hatay,Samandað,15.0,9.887063,10,5.0,norm_fazlasi,83480,,434,1897.0,106363.0
31,1721,Hatay,Yayladaðý,7.0,5.7097607,6,1.0,dengede,28459,,478,613.0,148806.0
76,1142,Iðdýr,Aralýk,7.0,6.022421,6,1.0,dengede,3984,,242,86.0,281596.0
76,2011,Iðdýr,Karakoyunlu,10.0,6.1894093,6,4.0,norm_fazlasi,1934,,239,57.0,137473.0
76,1692,Iðdýr,Tuzluca,11.0,6.189535,6,5.0,norm_fazlasi,6543,,262,154.0,293288.0
32,1755,Isparta,Aksu,4.0,2.4766984,2,2.0,norm_fazlasi,1697,,294,107.0,59584.0
32,1154,Isparta,Atabey,4.0,2.987836,3,1.0,norm_fazlasi,3768,,400,81.0,62253.0
32,1297,Isparta,Eðirdir,9.0,6.2506733,6,3.0,norm_fazlasi,14303,,348,1010.0,145274.0
32,1341,Isparta,Gelendost,3.0,3.8234568,4,-1.0,norm_eksigi,4853,,415,286.0,190220.0
32,1929,Isparta,Gönen,7.0,3.4260201,3,4.0,norm_fazlasi,4238,,379,290.0,122990.0
32,1456,Isparta,Keçiborlu,10.0,4.1565084,4,6.0,norm_fazlasi,7437,,436,399.0,132259.0
32,1615,Isparta,Senirkent,2.0,4.0341654,4,-2.0,norm_eksigi,6365,,309,252.0,122938.0
32,1648,Isparta,Sütçüler,2.0,2.507495,3,-1.0,norm_eksigi,1769,,403,130.0,87130.0
32,1651,Isparta,Þarkikaraaðaç,8.0,6.2831583,6,2.0,norm_fazlasi,11786,,419,433.0,250266.0
32,1699,Isparta,Uluborlu,4.0,2.8485715,3,1.0,norm_fazlasi,4541,,349,150.0,38017.0
32,1717,Isparta,Yalvaç,11.0,10.299169,10,1.0,dengede,18296,,503,829.0,554899.0
32,2001,Isparta,Yeniþarbademli,3.0,2.2886384,2,1.0,norm_fazlasi,1727,,297,17.0,5988.0
34,1103,Ýstanbul,Adalar,2.0,2.3806772,2,0.0,dengede,14954,,78,1055.0,0.0
34,2048,Ýstanbul,Arnavutköy,4.0,7.6949577,8,-4.0,norm_eksigi,236037,,432,2614.0,77677.0
34,2049,Ýstanbul,Ataþehir,6.0,6.0980263,6,0.0,dengede,329086,,73,7002.0,0.0
34,2003,Ýstanbul,Avcýlar,7.0,5.7483654,6,1.0,dengede,336549,,114,5951.0,2659.0
34,2004,Ýstanbul,Baðcýlar,6.0,7.114377,7,-1.0,dengede,519923,,75,11596.0,0.0
34,2005,Ýstanbul,Bahçelievler,4.0,6.3034544,6,-2.0,norm_eksigi,433760,,74,8618.0,0.0
34,1166,Ýstanbul,Bakýrköy,5.0,5.3372364,5,0.0,dengede,181229,,74,5992.0,0.0
34,2050,Ýstanbul,Baþakþehir,7.0,7.03487,7,0.0,dengede,363654,,148,8568.0,8422.0
34,1886,Ýstanbul,Bayrampaþa,4.0,4.905487,5,-1.0,norm_eksigi,211291,,73,6098.0,0.0
34,1183,Ýstanbul,Beþiktaþ,7.0,4.945448,5,2.0,norm_fazlasi,144491,,74,5934.0,0.0
34,1185,Ýstanbul,Beykoz,5.0,5.8132753,6,-1.0,dengede,197121,,324,2963.0,9112.0
34,2051,Ýstanbul,Beylikdüzü,4.0,6.353442,6,-2.0,norm_eksigi,309084,,154,6276.0,203.0
34,1186,Ýstanbul,Beyoðlu,5.0,4.9346933,5,0.0,dengede,174124,,72,5504.0,0.0
34,1782,Ýstanbul,Büyükçekmece,7.0,6.1355333,6,1.0,dengede,213417,,209,3227.0,44029.0
34,1237,Ýstanbul,Çatalca,9.0,12.970252,13,-4.0,norm_eksigi,62203,,373,1738.0,162162.0
34,2052,Ýstanbul,Çekmeköy,5.0,5.45117,5,0.0,dengede,227296,,181,2705.0,1902.0
34,2016,Ýstanbul,Esenler,5.0,5.0466747,5,0.0,dengede,313415,,72,3313.0,0.0
34,2053,Ýstanbul,Esenyurt,9.0,7.282056,7,2.0,norm_fazlasi,656387,,82,11357.0,128.0
34,1325,Ýstanbul,Eyüpsultan,5.0,6.747882,7,-2.0,norm_eksigi,325684,,187,6568.0,163.0
34,1327,Ýstanbul,Fatih,7.0,5.9584503,6,1.0,dengede,272378,,76,10242.0,0.0
34,1336,Ýstanbul,Gaziosmanpaþa,5.0,5.28883,5,0.0,dengede,363338,,72,5634.0,0.0
34,2010,Ýstanbul,Güngören,4.0,4.587824,5,-1.0,norm_eksigi,207907,,73,4150.0,0.0
34,1421,Ýstanbul,Kadýköy,8.0,6.7462015,7,1.0,dengede,401155,,73,10760.0,0.0
34,1810,Ýstanbul,Kaðýthane,6.0,5.7974234,6,0.0,dengede,352753,,72,6953.0,0.0
34,1449,Ýstanbul,Kartal,9.0,6.1936884,6,3.0,norm_fazlasi,376998,,121,6549.0,71.0
34,1823,Ýstanbul,Küçükçekmece,6.0,6.8571568,7,-1.0,dengede,594438,,74,8872.0,0.0
34,2012,Ýstanbul,Maltepe,8.0,6.363985,6,2.0,norm_fazlasi,429429,,98,6719.0,14.0
34,1835,Ýstanbul,Pendik,6.0,6.868229,7,-1.0,dengede,561758,,199,6338.0,4164.0
34,2054,Ýstanbul,Sancaktepe,6.0,5.402462,5,1.0,norm_fazlasi,357302,,139,3979.0,2040.0
34,1604,Ýstanbul,Sarýyer,6.0,6.9540195,7,-1.0,dengede,280383,,234,5658.0,425.0
34,1622,Ýstanbul,Silivri,6.0,10.674407,11,-5.0,norm_eksigi,184427,,522,2736.0,390359.0
34,2014,Ýstanbul,Sultanbeyli,6.0,5.353916,5,1.0,norm_fazlasi,252804,,73,4300.0,0.0
34,2055,Ýstanbul,Sultangazi,4.0,5.2139378,5,-1.0,norm_eksigi,377603,,74,5189.0,0.0
34,1659,Ýstanbul,Þile,5.0,5.4095917,5,0.0,dengede,43922,,348,1766.0,39322.0
34,1663,Ýstanbul,Þiþli,5.0,5.370907,5,0.0,dengede,222918,,77,7046.0,0.0
34,2015,Ýstanbul,Tuzla,8.0,5.7756634,6,2.0,norm_fazlasi,225478,,249,3781.0,3284.0
34,1852,Ýstanbul,Ümraniye,7.0,6.6612024,7,0.0,dengede,557436,,79,8118.0,0.0
34,1708,Ýstanbul,Üsküdar,8.0,6.4234657,6,2.0,norm_fazlasi,417788,,72,9782.0,0.0
34,1739,Ýstanbul,Zeytinburnu,6.0,5.056941,5,1.0,norm_fazlasi,212093,,73,5358.0,0.0
35,1128,Ýzmir,Aliaða,6.0,6.898576,7,-1.0,dengede,78209,,297,1997.0,68076.0
35,2006,Ýzmir,Balçova,5.0,5.397271,5,0.0,dengede,65168,,210,2430.0,1904.0
35,1178,Ýzmir,Bayýndýr,14.0,11.938589,12,2.0,dengede,32048,,439,1377.0,307133.0
35,2056,Ýzmir,Bayraklý,6.0,5.627013,6,0.0,dengede,236948,,134,4778.0,89.0
35,1181,Ýzmir,Bergama,19.0,15.37913,15,4.0,norm_fazlasi,86963,,529,2564.0,378312.0
35,1776,Ýzmir,Beydað,7.0,4.6978054,5,2.0,norm_fazlasi,9744,,365,422.0,61362.0
35,1203,Ýzmir,Bornova,10.0,9.871392,10,0.0,dengede,356330,,273,11208.0,8617.0
35,1780,Ýzmir,Buca,10.0,8.459993,8,2.0,norm_fazlasi,409366,,326,9411.0,20026.0
35,1251,Ýzmir,Çeþme,5.0,6.3071556,6,-1.0,dengede,41953,,336,2274.0,16506.0
35,2007,Ýzmir,Çiðli,9.0,6.522505,7,2.0,norm_fazlasi,172843,,234,3749.0,3992.0
35,1280,Ýzmir,Dikili,7.0,9.289621,9,-2.0,norm_eksigi,39212,,433,1876.0,132957.0
35,1334,Ýzmir,Foça,7.0,6.3482237,6,1.0,dengede,30822,,405,1356.0,40378.0
35,2009,Ýzmir,Gaziemir,5.0,6.4453144,6,-1.0,dengede,106340,,238,3072.0,2700.0
35,2018,Ýzmir,Güzelbahçe,5.0,5.1575003,5,0.0,dengede,30683,,279,1084.0,9190.0
35,2057,Ýzmir,Karabaðlar,7.0,6.725333,7,0.0,dengede,370990,,158,7795.0,3736.0
35,1432,Ýzmir,Karaburun,3.0,3.0616653,3,0.0,dengede,6065,,253,700.0,21125.0
35,1448,Ýzmir,Karþýyaka,7.0,6.8458824,7,0.0,dengede,283320,,161,7286.0,2476.0
35,1461,Ýzmir,Kemalpaþa,17.0,10.908529,11,6.0,norm_fazlasi,83712,,386,2481.0,212902.0
35,1467,Ýzmir,Kýnýk,8.0,9.323283,9,-1.0,dengede,20806,,404,663.0,99834.0
35,1477,Ýzmir,Kiraz,16.0,10.483966,10,6.0,norm_fazlasi,26772,,351,1095.0,232981.0
35,1819,Ýzmir,Konak,6.0,6.4841757,6,0.0,dengede,263432,,75,12986.0,0.0
35,1826,Ýzmir,Menderes,11.0,12.287545,12,-1.0,dengede,86673,,501,2397.0,215560.0
35,1521,Ýzmir,Menemen,12.0,12.414853,12,0.0,dengede,157792,,509,3629.0,210931.0
35,2013,Ýzmir,Narlýdere,5.0,3.0390303,3,2.0,norm_fazlasi,51385,,109,1005.0,1203.0
35,1563,Ýzmir,Ödemiþ,19.0,18.911457,19,0.0,dengede,101782,,402,3028.0,486768.0
35,1611,Ýzmir,Seferihisar,10.0,9.436202,9,1.0,dengede,47113,,380,2042.0,82972.0
35,1612,Ýzmir,Selçuk,4.0,6.215966,6,-2.0,norm_eksigi,28901,,425,1659.0,148602.0
35,1677,Ýzmir,Tire,18.0,15.554805,16,2.0,dengede,69241,,379,3059.0,321432.0
35,1682,Ýzmir,Torbalý,11.0,15.682742,16,-5.0,norm_eksigi,160522,,462,3666.0,303227.0
35,1703,Ýzmir,Urla,7.0,8.338955,8,-1.0,dengede,66540,,392,2865.0,72627.0
46,1107,Kahramanmaraþ,Afþin,6.0,9.138688,9,-3.0,norm_eksigi,59073,,423,831.0,640415.0
46,1136,Kahramanmaraþ,Andýrýn,4.0,7.2883854,7,-3.0,norm_eksigi,25298,,409,510.0,213231.0
46,1785,Kahramanmaraþ,Çaðlayancerit,5.0,2.678622,3,2.0,norm_fazlasi,15843,,258,196.0,63143.0
46,2084,Kahramanmaraþ,Dulkadiroðlu,16.0,14.171203,14,2.0,dengede,141960,,503,1843.0,247401.0
46,1919,Kahramanmaraþ,Ekinözü,4.0,2.661321,3,1.0,norm_fazlasi,7683,,320,67.0,51786.0
46,1299,Kahramanmaraþ,Elbistan,16.0,14.803838,15,1.0,dengede,97049,,376,1007.0,972327.0
46,1353,Kahramanmaraþ,Göksun,10.0,6.4823875,6,4.0,norm_fazlasi,33464,,418,528.0,249948.0
46,1975,Kahramanmaraþ,Nurhak,5.0,3.011466,3,2.0,norm_fazlasi,7841,,298,106.0,34233.0
46,2085,Kahramanmaraþ,Onikiþubat,19.0,16.031727,16,3.0,dengede,295362,,481,3473.0,278368.0
46,1570,Kahramanmaraþ,Pazarcýk,15.0,7.6437807,8,7.0,norm_fazlasi,49672,,407,379.0,332196.0
46,1694,Kahramanmaraþ,Türkoðlu,7.0,9.807033,10,-3.0,norm_eksigi,52131,,594,608.0,233033.0
78,1296,Karabük,Eflani,3.0,2.3753102,2,1.0,norm_fazlasi,1698,,272,107.0,132286.0
78,1321,Karabük,Eskipazar,3.0,3.2411091,3,0.0,dengede,5259,,385,175.0,164702.0
78,1561,Karabük,Ovacýk,1.0,2.0318284,2,-1.0,norm_eksigi,1122,,341,27.0,40153.0
78,1587,Karabük,Safranbolu,5.0,7.086544,7,-2.0,norm_eksigi,41138,,417,1709.0,72654.0
78,1856,Karabük,Yenice,1.0,3.033334,3,-2.0,norm_eksigi,9006,,291,306.0,4603.0
70,1768,Karaman,Ayrancý,6.0,5.357291,5,1.0,norm_fazlasi,1810,,508,98.0,796851.0
70,1884,Karaman,Baþyayla,2.0,2.4542897,2,0.0,dengede,1449,,264,45.0,19740.0
70,1316,Karaman,Ermenek,5.0,9.13234,9,-4.0,norm_eksigi,11307,,425,560.0,173707.0
70,1862,Karaman,Kazýmkarabekir,4.0,2.9029849,3,1.0,norm_fazlasi,3282,,334,68.0,224600.0
70,1983,Karaman,Sarýveliler,1.0,2.3327632,2,-1.0,norm_eksigi,6286,,235,176.0,44537.0
36,1756,Kars,Akyaka,8.0,5.914731,6,2.0,norm_fazlasi,1541,,213,125.0,210928.0
36,1149,Kars,Arpaçay,12.0,7.168128,7,5.0,norm_fazlasi,1696,,191,230.0,255577.0
36,1279,Kars,Digor,7.0,6.143819,6,1.0,dengede,3805,,170,118.0,423708.0
36,1424,Kars,Kaðýzman,9.0,5.2485065,5,4.0,norm_fazlasi,14686,,188,389.0,323160.0
36,1601,Kars,Sarýkamýþ,6.0,4.4941034,4,2.0,norm_fazlasi,10901,,189,353.0,368312.0
36,1614,Kars,Selim,6.0,5.1023417,5,1.0,norm_fazlasi,3902,,206,103.0,315032.0
36,1645,Kars,Susuz,4.0,4.35631,4,0.0,dengede,1492,,148,75.0,176627.0
37,1101,Kastamonu,Abana,1.0,2.4408524,2,-1.0,norm_eksigi,3107,,181,142.0,1780.0
37,1867,Kastamonu,Aðlý,3.0,2.2139878,2,1.0,norm_fazlasi,1964,,197,53.0,20181.0
37,1140,Kastamonu,Araç,5.0,2.875516,3,2.0,norm_fazlasi,5352,,257,287.0,65901.0
37,1162,Kastamonu,Azdavay,1.0,2.0842366,2,-1.0,norm_eksigi,2423,,207,115.0,11436.0
37,1208,Kastamonu,Bozkurt,2.0,2.4338186,2,0.0,dengede,4246,,262,141.0,13128.0
37,1221,Kastamonu,Cide,5.0,2.9271832,3,2.0,norm_fazlasi,9529,,279,392.0,39319.0
37,1238,Kastamonu,Çatalzeytin,1.0,2.1044781,2,-1.0,norm_eksigi,2979,,233,178.0,1879.0
37,1264,Kastamonu,Daday,5.0,3.1967332,3,2.0,norm_fazlasi,2142,,335,170.0,61207.0
37,1277,Kastamonu,Devrekani,9.0,3.504955,4,5.0,norm_fazlasi,4091,,279,177.0,164967.0
37,1915,Kastamonu,Doðanyurt,1.0,1.7747518,2,-1.0,norm_eksigi,847,,262,56.0,22573.0
37,1940,Kastamonu,Hanönü,3.0,2.1249256,2,1.0,norm_fazlasi,1701,,287,54.0,13502.0
37,1805,Kastamonu,Ýhsangazi,4.0,2.444208,2,2.0,norm_fazlasi,2266,,254,99.0,58487.0
37,1410,Kastamonu,Ýnebolu,4.0,3.1802495,3,1.0,norm_fazlasi,7132,,299,440.0,34809.0
37,1499,Kastamonu,Küre,3.0,2.2431197,2,1.0,norm_fazlasi,1774,,225,77.0,5311.0
37,1836,Kastamonu,Pýnarbaþý,1.0,1.9814906,2,-1.0,norm_eksigi,1990,,168,95.0,4187.0
37,1984,Kastamonu,Seydiler,4.0,2.4736521,2,2.0,norm_fazlasi,2455,,322,114.0,59447.0
37,1845,Kastamonu,Þenpazar,2.0,2.0288103,2,0.0,dengede,1361,,227,72.0,1707.0
37,1666,Kastamonu,Taþköprü,8.0,9.064644,9,-1.0,dengede,12956,,403,487.0,220650.0
37,1685,Kastamonu,Tosya,2.0,4.645015,5,-3.0,norm_eksigi,22576,,416,670.0,171646.0
38,1752,Kayseri,Akkýþla,5.0,3.741504,4,1.0,norm_fazlasi,5024,,319,40.0,99508.0
38,1218,Kayseri,Bünyan,11.0,7.72316,8,3.0,norm_fazlasi,25601,,386,577.0,664194.0
38,1275,Kayseri,Develi,13.0,10.808169,11,2.0,dengede,51721,,448,1075.0,613349.0
38,1330,Kayseri,Felahiye,3.0,3.7344706,4,-1.0,norm_eksigi,5253,,328,137.0,227962.0
38,1936,Kayseri,Hacýlar,3.0,3.3422787,3,0.0,dengede,9513,,330,662.0,26698.0
38,1409,Kayseri,Ýncesu,6.0,6.7992535,7,-1.0,dengede,22037,,440,538.0,251507.0
38,1863,Kayseri,Kocasinan,29.0,18.654263,19,10.0,norm_fazlasi,303246,,478,6452.0,775963.0
38,1864,Kayseri,Melikgazi,13.0,14.418936,14,-1.0,dengede,404830,,412,7923.0,181323.0
38,1978,Kayseri,Özvatan,2.0,2.9296257,3,-1.0,norm_eksigi,3089,,339,57.0,70733.0
38,1576,Kayseri,Pýnarbaþý,8.0,7.69948,8,0.0,dengede,18004,,360,363.0,1341974.0
38,1603,Kayseri,Sarýoðlan,5.0,4.820861,5,0.0,dengede,9447,,370,193.0,367785.0
38,1605,Kayseri,Sarýz,6.0,2.9820387,3,3.0,norm_fazlasi,9663,,223,186.0,199844.0
38,1846,Kayseri,Talas,5.0,8.580671,9,-4.0,norm_eksigi,129101,,349,2249.0,202663.0
38,1680,Kayseri,Tomarza,8.0,6.882845,7,1.0,dengede,19049,,306,440.0,610673.0
38,1715,Kayseri,Yahyalý,9.0,5.929426,6,3.0,norm_fazlasi,28616,,385,741.0,201381.0
38,1727,Kayseri,Yeþilhisar,3.0,4.3212967,4,-1.0,norm_eksigi,12380,,392,374.0,359292.0
71,1880,Kýrýkkale,Bahþýlý,4.0,3.5599926,4,0.0,dengede,6035,,357,,109582.0
71,1882,Kýrýkkale,Balýþeyh,4.0,2.5491664,3,1.0,norm_fazlasi,1756,,376,83.0,437784.0
71,1901,Kýrýkkale,Çelebi,3.0,1.7502198,2,1.0,norm_fazlasi,883,,355,21.0,114821.0
71,1268,Kýrýkkale,Delice,5.0,4.0270004,4,1.0,norm_fazlasi,5252,,391,127.0,490647.0
71,1954,Kýrýkkale,Karakeçili,3.0,2.6386523,3,0.0,dengede,2899,,407,54.0,107322.0
71,1463,Kýrýkkale,Keskin,6.0,6.230834,6,0.0,dengede,8072,,370,206.0,789623.0
71,1638,Kýrýkkale,Sulakyurt,2.0,2.106148,2,0.0,dengede,2157,,461,63.0,320293.0
71,1992,Kýrýkkale,Yahþihan,5.0,5.836437,6,-1.0,dengede,32674,,340,1132.0,104321.0
39,1163,Kýrklareli,Babaeski,6.0,9.073922,9,-3.0,norm_eksigi,29688,,463,1105.0,520848.0
39,1270,Kýrklareli,Demirköy,5.0,2.9367917,3,2.0,norm_fazlasi,4974,,339,160.0,7584.0
39,1480,Kýrklareli,Kofçaz,3.0,2.5079238,3,0.0,dengede,580,,309,53.0,101286.0
39,1505,Kýrklareli,Lüleburgaz,17.0,18.262985,18,-1.0,dengede,111299,,512,3423.0,812211.0
39,1572,Kýrklareli,Pehlivanköy,3.0,2.1718183,2,1.0,norm_fazlasi,1465,,272,80.0,86355.0
39,1577,Kýrklareli,Pýnarhisar,5.0,5.946765,6,-1.0,dengede,10467,,419,334.0,176823.0
39,1714,Kýrklareli,Vize,8.0,6.8329906,7,1.0,dengede,15790,,453,811.0,204548.0
40,1869,Kýrþehir,Akçakent,2.0,2.1040561,2,0.0,dengede,633,,247,36.0,130574.0
40,1754,Kýrþehir,Akpýnar,2.0,2.5534208,3,-1.0,norm_eksigi,2186,,301,65.0,215118.0
40,1890,Kýrþehir,Boztepe,6.0,4.606469,5,1.0,norm_fazlasi,2402,,279,56.0,533163.0
40,1254,Kýrþehir,Çiçekdaðý,5.0,5.3069954,5,0.0,dengede,7248,,309,47.0,376643.0
40,1429,Kýrþehir,Kaman,8.0,7.0548763,7,1.0,dengede,17822,,452,501.0,762957.0
40,1529,Kýrþehir,Mucur,7.0,6.667598,7,0.0,dengede,10189,,426,246.0,591537.0
79,2023,Kilis,Elbeyli,3.0,2.1152468,2,1.0,norm_fazlasi,1056,,290,29.0,214545.0
79,2024,Kilis,Musabeyli,3.0,2.015709,2,1.0,norm_fazlasi,777,,277,87.0,235090.0
79,2025,Kilis,Polateli,4.0,1.9910505,2,2.0,norm_fazlasi,804,,304,14.0,151630.0
41,2058,Kocaeli,Baþiskele,6.0,5.616684,6,0.0,dengede,90910,,319,1507.0,9163.0
41,2059,Kocaeli,Çayýrova,2.0,3.1615522,3,-1.0,norm_eksigi,110833,,73,1716.0,0.0
41,2060,Kocaeli,Darýca,4.0,4.2160892,4,0.0,dengede,166726,,123,1792.0,251.0
41,2030,Kocaeli,Derince,3.0,5.624153,6,-3.0,norm_eksigi,110636,,259,991.0,52321.0
41,2061,Kocaeli,Dilovasý,3.0,3.0092072,3,0.0,dengede,36434,,105,962.0,125.0
41,1338,Kocaeli,Gebze,5.0,7.680928,8,-3.0,norm_eksigi,300913,,334,3327.0,75908.0
41,1355,Kocaeli,Gölcük,3.0,6.84112,7,-4.0,norm_eksigi,133815,,349,1784.0,6942.0
41,2062,Kocaeli,Ýzmit,11.0,11.466412,11,0.0,dengede,289629,,429,5484.0,122240.0
41,1430,Kocaeli,Kandýra,9.0,9.946933,10,-1.0,dengede,41560,,341,951.0,356145.0
41,1440,Kocaeli,Karamürsel,3.0,5.8286476,6,-3.0,norm_eksigi,46810,,422,965.0,101414.0
41,2063,Kocaeli,Kartepe,4.0,6.0603905,6,-2.0,norm_eksigi,108288,,336,1574.0,21002.0
41,1821,Kocaeli,Körfez,4.0,5.962141,6,-2.0,norm_eksigi,130809,,291,1773.0,76012.0
42,1868,Konya,Ahýrlý,3.0,3.7877955,4,-1.0,norm_eksigi,2938,,332,76.0,82868.0
42,1753,Konya,Akören,5.0,3.8407407,4,1.0,norm_fazlasi,4624,,442,142.0,211675.0
42,1122,Konya,Akþehir,10.0,11.684731,12,-2.0,dengede,69604,,496,1841.0,359368.0
42,1760,Konya,Altýnekin,4.0,6.988847,7,-3.0,norm_eksigi,10230,,442,222.0,731411.0
42,1188,Konya,Beyþehir,15.0,11.053784,11,4.0,norm_fazlasi,58843,,486,1257.0,543833.0
42,1207,Konya,Bozkýr,4.0,6.1118755,6,-2.0,norm_eksigi,20874,,448,560.0,174559.0
42,1222,Konya,Cihanbeyli,8.0,8.514804,9,-1.0,dengede,41114,,440,988.0,2142128.0
42,1902,Konya,Çeltik,2.0,4.1322613,4,-2.0,norm_eksigi,10695,,370,112.0,348322.0
42,1262,Konya,Çumra,20.0,10.998198,11,9.0,norm_fazlasi,45927,,533,928.0,1315278.0
42,1907,Konya,Derbent,3.0,3.2991192,3,0.0,dengede,3315,,395,60.0,123263.0
42,1789,Konya,Derebucak,3.0,3.1589506,3,0.0,dengede,4661,,288,120.0,23956.0
42,1285,Konya,Doðanhisar,2.0,4.0247936,4,-2.0,norm_eksigi,8826,,418,174.0,223889.0
42,1920,Konya,Emirgazi,4.0,5.427561,5,-1.0,norm_eksigi,5926,,332,66.0,404116.0
42,1312,Konya,Ereðli,25.0,20.640266,21,4.0,dengede,103183,,481,2773.0,1085588.0
42,1933,Konya,Güneysýnýr,5.0,3.9191835,4,1.0,norm_fazlasi,6388,,418,146.0,219747.0
42,1375,Konya,Hadim,1.0,3.9524174,4,-3.0,norm_eksigi,9420,,287,95.0,81011.0
42,1937,Konya,Halkapýnar,4.0,3.3639967,3,1.0,norm_fazlasi,3467,,359,84.0,57655.0
42,1804,Konya,Hüyük,4.0,5.425605,5,-1.0,norm_eksigi,12483,,430,340.0,202567.0
42,1400,Konya,Ilgýn,12.0,10.723812,11,1.0,dengede,41434,,533,813.0,720517.0
42,1422,Konya,Kadýnhaný,8.0,9.347798,9,-1.0,dengede,22327,,490,483.0,1108479.0
42,1441,Konya,Karapýnar,14.0,12.370955,12,2.0,dengede,35191,,446,953.0,1249149.0
42,1814,Konya,Karatay,24.0,23.13416,23,1.0,dengede,267096,,496,4967.0,1859978.0
42,1491,Konya,Kulu,8.0,6.3920364,6,2.0,norm_fazlasi,36645,,393,1046.0,997042.0
42,1827,Konya,Meram,19.0,21.88493,22,-3.0,dengede,255204,,577,4348.0,637257.0
42,1598,Konya,Sarayönü,8.0,9.298116,9,-1.0,dengede,20707,,489,454.0,1155858.0
42,1839,Konya,Selçuklu,15.0,16.641928,17,-2.0,dengede,490479,,475,7935.0,656491.0
42,1617,Konya,Seydiþehir,9.0,10.55675,11,-2.0,dengede,50475,,492,1053.0,386893.0
42,1848,Konya,Taþkent,1.0,2.307008,2,-1.0,norm_eksigi,4384,,275,80.0,17213.0
42,1990,Konya,Tuzlukçu,4.0,3.8702736,4,0.0,dengede,5255,,412,134.0,380248.0
42,1994,Konya,Yalýhüyük,3.0,2.1476834,2,1.0,norm_fazlasi,1504,,275,24.0,40119.0
42,1735,Konya,Yunak,4.0,5.515379,6,-2.0,norm_eksigi,15308,,411,270.0,1305556.0
43,1132,Kütahya,Altýntaþ,5.0,4.9462967,5,0.0,dengede,3939,,474,244.0,415861.0
43,1764,Kütahya,Aslanapa,3.0,2.3598566,2,1.0,norm_fazlasi,1509,,386,147.0,212858.0
43,1898,Kütahya,Çavdarhisar,4.0,2.713771,3,1.0,norm_fazlasi,1814,,380,95.0,172721.0
43,1288,Kütahya,Domaniç,4.0,3.8751724,4,0.0,dengede,5578,,359,225.0,94451.0
43,1790,Kütahya,Dumlupýnar,4.0,1.8707907,2,2.0,norm_fazlasi,1038,,304,34.0,58608.0
43,1304,Kütahya,Emet,4.0,4.740733,5,-1.0,norm_eksigi,8474,,455,486.0,170195.0
43,1339,Kütahya,Gediz,5.0,5.7555256,6,-1.0,dengede,25945,,469,833.0,472029.0
43,1802,Kütahya,Hisarcýk,2.0,2.701576,3,-1.0,norm_eksigi,3800,,379,137.0,58337.0
43,1979,Kütahya,Pazarlar,3.0,2.6172473,3,0.0,dengede,2635,,453,59.0,35923.0
43,1625,Kütahya,Simav,8.0,9.959175,10,-2.0,norm_eksigi,33577,,659,858.0,298538.0
43,1843,Kütahya,Þaphane,3.0,2.5875719,3,0.0,dengede,2488,,378,138.0,62102.0
43,1671,Kütahya,Tavþanlý,10.0,11.215527,11,-1.0,dengede,65530,,554,2057.0,388498.0
44,1114,Malatya,Akçadað,11.0,7.010436,7,4.0,norm_fazlasi,29819,,421,577.0,293511.0
44,1143,Malatya,Arapgir,4.0,4.2960997,4,0.0,dengede,8994,,366,186.0,170224.0
44,1148,Malatya,Arguvan,4.0,4.0650005,4,0.0,dengede,6473,,337,125.0,297335.0
44,1772,Malatya,Battalgazi,17.0,16.824457,17,0.0,dengede,220196,,431,4254.0,299963.0
44,1265,Malatya,Darende,6.0,4.912854,5,1.0,norm_fazlasi,21280,,412,645.0,386804.0
44,1286,Malatya,Doðanþehir,5.0,5.3490887,5,0.0,dengede,27139,,396,562.0,101774.0
44,1914,Malatya,Doðanyol,2.0,2.4628131,2,0.0,dengede,4025,,333,112.0,25451.0
44,1390,Malatya,Hekimhan,3.0,4.2761116,4,-1.0,norm_eksigi,15843,,336,337.0,292114.0
44,1953,Malatya,Kale,3.0,3.2689435,3,0.0,dengede,5749,,304,276.0,22379.0
44,1969,Malatya,Kuluncak,4.0,3.597257,4,0.0,dengede,7139,,368,125.0,198179.0
44,1582,Malatya,Pütürge,4.0,3.2223523,3,1.0,norm_fazlasi,11438,,350,210.0,56767.0
44,1995,Malatya,Yazýhan,6.0,5.1058435,5,1.0,norm_fazlasi,10898,,410,228.0,315827.0
44,1729,Malatya,Yeþilyurt,19.0,16.865185,17,2.0,dengede,207749,,437,4044.0,224453.0
45,1751,Manisa,Ahmetli,5.0,4.211873,4,1.0,norm_fazlasi,14250,,468,338.0,115760.0
45,1118,Manisa,Akhisar,15.0,14.260062,14,1.0,dengede,136002,,508,4082.0,683693.0
45,1127,Manisa,Alaþehir,12.0,11.59076,12,0.0,dengede,87601,,464,1501.0,362270.0
45,1269,Manisa,Demirci,6.0,6.99547,7,-1.0,dengede,29434,,549,615.0,291407.0
45,1793,Manisa,Gölmarmara,5.0,4.370225,4,1.0,norm_fazlasi,11290,,339,398.0,119236.0
45,1362,Manisa,Gördes,5.0,6.9132195,7,-2.0,norm_eksigi,21046,,408,623.0,304846.0
45,1470,Manisa,Kýrkaðaç,7.0,5.523654,6,1.0,dengede,31852,,477,830.0,210927.0
45,1965,Manisa,Köprübaþý,6.0,5.176613,5,1.0,norm_fazlasi,10601,,358,206.0,192484.0
45,1489,Manisa,Kula,11.0,10.273918,10,1.0,dengede,36697,,480,995.0,340096.0
45,1590,Manisa,Salihli,22.0,15.492297,15,7.0,norm_fazlasi,122295,,602,3272.0,567487.0
45,1600,Manisa,Sarýgöl,5.0,6.953454,7,-2.0,norm_eksigi,28830,,459,536.0,188551.0
45,1606,Manisa,Saruhanlý,6.0,8.655385,9,-3.0,norm_eksigi,47024,,391,1165.0,398187.0
45,1613,Manisa,Selendi,6.0,5.221984,5,1.0,norm_fazlasi,14094,,393,245.0,379164.0
45,1634,Manisa,Soma,8.0,8.861933,9,-1.0,dengede,70925,,499,1643.0,206415.0
45,2086,Manisa,Þehzadeler,8.0,10.254337,10,-2.0,norm_eksigi,125804,,387,2604.0,329287.0
45,1689,Manisa,Turgutlu,13.0,12.046547,12,1.0,dengede,124244,,523,2525.0,249112.0
45,2087,Manisa,Yunusemre,7.0,8.552935,9,-2.0,norm_eksigi,200762,,404,3471.0,100704.0
47,2088,Mardin,Artuklu,13.0,10.824414,11,2.0,dengede,121357,,368,2511.0,328664.0
47,1787,Mardin,Dargeçit,3.0,3.944402,4,-1.0,norm_eksigi,15978,,240,180.0,163014.0
47,1273,Mardin,Derik,8.0,10.2627535,10,-2.0,norm_eksigi,35078,,341,304.0,550583.0
47,1474,Mardin,Kýzýltepe,16.0,11.387266,11,5.0,norm_fazlasi,168590,,373,1359.0,998840.0
47,1519,Mardin,Mazýdaðý,5.0,5.517021,6,-1.0,dengede,23209,,317,167.0,123958.0
47,1526,Mardin,Midyat,10.0,7.990139,8,2.0,norm_fazlasi,83358,,310,1199.0,374434.0
47,1547,Mardin,Nusaybin,6.0,11.16702,11,-5.0,norm_eksigi,77197,,390,696.0,268779.0
47,1564,Mardin,Ömerli,5.0,3.223458,3,2.0,norm_fazlasi,9342,,273,438.0,191155.0
47,1609,Mardin,Savur,6.0,6.720784,7,-1.0,dengede,14330,,369,99.0,212983.0
47,2002,Mardin,Yeþilli,3.0,3.9519942,4,-1.0,norm_eksigi,7753,,314,68.0,35810.0
33,2064,Mersin,Akdeniz,19.0,12.291451,12,7.0,norm_fazlasi,180517,,336,4534.0,105454.0
33,1135,Mersin,Anamur,8.0,6.775305,7,1.0,dengede,56233,,358,1168.0,188435.0
33,1766,Mersin,Aydýncýk,3.0,3.3535955,3,0.0,dengede,9064,,397,110.0,53230.0
33,1779,Mersin,Bozyazý,5.0,5.2159615,5,0.0,dengede,25615,,400,528.0,69329.0
33,1892,Mersin,Çamlýyayla,6.0,3.0098639,3,3.0,norm_fazlasi,8591,,256,305.0,12658.0
33,1311,Mersin,Erdemli,22.0,12.253003,12,10.0,norm_fazlasi,128395,,398,4284.0,257926.0
33,1366,Mersin,Gülnar,8.0,6.071809,6,2.0,norm_fazlasi,35299,,277,293.0,196457.0
33,2065,Mersin,Mezitli,13.0,7.8492956,8,5.0,norm_fazlasi,174066,,298,3094.0,49425.0
33,1536,Mersin,Mut,12.0,9.793492,10,2.0,norm_fazlasi,51726,,377,484.0,713100.0
33,1621,Mersin,Silifke,17.0,14.944484,15,2.0,dengede,99676,,533,2962.0,519729.0
33,1665,Mersin,Tarsus,21.0,21.317009,21,0.0,dengede,266789,,623,3234.0,1004217.0
33,2066,Mersin,Toroslar,14.0,12.885484,13,1.0,dengede,228651,,360,3142.0,62265.0
33,2067,Mersin,Yeniþehir,10.0,8.728385,9,1.0,dengede,212799,,319,3804.0,26528.0
48,1197,Muðla,Bodrum,6.0,9.241471,9,-3.0,norm_eksigi,152866,,511,5755.0,121861.0
48,1742,Muðla,Dalaman,6.0,7.1706314,7,-1.0,dengede,40156,,532,693.0,119572.0
48,1266,Muðla,Datça,5.0,5.2765493,5,0.0,dengede,17965,,444,902.0,25329.0
48,1331,Muðla,Fethiye,14.0,14.924516,15,-1.0,dengede,124326,,647,6547.0,101029.0
48,1958,Muðla,Kavaklýdere,3.0,4.286197,4,-1.0,norm_eksigi,8458,,471,168.0,32284.0
48,1488,Muðla,Köyceðiz,10.0,8.902095,9,1.0,dengede,31174,,540,718.0,98286.0
48,1517,Muðla,Marmaris,8.0,7.836093,8,0.0,dengede,76501,,446,3015.0,14592.0
48,2089,Muðla,Menteþe,15.0,13.593013,14,1.0,dengede,100811,,596,2002.0,234793.0
48,1528,Muðla,Milas,19.0,19.20568,19,0.0,dengede,106741,,592,2463.0,669911.0
48,1831,Muðla,Ortaca,9.0,8.850721,9,0.0,dengede,44509,,439,1727.0,64384.0
48,2090,Muðla,Seydikemer,23.0,12.468715,12,11.0,norm_fazlasi,48107,,778,773.0,287225.0
48,1695,Muðla,Ula,8.0,7.2764378,7,1.0,dengede,26708,,516,994.0,36322.0
48,1719,Muðla,Yataðan,9.0,9.865792,10,-1.0,dengede,28411,,604,810.0,209620.0
49,1213,Muþ,Bulanýk,7.0,8.075832,8,-1.0,dengede,25328,,228,359.0,652626.0
49,1801,Muþ,Hasköy,3.0,3.6903474,4,-1.0,norm_eksigi,9914,,223,217.0,57925.0
49,1964,Muþ,Korkut,5.0,5.7848806,6,-1.0,dengede,3327,,221,225.0,334649.0
49,1510,Muþ,Malazgirt,4.0,6.561182,7,-3.0,norm_eksigi,12757,,241,389.0,899905.0
49,1711,Muþ,Varto,8.0,6.242671,6,2.0,norm_fazlasi,7361,,213,481.0,336500.0
50,1749,Nevþehir,Acýgöl,5.0,3.8249903,4,1.0,norm_fazlasi,8182,,367,276.0,257341.0
50,1155,Nevþehir,Avanos,8.0,6.941389,7,1.0,dengede,18953,,387,742.0,697126.0
50,1274,Nevþehir,Derinkuyu,6.0,4.2049103,4,2.0,norm_fazlasi,9843,,327,249.0,246355.0
50,1367,Nevþehir,Gülþehir,6.0,4.6807814,5,1.0,norm_fazlasi,8371,,398,231.0,429326.0
50,1374,Nevþehir,Hacýbektaþ,4.0,3.6636512,4,0.0,dengede,4464,,388,99.0,435477.0
50,1485,Nevþehir,Kozaklý,4.0,4.106223,4,0.0,dengede,6127,,441,158.0,573011.0
50,1707,Nevþehir,Ürgüp,5.0,6.124258,6,-1.0,dengede,26297,,481,1136.0,275488.0
51,1876,Niðde,Altunhisar,3.0,3.4959745,3,0.0,dengede,6190,,367,200.0,247450.0
51,1201,Niðde,Bor,9.0,10.003665,10,-1.0,dengede,39883,,423,662.0,569108.0
51,1225,Niðde,Çamardý,2.0,3.3516805,3,-1.0,norm_eksigi,2871,,366,142.0,500000.0
51,1904,Niðde,Çiftlik,5.0,4.200567,4,1.0,norm_fazlasi,11003,,315,221.0,166040.0
51,1700,Niðde,Ulukýþla,5.0,5.340848,5,0.0,dengede,4755,,427,334.0,333989.0
52,1119,Ordu,Akkuþ,3.0,3.5859492,4,-1.0,norm_eksigi,18323,,285,342.0,192147.0
52,2103,Ordu,Altýnordu,12.0,12.237254,12,0.0,dengede,182474,,256,4242.0,274264.0
52,1158,Ordu,Aybastý,3.0,3.7225192,4,-1.0,norm_eksigi,17868,,189,417.0,101272.0
52,1891,Ordu,Çamaþ,3.0,2.5361967,3,0.0,dengede,8232,,148,183.0,71115.0
52,1897,Ordu,Çatalpýnar,4.0,2.2506618,2,2.0,norm_fazlasi,8006,,150,295.0,49989.0
52,1900,Ordu,Çaybaþý,2.0,3.3257706,3,-1.0,norm_eksigi,8470,,232,171.0,68799.0
52,1328,Ordu,Fatsa,9.0,7.7389917,8,1.0,dengede,97025,,286,1907.0,275195.0
52,1358,Ordu,Gölköy,5.0,2.8669775,3,2.0,norm_fazlasi,19203,,168,438.0,144029.0
52,1795,Ordu,Gülyalý,2.0,2.8144028,3,-1.0,norm_eksigi,7177,,227,139.0,33718.0
52,1797,Ordu,Gürgentepe,3.0,2.6837313,3,0.0,dengede,13803,,180,284.0,106423.0
52,1947,Ordu,Ýkizce,3.0,2.6644166,3,0.0,dengede,10790,,178,165.0,97720.0
52,1950,Ordu,Kabadüz,3.0,2.6056256,3,0.0,dengede,6684,,167,157.0,89144.0
52,1951,Ordu,Kabataþ,2.0,2.3149605,2,0.0,dengede,7983,,149,205.0,49781.0
52,1482,Ordu,Korgan,3.0,3.051907,3,0.0,dengede,17287,,161,434.0,92669.0
52,1493,Ordu,Kumru,3.0,4.4874334,4,-1.0,norm_eksigi,23412,,223,371.0,125366.0
52,1525,Ordu,Mesudiye,4.0,2.7604465,3,1.0,norm_fazlasi,13197,,234,153.0,152568.0
52,1573,Ordu,Perþembe,3.0,4.8296776,5,-2.0,norm_eksigi,31724,,297,577.0,184422.0
52,1696,Ordu,Ulubey,3.0,3.5989497,4,-1.0,norm_eksigi,16888,,213,278.0,178885.0
52,1706,Ordu,Ünye,7.0,9.378546,9,-2.0,norm_eksigi,100401,,246,2338.0,310035.0
80,1165,Osmaniye,Bahçe,5.0,3.6729555,4,1.0,norm_fazlasi,10718,,325,494.0,47125.0
80,1743,Osmaniye,Düziçi,9.0,7.5105753,8,1.0,dengede,49246,,452,1041.0,196603.0
80,2027,Osmaniye,Hasanbeyli,3.0,2.637778,3,0.0,dengede,2170,,262,48.0,31157.0
80,1423,Osmaniye,Kadirli,14.0,12.792252,13,1.0,dengede,81372,,479,2198.0,479955.0
80,2028,Osmaniye,Sumbas,5.0,3.493896,3,2.0,norm_fazlasi,3459,,325,164.0,137835.0
80,2029,Osmaniye,Toprakkale,6.0,4.18511,4,2.0,norm_fazlasi,15093,,311,487.0,62975.0
53,1146,Rize,Ardeþen,1.0,3.241803,3,-2.0,norm_eksigi,24565,,253,664.0,83672.0
53,1228,Rize,Çamlýhemþin,1.0,2.0796423,2,-1.0,norm_eksigi,1641,,189,224.0,15191.0
53,1241,Rize,Çayeli,4.0,3.5026586,4,0.0,dengede,21962,,214,567.0,83733.0
53,1908,Rize,Derepazarý,4.0,2.3694863,2,2.0,norm_fazlasi,3092,,197,91.0,19431.0
53,1332,Rize,Fýndýklý,2.0,2.8111138,3,-1.0,norm_eksigi,9419,,236,223.0,52230.0
53,1796,Rize,Güneysu,2.0,2.4045892,2,0.0,dengede,6443,,204,142.0,39411.0
53,1943,Rize,Hemþin,3.0,2.1226652,2,1.0,norm_fazlasi,1179,,178,28.0,3823.0
53,1405,Rize,Ýkizdere,2.0,2.028883,2,0.0,dengede,1524,,193,45.0,5141.0
53,1949,Rize,Ýyidere,3.0,2.5185468,3,0.0,dengede,4291,,215,176.0,18846.0
53,1428,Rize,Kalkandere,1.0,2.7623947,3,-2.0,norm_eksigi,5971,,209,114.0,40726.0
53,1569,Rize,Pazar,1.0,2.714249,3,-2.0,norm_eksigi,12939,,246,350.0,67480.0
54,2068,Sakarya,Adapazarý,9.0,12.567794,13,-4.0,norm_eksigi,211991,,408,4930.0,174136.0
54,1123,Sakarya,Akyazý,5.0,7.530119,8,-3.0,norm_eksigi,71719,,314,1438.0,152470.0
54,2069,Sakarya,Arifiye,2.0,3.7418292,4,-2.0,norm_eksigi,39246,,230,1189.0,15541.0
54,2070,Sakarya,Erenler,7.0,7.2966766,7,0.0,dengede,67248,,395,1928.0,77347.0
54,1925,Sakarya,Ferizli,3.0,3.8594668,4,-1.0,norm_eksigi,27649,,244,457.0,76783.0
54,1351,Sakarya,Geyve,3.0,5.5096807,6,-3.0,norm_eksigi,40465,,350,747.0,156702.0
54,1391,Sakarya,Hendek,5.0,7.033019,7,-2.0,norm_eksigi,75069,,325,1417.0,198678.0
54,1955,Sakarya,Karapürçek,3.0,3.0349836,3,0.0,dengede,8905,,222,260.0,29022.0
54,1442,Sakarya,Karasu,6.0,7.5237923,8,-2.0,norm_eksigi,61036,,366,1538.0,245997.0
54,1453,Sakarya,Kaynarca,9.0,5.917903,6,3.0,norm_fazlasi,20766,,249,453.0,104497.0
54,1818,Sakarya,Kocaali,5.0,4.040333,4,1.0,norm_fazlasi,19434,,303,498.0,170762.0
54,1833,Sakarya,Pamukova,2.0,3.852753,4,-2.0,norm_eksigi,23169,,349,754.0,79193.0
54,1595,Sakarya,Sapanca,4.0,3.2467277,3,1.0,norm_fazlasi,36910,,217,1015.0,8634.0
54,2071,Sakarya,Serdivan,6.0,6.4684315,6,0.0,dengede,129016,,351,2348.0,45850.0
54,1986,Sakarya,Söðütlü,7.0,4.277562,4,3.0,norm_fazlasi,13116,,277,346.0,91521.0
54,1847,Sakarya,Taraklý,5.0,3.2081501,3,2.0,norm_fazlasi,5757,,306,197.0,83974.0
55,1125,Samsun,Alaçam,5.0,6.7686787,7,-2.0,norm_eksigi,21223,,449,444.0,227489.0
55,1763,Samsun,Asarcýk,7.0,3.969209,4,3.0,norm_fazlasi,12086,,304,140.0,65705.0
55,2072,Samsun,Atakum,11.0,9.644018,10,1.0,dengede,196026,,338,2924.0,97091.0
55,1879,Samsun,Ayvacýk,4.0,3.8865478,4,0.0,dengede,15350,,198,192.0,108416.0
55,1164,Samsun,Bafra,13.0,15.885079,16,-3.0,dengede,112207,,635,2663.0,642061.0
55,2073,Samsun,Canik,8.0,6.355176,6,2.0,norm_fazlasi,78268,,348,1268.0,76510.0
55,1234,Samsun,Çarþamba,13.0,12.822869,13,0.0,dengede,119849,,402,1846.0,548842.0
55,1386,Samsun,Havza,7.0,6.7887487,7,0.0,dengede,30910,,396,518.0,403757.0
55,2074,Samsun,Ýlkadým,7.0,8.245534,8,-1.0,dengede,248848,,354,5141.0,47440.0
55,1452,Samsun,Kavak,6.0,4.4509916,4,2.0,norm_fazlasi,19052,,319,567.0,170075.0
55,1501,Samsun,Ladik,6.0,4.4112415,4,2.0,norm_fazlasi,13493,,334,284.0,166969.0
55,1838,Samsun,Salýpazarý,5.0,4.504117,5,0.0,dengede,20364,,318,487.0,149750.0
55,1849,Samsun,Tekkeköy,10.0,7.828617,8,2.0,norm_fazlasi,47181,,367,1230.0,159282.0
55,1676,Samsun,Terme,6.0,8.402081,8,-2.0,norm_eksigi,59824,,342,1100.0,378041.0
55,1712,Samsun,Vezirköprü,8.0,8.492307,8,0.0,dengede,76716,,469,1302.0,447329.0
55,1993,Samsun,Yakakent,3.0,3.504443,4,-1.0,norm_eksigi,7304,,311,417.0,49727.0
56,1179,Siirt,Baykan,2.0,2.4309719,2,0.0,dengede,9762,,237,98.0,75620.0
56,1317,Siirt,Eruh,4.0,2.6822984,3,1.0,norm_fazlasi,5931,,272,61.0,114936.0
56,1495,Siirt,Kurtalan,7.0,5.836768,6,1.0,dengede,28151,,309,337.0,450522.0
56,1575,Siirt,Pervari,4.0,2.8765447,3,1.0,norm_fazlasi,5114,,267,80.0,108401.0
56,1662,Siirt,Þirvan,4.0,2.7333825,3,1.0,norm_fazlasi,3786,,215,22.0,60298.0
56,1878,Siirt,Tillo,4.0,2.2639575,2,2.0,norm_fazlasi,1572,,233,16.0,42685.0
57,1156,Sinop,Ayancýk,3.0,3.4176278,3,0.0,dengede,10095,,332,291.0,59391.0
57,1204,Sinop,Boyabat,6.0,6.2794523,6,0.0,dengede,20679,,446,490.0,174369.0
57,1910,Sinop,Dikmen,3.0,2.1046517,2,1.0,norm_fazlasi,1070,,246,157.0,65148.0
57,1290,Sinop,Duraðan,4.0,3.676856,4,0.0,dengede,5530,,410,156.0,129262.0
57,1314,Sinop,Erfelek,3.0,3.0896623,3,0.0,dengede,3179,,330,219.0,78448.0
57,1349,Sinop,Gerze,6.0,4.8946075,5,1.0,norm_fazlasi,16367,,459,440.0,111761.0
57,1981,Sinop,Saraydüzü,1.0,1.8229427,2,-1.0,norm_eksigi,985,,244,43.0,31346.0
57,1693,Sinop,Türkeli,3.0,2.8915915,3,0.0,dengede,5321,,323,208.0,25582.0
58,1870,Sivas,Akýncýlar,1.0,2.1813846,2,-1.0,norm_eksigi,1956,,295,56.0,153629.0
58,1875,Sivas,Altýnyayla,4.0,3.5168455,4,0.0,dengede,3600,,312,132.0,268975.0
58,1282,Sivas,Divriði,4.0,4.0597744,4,0.0,dengede,8464,,333,328.0,94271.0
58,1913,Sivas,Doðanþar,1.0,1.8293571,2,-1.0,norm_eksigi,1042,,160,48.0,15742.0
58,1342,Sivas,Gemerek,7.0,6.019289,6,1.0,dengede,11033,,357,310.0,442419.0
58,1927,Sivas,Gölova,2.0,1.899207,2,0.0,dengede,1209,,237,54.0,62370.0
58,1373,Sivas,Gürün,4.0,5.975624,6,-2.0,norm_eksigi,7780,,361,332.0,514176.0
58,1376,Sivas,Hafik,4.0,3.0632308,3,1.0,norm_fazlasi,2684,,353,132.0,504718.0
58,1407,Sivas,Ýmranlý,3.0,2.1823761,2,1.0,norm_fazlasi,2368,,281,176.0,60026.0
58,1431,Sivas,Kangal,2.0,4.696123,5,-3.0,norm_eksigi,6541,,327,283.0,1261934.0
58,1484,Sivas,Koyulhisar,1.0,2.4792347,2,-1.0,norm_eksigi,3021,,339,160.0,120896.0
58,1646,Sivas,Suþehri,5.0,5.278982,5,0.0,dengede,11772,,384,533.0,206563.0
58,1650,Sivas,Þarkýþla,6.0,6.97235,7,-1.0,dengede,18925,,383,444.0,888211.0
58,1991,Sivas,Ulaþ,3.0,2.8645399,3,0.0,dengede,2408,,333,131.0,510320.0
58,1731,Sivas,Yýldýzeli,7.0,6.4632435,6,1.0,dengede,6274,,379,366.0,906418.0
58,1738,Sivas,Zara,1.0,5.546582,6,-5.0,norm_eksigi,8777,,305,128.0,372103.0
63,1115,Þanlýurfa,Akçakale,9.0,11.571345,12,-3.0,norm_eksigi,63842,,319,199.0,813794.0
63,1194,Þanlýurfa,Birecik,10.0,8.344526,8,2.0,norm_fazlasi,49905,,315,1552.0,771041.0
63,1209,Þanlýurfa,Bozova,6.0,6.3076324,6,0.0,dengede,36734,,385,438.0,743609.0
63,1220,Þanlýurfa,Ceylanpýnar,7.0,6.7730064,7,0.0,dengede,52834,,390,1050.0,1271219.0
63,2091,Þanlýurfa,Eyyübiye,18.0,14.419012,14,4.0,norm_fazlasi,215176,,356,3787.0,573467.0
63,1378,Þanlýurfa,Halfeti,7.0,6.248906,6,1.0,dengede,32353,,225,404.0,352987.0
63,2092,Þanlýurfa,Haliliye,18.0,15.831288,16,2.0,dengede,231420,,403,4096.0,843312.0
63,1800,Þanlýurfa,Harran,6.0,6.583823,7,-1.0,dengede,45369,,329,239.0,619192.0
63,1393,Þanlýurfa,Hilvan,12.0,6.522151,7,5.0,norm_fazlasi,25564,,409,363.0,906535.0
63,2093,Þanlýurfa,Karaköprü,13.0,11.635259,12,1.0,dengede,179968,,370,2262.0,680527.0
63,1630,Þanlýurfa,Siverek,20.0,16.726803,17,3.0,dengede,157403,,440,958.0,1910549.0
63,1643,Þanlýurfa,Suruç,11.0,6.5704184,7,4.0,norm_fazlasi,62818,,357,810.0,637966.0
63,1713,Þanlýurfa,Viranþehir,8.0,9.901074,10,-2.0,norm_eksigi,116656,,344,1102.0,982864.0
73,1189,Þýrnak,Beytüþþebap,3.0,2.73887,3,0.0,dengede,4509,,224,115.0,44966.0
73,1223,Þýrnak,Cizre,9.0,8.064783,8,1.0,dengede,87039,,295,968.0,112778.0
73,1931,Þýrnak,Güçlükonak,2.0,2.305737,2,0.0,dengede,4876,,204,75.0,38829.0
73,1403,Þýrnak,Ýdil,8.0,8.124858,8,0.0,dengede,20180,,320,353.0,383190.0
73,1623,Þýrnak,Silopi,8.0,6.061634,6,2.0,norm_fazlasi,75371,,270,1348.0,289175.0
73,1698,Þýrnak,Uludere,5.0,4.5065002,5,0.0,dengede,19898,,248,266.0,77186.0
59,1250,Tekirdað,Çerkezköy,5.0,7.179656,7,-2.0,norm_eksigi,164412,,314,1715.0,51076.0
59,1258,Tekirdað,Çorlu,8.0,10.697988,11,-3.0,norm_eksigi,218236,,350,3145.0,312865.0
59,2094,Tekirdað,Ergene,7.0,7.9177666,8,-1.0,dengede,45050,,392,1172.0,324129.0
59,1388,Tekirdað,Hayrabolu,7.0,6.794998,7,0.0,dengede,25066,,447,891.0,805768.0
59,2095,Tekirdað,Kapaklý,4.0,7.0879526,7,-3.0,norm_eksigi,103501,,342,1233.0,103055.0
59,1511,Tekirdað,Malkara,10.0,11.191339,11,-1.0,dengede,38383,,457,1302.0,874479.0
59,1538,Tekirdað,Muratlý,4.0,5.740327,6,-2.0,norm_eksigi,22528,,374,397.0,343721.0
59,1596,Tekirdað,Saray,6.0,7.6839123,8,-2.0,norm_eksigi,40880,,414,631.0,338240.0
59,2096,Tekirdað,Süleymanpaþa,15.0,16.649174,17,-2.0,dengede,171556,,548,2661.0,758891.0
59,1652,Tekirdað,Þarköy,6.0,7.215703,7,-1.0,dengede,29702,,499,753.0,163596.0
60,1129,Tokat,Almus,5.0,4.302039,4,1.0,norm_fazlasi,17532,,373,225.0,104122.0
60,1151,Tokat,Artova,4.0,2.8470387,3,1.0,norm_fazlasi,3634,,358,81.0,186716.0
60,1883,Tokat,Baþçiftlik,2.0,2.3684173,2,0.0,dengede,5470,,198,47.0,78558.0
60,1308,Tokat,Erbaa,13.0,9.753438,10,3.0,norm_fazlasi,62151,,548,1496.0,376649.0
60,1545,Tokat,Niksar,9.0,9.6738205,10,-1.0,dengede,44946,,524,1168.0,346547.0
60,1834,Tokat,Pazar,6.0,3.9051883,4,2.0,norm_fazlasi,6582,,428,225.0,99218.0
60,1584,Tokat,Reþadiye,4.0,5.301079,5,-1.0,norm_eksigi,27769,,323,387.0,247759.0
60,1987,Tokat,Sulusaray,3.0,2.7182121,3,0.0,dengede,4377,,358,59.0,114730.0
60,1690,Tokat,Turhal,11.0,10.001749,10,1.0,dengede,49463,,509,1263.0,384808.0
60,1858,Tokat,Yeþilyurt,5.0,3.5972667,4,1.0,norm_fazlasi,4245,,315,148.0,93929.0
60,1740,Tokat,Zile,12.0,8.258569,8,4.0,norm_fazlasi,27303,,453,704.0,749911.0
61,1113,Trabzon,Akçaabat,8.0,8.196611,8,0.0,dengede,81954,,317,1426.0,144189.0
61,1141,Trabzon,Araklý,4.0,5.159049,5,-1.0,norm_eksigi,38955,,278,599.0,87659.0
61,1150,Trabzon,Arsin,3.0,3.9246998,4,-1.0,norm_eksigi,25139,,258,584.0,88551.0
61,1775,Trabzon,Beþikdüzü,4.0,4.301665,4,0.0,dengede,21359,,285,422.0,43842.0
61,1896,Trabzon,Çarþýbaþý,4.0,3.747177,4,0.0,dengede,11949,,284,358.0,36121.0
61,1244,Trabzon,Çaykara,1.0,2.2062917,2,-1.0,norm_eksigi,12909,,201,299.0,13794.0
61,1909,Trabzon,Dernekpazarý,3.0,2.473017,2,1.0,norm_fazlasi,4440,,203,60.0,9062.0
61,1917,Trabzon,Düzköy,4.0,3.5992587,4,0.0,dengede,8971,,240,235.0,41875.0
61,1942,Trabzon,Hayrat,1.0,2.2325814,2,-1.0,norm_eksigi,7464,,223,51.0,30107.0
61,1966,Trabzon,Köprübaþý,0.0,2.5414433,3,-3.0,norm_eksigi,3486,,189,41.0,19530.0
61,1507,Trabzon,Maçka,2.0,4.5095663,5,-3.0,norm_eksigi,22971,,279,470.0,91864.0
61,1548,Trabzon,Of,4.0,4.1963167,4,0.0,dengede,36428,,243,377.0,93910.0
61,2097,Trabzon,Ortahisar,10.0,8.453809,8,2.0,norm_fazlasi,249704,,316,3726.0,107255.0
61,1647,Trabzon,Sürmene,2.0,4.045261,4,-2.0,norm_eksigi,21276,,236,453.0,54962.0
61,1842,Trabzon,Þalpazarý,2.0,2.8404682,3,-1.0,norm_eksigi,11306,,211,202.0,30825.0
61,1681,Trabzon,Tonya,4.0,3.4664512,3,1.0,norm_fazlasi,12758,,229,141.0,34237.0
61,1709,Trabzon,Vakfýkebir,5.0,4.1950507,4,1.0,norm_fazlasi,22489,,281,454.0,68544.0
61,1732,Trabzon,Yomra,4.0,4.2277417,4,0.0,dengede,42281,,223,621.0,76874.0
62,1247,Tunceli,Çemiþgezek,6.0,4.462887,4,2.0,norm_fazlasi,2592,,297,94.0,123823.0
62,1397,Tunceli,Hozat,1.0,2.1663942,2,-1.0,norm_eksigi,2253,,234,171.0,22646.0
62,1518,Tunceli,Mazgirt,1.0,3.044647,3,-2.0,norm_eksigi,2534,,264,99.0,71811.0
62,1562,Tunceli,Ovacýk,2.0,2.216939,2,0.0,dengede,2889,,193,185.0,17567.0
62,1574,Tunceli,Pertek,3.0,4.570303,5,-2.0,norm_eksigi,5782,,246,277.0,110533.0
62,1581,Tunceli,Pülümür,2.0,1.9802746,2,0.0,dengede,1258,,180,63.0,5755.0
64,1170,Uþak,Banaz,9.0,9.369184,9,0.0,dengede,14502,,654,615.0,398400.0
64,1323,Uþak,Eþme,10.0,7.5246496,8,2.0,norm_fazlasi,14031,,558,805.0,419349.0
64,1436,Uþak,Karahallý,3.0,3.6525939,4,-1.0,norm_eksigi,5660,,384,246.0,146503.0
64,1629,Uþak,Sivaslý,9.0,7.960266,8,1.0,dengede,9992,,575,421.0,237828.0
64,1697,Uþak,Ulubey,7.0,4.54014,5,2.0,norm_fazlasi,4977,,526,283.0,365501.0
65,1770,Van,Bahçesaray,2.0,2.5334146,3,-1.0,norm_eksigi,6641,,253,11.0,41160.0
65,1175,Van,Baþkale,8.0,6.5013847,7,1.0,dengede,25353,,183,79.0,465265.0
65,1786,Van,Çaldýran,6.0,6.070468,6,0.0,dengede,26290,,245,266.0,332547.0
65,1236,Van,Çatak,3.0,4.1765227,4,-1.0,norm_eksigi,10605,,236,55.0,241891.0
65,1918,Van,Edremit,11.0,6.7896214,7,4.0,norm_fazlasi,74261,,359,875.0,126579.0
65,1309,Van,Erciþ,8.0,7.2745247,7,1.0,dengede,95236,,352,1096.0,529344.0
65,1350,Van,Gevaþ,8.0,3.7505865,4,4.0,norm_fazlasi,15717,,306,181.0,135724.0
65,1372,Van,Gürpýnar,9.0,7.204874,7,2.0,norm_fazlasi,19074,,275,230.0,657777.0
65,2098,Van,Ýpekyolu,17.0,14.324597,14,3.0,norm_fazlasi,237320,,321,4636.0,222430.0
65,1533,Van,Muradiye,8.0,6.5825443,7,1.0,dengede,23258,,285,190.0,237404.0
65,1565,Van,Özalp,8.0,6.8527193,7,1.0,dengede,27800,,236,360.0,366554.0
65,1980,Van,Saray,7.0,2.8353465,3,4.0,norm_fazlasi,10401,,184,97.0,134720.0
65,2099,Van,Tuþba,12.0,11.072862,11,1.0,dengede,93847,,352,1192.0,311656.0
77,2019,Yalova,Altýnova,4.0,4.6899567,5,-1.0,norm_eksigi,21999,,381,604.0,26353.0
77,2020,Yalova,Armutlu,2.0,2.3355947,2,0.0,dengede,7217,,198,534.0,25843.0
77,2021,Yalova,Çýnarcýk,3.0,4.1391582,4,-1.0,norm_eksigi,30745,,334,1009.0,10256.0
77,2022,Yalova,Çiftlikköy,5.0,6.4973125,6,-1.0,dengede,39251,,363,925.0,34849.0
77,2026,Yalova,Termal,2.0,2.5538173,3,-1.0,norm_eksigi,3274,,274,176.0,5449.0
66,1117,Yozgat,Akdaðmadeni,3.0,6.602806,7,-4.0,norm_eksigi,19725,,472,572.0,334073.0
66,1877,Yozgat,Aydýncýk,1.0,2.4007123,2,-1.0,norm_eksigi,4416,,344,76.0,124472.0
66,1198,Yozgat,Boðazlýyan,7.0,7.92008,8,-1.0,dengede,22243,,376,411.0,845834.0
66,1895,Yozgat,Çandýr,1.0,2.328727,2,-1.0,norm_eksigi,2985,,374,89.0,137994.0
66,1242,Yozgat,Çayýralan,2.0,2.7618477,3,-1.0,norm_eksigi,5832,,389,137.0,191478.0
66,1245,Yozgat,Çekerek,5.0,3.1036482,3,2.0,norm_fazlasi,8487,,342,209.0,143919.0
66,1952,Yozgat,Kadýþehri,0.0,3.9006214,4,-4.0,norm_eksigi,6281,,315,130.0,173694.0
66,1982,Yozgat,Saraykent,4.0,3.639001,4,0.0,dengede,6533,,326,130.0,86223.0
66,1602,Yozgat,Sarýkaya,2.0,6.488491,6,-4.0,norm_eksigi,17035,,411,422.0,824532.0
66,1635,Yozgat,Sorgun,7.0,8.076559,8,-1.0,dengede,48951,,422,1344.0,928566.0
66,1998,Yozgat,Yenifakýlý,1.0,2.107221,2,-1.0,norm_eksigi,1465,,332,114.0,229625.0
66,1726,Yozgat,Yerköy,8.0,6.7541533,7,1.0,dengede,18420,,418,688.0,708564.0
67,1758,Zonguldak,Alaplý,4.0,3.567586,4,0.0,dengede,17197,,244,681.0,105765.0
67,1240,Zonguldak,Çaycuma,9.0,7.2940636,7,2.0,norm_fazlasi,41152,,439,1697.0,64612.0
67,1276,Zonguldak,Devrek,4.0,4.2646546,4,0.0,dengede,27476,,323,744.0,29982.0
67,1926,Zonguldak,Gökçebey,3.0,3.4978812,3,0.0,dengede,10455,,333,435.0,27049.0
67,2100,Zonguldak,Kilimli,3.0,3.1589239,3,0.0,dengede,25594,,231,610.0,3845.0
67,2101,Zonguldak,Kozlu,5.0,4.2167406,4,1.0,norm_fazlasi,35403,,298,670.0,8972.0
