il_kod,ilce_kod,il_adi,ilce_adi,ziraat_mevcut,ziraat_tahmin,ziraat_tahmin_yuvarlak,ziraat_fark,ziraat_durumu,nufus_18plus,yuzolcum,toplam_hayvan_2024,denetim_sayisi,tarim_alani_2024
12,1475,Bingöl,Kiðý,1.0,1.2394364,1,0.0,dengede,2105,,201,56.0,74259.0
12,1633,Bingöl,Solhan,4.0,1.736426,2,2.0,norm_fazlasi,14993,,248,247.0,174480.0
81,1794,Düzce,Gölyaka,5.0,5.094842,5,0.0,dengede,8901,,286,377.0,48315.0
1,1757,Adana,Aladað,7.0,5.533355,6,1.0,dengede,11878,,342,145.0,79101.0
1,1219,Adana,Ceyhan,21.0,25.085382,25,-4.0,dengede,113379,,570,2426.0,972741.0
8,1736,Artvin,Yusufeli,4.0,4.553082,5,-1.0,norm_eksigi,5434,,331,357.0,17943.0
1,2033,Adana,Çukurova,13.0,17.77898,18,-5.0,norm_eksigi,289068,,388,5860.0,90956.0
1,1329,Adana,Feke,6.0,4.552993,5,1.0,norm_fazlasi,9559,,331,193.0,53232.0
1,1806,Adana,Ýmamoðlu,16.0,10.632972,11,5.0,norm_fazlasi,18260,,439,501.0,347479.0
1,1437,Adana,Karaisalý,13.0,9.584031,10,3.0,norm_fazlasi,17326,,504,615.0,234393.0
1,1443,Adana,Karataþ,14.0,10.17695,10,4.0,norm_fazlasi,18854,,466,447.0,468214.0
1,1486,Adana,Kozan,31.0,25.26998,25,6.0,norm_fazlasi,84549,,625,1588.0,597859.0
1,1580,Adana,Pozantý,10.0,5.4638743,5,5.0,norm_fazlasi,14190,,252,696.0,34660.0
1,1588,Adana,Saimbeyli,3.0,4.70672,5,-2.0,norm_eksigi,10432,,335,115.0,118601.0
1,2032,Adana,Sarýçam,21.0,23.33617,23,-2.0,dengede,174701,,556,2725.0,422915.0
1,1104,Adana,Seyhan,28.0,28.660637,29,-1.0,dengede,562903,,596,9446.0,273910.0
1,1687,Adana,Tufanbeyli,4.0,7.476772,7,-3.0,norm_eksigi,8625,,378,252.0,311293.0
1,1734,Adana,Yumurtalýk,9.0,8.983218,9,0.0,dengede,12084,,469,483.0,278432.0
1,1748,Adana,Yüreðir,43.0,28.337612,28,15.0,norm_fazlasi,272630,,579,5026.0,735550.0
2,1182,Adýyaman,Besni,15.0,13.270163,13,2.0,dengede,38935,,500,553.0,611269.0
2,1246,Adýyaman,Çelikhan,7.0,6.3875713,6,1.0,dengede,8298,,275,142.0,13385.0
2,1347,Adýyaman,Gerger,3.0,2.3395586,2,1.0,norm_fazlasi,1961,,394,67.0,59060.0
2,1354,Adýyaman,Gölbaþý,9.0,11.389857,11,-2.0,dengede,26453,,431,504.0,176538.0
2,1425,Adýyaman,Kahta,20.0,18.354391,18,2.0,dengede,61773,,443,1330.0,545162.0
2,1592,Adýyaman,Samsat,6.0,3.3684995,3,3.0,norm_fazlasi,2577,,320,27.0,106919.0
2,1985,Adýyaman,Sincik,5.0,3.8368504,4,1.0,norm_fazlasi,5040,,251,61.0,44319.0
2,1989,Adýyaman,Tut,6.0,3.7560575,4,2.0,norm_fazlasi,2619,,397,207.0,73407.0
3,1771,Afyonkarahisar,Baþmakçý,4.0,2.9918432,3,1.0,norm_fazlasi,3867,,417,424.0,88704.0
3,1773,Afyonkarahisar,Bayat,2.0,3.750571,4,-2.0,norm_eksigi,3345,,353,100.0,105233.0
3,1200,Afyonkarahisar,Bolvadin,8.0,6.4849586,6,2.0,norm_fazlasi,29923,,446,1081.0,220563.0
3,1239,Afyonkarahisar,Çay,8.0,11.37539,11,-3.0,norm_eksigi,14898,,543,946.0,304398.0
3,1906,Afyonkarahisar,Çobanlar,3.0,6.696785,7,-4.0,norm_eksigi,8280,,296,189.0,117115.0
3,1267,Afyonkarahisar,Dazkýrý,6.0,4.6678877,5,1.0,norm_fazlasi,4523,,461,346.0,125797.0
3,1281,Afyonkarahisar,Dinar,10.0,12.245749,12,-2.0,dengede,24237,,561,1135.0,491119.0
3,1306,Afyonkarahisar,Emirdað,7.0,8.813573,9,-2.0,norm_eksigi,21281,,373,585.0,1084049.0
3,1923,Afyonkarahisar,Evciler,4.0,3.9635687,4,0.0,dengede,2804,,299,171.0,123494.0
3,1944,Afyonkarahisar,Hocalar,4.0,3.4555657,3,1.0,norm_fazlasi,1701,,306,125.0,69733.0
3,1404,Afyonkarahisar,Ýhsaniye,5.0,7.906457,8,-3.0,norm_eksigi,12403,,376,381.0,336717.0
3,1809,Afyonkarahisar,Ýscehisar,4.0,5.5768495,6,-2.0,norm_eksigi,10320,,295,251.0,111360.0
3,1961,Afyonkarahisar,Kýzýlören,5.0,2.3196232,2,3.0,norm_fazlasi,1187,,351,58.0,48199.0
3,1594,Afyonkarahisar,Sandýklý,10.0,12.201359,12,-2.0,dengede,26187,,477,1306.0,487045.0
3,1626,Afyonkarahisar,Sinanpaþa,3.0,5.2943687,5,-2.0,norm_eksigi,22151,,367,535.0,335313.0
3,1639,Afyonkarahisar,Sultandaðý,5.0,5.5483108,6,-1.0,dengede,7747,,417,279.0,264272.0
3,1664,Afyonkarahisar,Þuhut,6.0,8.77147,9,-3.0,norm_eksigi,12879,,462,729.0,561081.0
4,1283,Aðrý,Diyadin,4.0,5.4662204,5,-1.0,norm_eksigi,11534,,207,295.0,369883.0
4,1301,Aðrý,Eleþkirt,7.0,7.509269,8,-1.0,dengede,10047,,270,277.0,455991.0
4,1379,Aðrý,Hamur,4.0,4.391708,4,0.0,dengede,1323,,194,52.0,237750.0
4,1568,Aðrý,Patnos,9.0,9.4842205,9,0.0,dengede,36378,,260,776.0,539353.0
4,1667,Aðrý,Taþlýçay,5.0,4.8844314,5,0.0,dengede,3991,,223,278.0,237855.0
4,1691,Aðrý,Tutak,5.0,7.0229163,7,-2.0,norm_eksigi,4490,,233,279.0,444516.0
68,1860,Aksaray,Aðaçören,2.0,4.491508,4,-2.0,norm_eksigi,2599,,306,31.0,209146.0
68,1921,Aksaray,Eskil,7.0,7.7330422,8,-1.0,dengede,13820,,332,290.0,779054.0
68,1932,Aksaray,Gülaðaç,3.0,4.166408,4,-1.0,norm_eksigi,9309,,435,132.0,186264.0
68,1861,Aksaray,Güzelyurt,4.0,4.738162,5,-1.0,norm_eksigi,5249,,412,123.0,175064.0
68,1557,Aksaray,Ortaköy,7.0,9.344564,9,-2.0,norm_eksigi,14684,,432,512.0,563141.0
68,1866,Aksaray,Sarýyahþi,2.0,2.888746,3,-1.0,norm_eksigi,2711,,283,33.0,83346.0
68,2106,Aksaray,Sultanhaný,2.0,4.3784995,4,-2.0,norm_eksigi,8360,,342,307.0,257980.0
5,1363,Amasya,Göynücek,5.0,4.360644,4,1.0,norm_fazlasi,4117,,381,117.0,211719.0
5,1368,Amasya,Gümüþhacýköy,9.0,8.349109,8,1.0,dengede,12801,,472,545.0,215795.0
5,1938,Amasya,Hamamözü,4.0,2.459902,2,2.0,norm_fazlasi,1288,,388,65.0,49816.0
5,1524,Amasya,Merzifon,24.0,18.815475,19,5.0,norm_fazlasi,48897,,548,1716.0,521655.0
5,1641,Amasya,Suluova,14.0,9.962224,10,4.0,norm_fazlasi,30018,,432,697.0,273133.0
5,1668,Amasya,Taþova,11.0,9.674293,10,1.0,dengede,8401,,510,573.0,372702.0
6,1872,Ankara,Akyurt,16.0,10.992637,11,5.0,norm_fazlasi,31768,,423,1096.0,197830.0
6,1130,Ankara,Altýndað,14.0,17.928793,18,-4.0,norm_eksigi,309197,,310,9638.0,64660.0
6,1157,Ankara,Ayaþ,20.0,9.1162405,9,11.0,norm_fazlasi,9539,,490,642.0,505498.0
6,1167,Ankara,Bala,10.0,10.82825,11,-1.0,dengede,16030,,415,391.0,1208434.0
6,1187,Ankara,Beypazarý,13.0,12.730965,13,0.0,dengede,36201,,500,1806.0,639928.0
6,1227,Ankara,Çamlýdere,7.0,4.3374586,4,3.0,norm_fazlasi,8457,,306,179.0,24838.0
6,1231,Ankara,Çankaya,30.0,29.888853,30,0.0,dengede,793968,,350,29287.0,103471.0
6,1260,Ankara,Çubuk,16.0,16.174358,16,0.0,dengede,76312,,432,2281.0,391166.0
6,1302,Ankara,Elmadað,8.0,9.262401,9,-1.0,dengede,34727,,412,1216.0,269253.0
6,1922,Ankara,Etimesgut,20.0,16.621754,17,3.0,dengede,457662,,309,10121.0,54703.0
6,1924,Ankara,Evren,3.0,3.5159261,4,-1.0,norm_eksigi,2594,,327,59.0,138526.0
6,1744,Ankara,Gölbaþý,35.0,22.790478,23,12.0,norm_fazlasi,125765,,527,3772.0,824019.0
6,1365,Ankara,Güdül,7.0,7.6653786,8,-1.0,dengede,7683,,328,293.0,288524.0
6,1387,Ankara,Haymana,14.0,11.901847,12,2.0,dengede,22234,,497,517.0,1335507.0
6,1815,Ankara,Kahramankazan,21.0,17.050804,17,4.0,norm_fazlasi,44785,,496,2939.0,261886.0
6,1427,Ankara,Kalecik,9.0,9.106285,9,0.0,dengede,10024,,580,418.0,490129.0
6,1745,Ankara,Keçiören,18.0,18.638014,19,-1.0,dengede,711423,,250,12605.0,25555.0
6,1473,Ankara,Kýzýlcahamam,6.0,7.6566772,8,-2.0,norm_eksigi,24099,,315,800.0,103480.0
6,1746,Ankara,Mamak,14.0,18.854347,19,-5.0,norm_eksigi,519955,,356,8620.0,66781.0
6,1539,Ankara,Nallýhan,7.0,9.570998,10,-3.0,norm_eksigi,19724,,530,808.0,413407.0
6,1578,Ankara,Polatlý,24.0,22.67326,23,1.0,dengede,94981,,500,3269.0,2214535.0
6,2034,Ankara,Pursaklar,17.0,12.244473,12,5.0,norm_fazlasi,118517,,349,2706.0,68836.0
6,1747,Ankara,Sincan,25.0,27.9112,28,-3.0,dengede,435135,,546,7957.0,506417.0
6,1658,Ankara,Þereflikoçhisar,7.0,12.44205,12,-5.0,norm_eksigi,26049,,462,840.0,963713.0
6,1723,Ankara,Yenimahalle,25.0,20.241283,20,5.0,norm_fazlasi,553961,,266,15474.0,54436.0
7,1121,Antalya,Akseki,5.0,4.697927,5,0.0,dengede,8605,,313,155.0,15403.0
7,2035,Antalya,Aksu,37.0,12.33322,12,25.0,norm_fazlasi,62680,,497,1107.0,173323.0
7,1126,Antalya,Alanya,34.0,21.951801,22,12.0,norm_fazlasi,259406,,407,7058.0,193579.0
7,1811,Antalya,Demre,14.0,11.782549,12,2.0,dengede,21601,,230,1299.0,30902.0
7,2036,Antalya,Döþemealtý,16.0,14.224679,14,2.0,dengede,69911,,543,1509.0,106698.0
7,1303,Antalya,Elmalý,17.0,12.363562,12,5.0,norm_fazlasi,31255,,449,1000.0,466070.0
7,1333,Antalya,Finike,17.0,10.6888,11,6.0,norm_fazlasi,28059,,294,1294.0,68337.0
7,1337,Antalya,Gazipaþa,23.0,13.843059,14,9.0,norm_fazlasi,44520,,431,2004.0,102696.0
7,1370,Antalya,Gündoðmuþ,4.0,4.6492915,5,-1.0,norm_eksigi,6903,,249,57.0,12484.0
7,1946,Antalya,Ýbradý,4.0,3.3031747,3,1.0,norm_fazlasi,3646,,269,56.0,4909.0
7,1451,Antalya,Kaþ,15.0,13.827616,14,1.0,dengede,32399,,380,1842.0,123503.0
7,1959,Antalya,Kemer,9.0,9.112881,9,0.0,dengede,34554,,331,1703.0,15669.0
7,2037,Antalya,Kepez,37.0,20.589603,21,16.0,norm_fazlasi,475805,,473,7086.0,61645.0
7,2038,Antalya,Konyaaltý,15.0,15.036223,15,0.0,dengede,155728,,379,3497.0,35146.0
7,1483,Antalya,Korkuteli,24.0,15.417126,15,9.0,norm_fazlasi,47023,,496,1374.0,1016218.0
7,1492,Antalya,Kumluca,23.0,14.441702,14,9.0,norm_fazlasi,58061,,346,1686.0,92772.0
7,1512,Antalya,Manavgat,30.0,24.621288,25,5.0,norm_fazlasi,249296,,665,5739.0,386092.0
7,2039,Antalya,Muratpaþa,13.0,15.77254,16,-3.0,dengede,400613,,316,11104.0,7790.0
7,1616,Antalya,Serik,35.0,22.878113,23,12.0,norm_fazlasi,104101,,631,2131.0,359045.0
75,1252,Ardahan,Çýldýr,5.0,3.4316065,3,2.0,norm_fazlasi,1819,,203,79.0,135170.0
75,2008,Ardahan,Damal,2.0,4.1246166,4,-2.0,norm_eksigi,2223,,156,106.0,56158.0
75,1356,Ardahan,Göle,6.0,3.77953,4,2.0,norm_fazlasi,6620,,187,318.0,207020.0
75,1380,Ardahan,Hanak,5.0,4.223424,4,1.0,norm_fazlasi,2202,,151,96.0,110420.0
75,1579,Ardahan,Posof,3.0,2.2862318,2,1.0,norm_fazlasi,1564,,227,135.0,41398.0
8,1145,Artvin,Ardanuç,4.0,4.579752,5,-1.0,norm_eksigi,4316,,294,146.0,46227.0
8,1147,Artvin,Arhavi,8.0,7.519098,8,0.0,dengede,13351,,212,824.0,40392.0
8,1202,Artvin,Borçka,5.0,4.073554,4,1.0,norm_fazlasi,8206,,195,272.0,84152.0
8,1395,Artvin,Hopa,6.0,4.653153,5,1.0,norm_fazlasi,17540,,201,514.0,33629.0
8,2105,Artvin,Kemalpaþa,4.0,3.5386846,4,0.0,dengede,4997,,152,316.0,21112.0
8,1828,Artvin,Murgul,2.0,3.8481052,4,-2.0,norm_eksigi,3970,,218,71.0,12469.0
8,1653,Artvin,Þavþat,2.0,1.7812959,2,0.0,dengede,5748,,218,199.0,30031.0
9,1206,Aydýn,Bozdoðan,10.0,11.081828,11,-1.0,dengede,26564,,585,718.0,271057.0
9,1781,Aydýn,Buharkent,4.0,5.903975,6,-2.0,norm_eksigi,10092,,415,306.0,35563.0
9,1256,Aydýn,Çine,11.0,13.089073,13,-2.0,dengede,40046,,572,1303.0,339306.0
9,2000,Aydýn,Didim,16.0,13.206605,13,3.0,norm_fazlasi,81769,,468,2099.0,123036.0
9,2076,Aydýn,Efeler,29.0,24.724735,25,4.0,dengede,238106,,592,6460.0,352953.0
9,1348,Aydýn,Germencik,11.0,12.490781,12,-1.0,dengede,33539,,444,1274.0,254250.0
9,1807,Aydýn,Ýncirliova,14.0,11.143114,11,3.0,norm_fazlasi,41805,,479,861.0,133970.0
9,1435,Aydýn,Karacasu,7.0,8.43529,8,-1.0,dengede,14465,,425,329.0,221754.0
9,1957,Aydýn,Karpuzlu,9.0,6.982467,7,2.0,norm_fazlasi,9055,,435,245.0,140823.0
9,1479,Aydýn,Koçarlý,13.0,10.032162,10,3.0,norm_fazlasi,18929,,453,632.0,221064.0
9,1968,Aydýn,Köþk,8.0,9.098864,9,-1.0,dengede,22811,,398,669.0,130978.0
9,1497,Aydýn,Kuþadasý,14.0,12.670207,13,1.0,dengede,112270,,335,3016.0,59771.0
9,1498,Aydýn,Kuyucak,12.0,8.956336,9,3.0,norm_fazlasi,22039,,484,518.0,182993.0
9,1542,Aydýn,Nazilli,18.0,20.27987,20,-2.0,dengede,128377,,526,2901.0,304150.0
9,1637,Aydýn,Söke,22.0,20.506935,21,1.0,dengede,95945,,533,2385.0,646309.0
9,1640,Aydýn,Sultanhisar,14.0,9.831663,10,4.0,norm_fazlasi,16016,,442,893.0,154217.0
9,1724,Aydýn,Yenipazar,7.0,7.88393,8,-1.0,dengede,9814,,426,271.0,105718.0
10,2077,Balýkesir,Altýeylül,21.0,19.020588,19,2.0,dengede,148506,,560,3126.0,281664.0
10,1161,Balýkesir,Ayvalýk,9.0,15.762063,16,-7.0,norm_eksigi,62817,,427,2935.0,194494.0
10,1169,Balýkesir,Balya,4.0,6.4814057,6,-2.0,norm_eksigi,12054,,369,307.0,68724.0
10,1171,Balýkesir,Bandýrma,20.0,19.818813,20,0.0,dengede,133155,,514,2716.0,347384.0
10,1191,Balýkesir,Bigadiç,14.0,10.422727,10,4.0,norm_fazlasi,44996,,502,830.0,282339.0
10,1216,Balýkesir,Burhaniye,13.0,13.291248,13,0.0,dengede,57292,,386,1752.0,186573.0
10,1291,Balýkesir,Dursunbey,7.0,10.139488,10,-3.0,norm_eksigi,28647,,488,818.0,155497.0
10,1294,Balýkesir,Edremit,16.0,17.378902,17,-1.0,dengede,123817,,277,4236.0,214317.0
10,1310,Balýkesir,Erdek,8.0,9.813171,10,-2.0,norm_eksigi,28097,,354,1193.0,54980.0
10,1928,Balýkesir,Gömeç,9.0,8.745061,9,0.0,dengede,13757,,331,672.0,132423.0
10,1360,Balýkesir,Gönen,17.0,18.68665,19,-2.0,dengede,66301,,575,1933.0,399490.0
10,1384,Balýkesir,Havran,9.0,9.04647,9,0.0,dengede,25769,,341,678.0,148018.0
10,1418,Balýkesir,Ývrindi,8.0,9.78581,10,-2.0,norm_eksigi,27286,,467,827.0,121830.0
10,2078,Balýkesir,Karesi,14.0,20.123625,20,-6.0,norm_eksigi,149659,,457,3476.0,152339.0
10,1462,Balýkesir,Kepsut,7.0,9.575511,10,-3.0,norm_eksigi,19704,,478,654.0,159559.0
10,1514,Balýkesir,Manyas,9.0,9.734254,10,-1.0,dengede,15587,,484,472.0,314015.0
10,1824,Balýkesir,Marmara,2.0,3.398793,3,-1.0,norm_eksigi,7333,,244,832.0,11382.0
10,1608,Balýkesir,Savaþtepe,2.0,3.7150948,4,-2.0,norm_eksigi,13612,,488,248.0,176484.0
10,1619,Balýkesir,Sýndýrgý,8.0,10.923226,11,-3.0,norm_eksigi,26566,,509,694.0,199851.0
10,1644,Balýkesir,Susurluk,8.0,10.2660475,10,-2.0,norm_eksigi,30790,,518,838.0,253234.0
74,1761,Bartýn,Amasra,5.0,3.770406,4,1.0,norm_fazlasi,4995,,311,425.0,20346.0
74,1496,Bartýn,Kurucaþile,4.0,2.72147,3,1.0,norm_fazlasi,1847,,307,106.0,17767.0
74,1701,Bartýn,Ulus,2.0,3.934786,4,-2.0,norm_eksigi,8826,,394,323.0,51637.0
72,1184,Batman,Beþiri,13.0,8.74952,9,4.0,norm_fazlasi,11989,,292,142.0,363840.0
72,1345,Batman,Gercüþ,9.0,4.5296035,5,4.0,norm_fazlasi,5899,,247,107.0,132635.0
72,1941,Batman,Hasankeyf,9.0,3.8031857,4,5.0,norm_fazlasi,2885,,221,30.0,22062.0
72,1487,Batman,Kozluk,12.0,8.214279,8,4.0,norm_fazlasi,19353,,310,409.0,260589.0
72,1607,Batman,Sason,7.0,3.670818,4,3.0,norm_fazlasi,9910,,226,113.0,11102.0
69,1767,Bayburt,Aydýntepe,2.0,2.9838192,3,-1.0,norm_eksigi,2547,,312,114.0,80706.0
69,1788,Bayburt,Demirözü,3.0,4.390734,4,-1.0,norm_eksigi,3759,,279,160.0,247077.0
11,1210,Bilecik,Bozüyük,9.0,10.596408,11,-2.0,dengede,57255,,422,1164.0,192911.0
11,1359,Bilecik,Gölpazarý,1.0,4.1968193,4,-3.0,norm_eksigi,5754,,362,86.0,122440.0
11,1948,Bilecik,Ýnhisar,2.0,2.32389,2,0.0,dengede,812,,249,20.0,19490.0
11,1559,Bilecik,Osmaneli,3.0,8.079626,8,-5.0,norm_eksigi,12610,,441,286.0,123423.0
11,1571,Bilecik,Pazaryeri,4.0,4.0024133,4,0.0,dengede,4792,,424,226.0,101134.0
11,1636,Bilecik,Söðüt,4.0,4.3773913,4,0.0,dengede,10769,,334,221.0,96785.0
11,1857,Bilecik,Yenipazar,0.0,2.8755486,3,-3.0,norm_eksigi,886,,316,38.0,74768.0
12,1750,Bingöl,Adaklý,2.0,2.433861,2,0.0,dengede,2443,,210,23.0,140570.0
12,1344,Bingöl,Genç,5.0,2.8580525,3,2.0,norm_fazlasi,13963,,276,173.0,205502.0
12,1446,Bingöl,Karlýova,1.0,3.568752,4,-3.0,norm_eksigi,7154,,220,136.0,211501.0
12,1855,Bingöl,Yayladere,1.0,1.2530559,1,0.0,dengede,724,,187,5.0,35599.0
12,1996,Bingöl,Yedisu,2.0,2.4697018,2,0.0,dengede,1070,,210,19.0,76116.0
13,1106,Bitlis,Adilcevaz,9.0,9.150744,9,0.0,dengede,11227,,302,222.0,372590.0
13,1112,Bitlis,Ahlat,12.0,8.854205,9,3.0,norm_fazlasi,22806,,284,572.0,417282.0
13,1798,Bitlis,Güroymak,4.0,3.861674,4,0.0,dengede,21757,,264,204.0,128040.0
13,1394,Bitlis,Hizan,6.0,3.9895298,4,2.0,norm_fazlasi,8448,,258,362.0,85682.0
13,1537,Bitlis,Mutki,6.0,3.769478,4,2.0,norm_fazlasi,3769,,233,48.0,93716.0
13,1669,Bitlis,Tatvan,14.0,12.432509,12,2.0,dengede,56791,,261,912.0,213767.0
14,1916,Bolu,Dörtdivan,2.0,4.1801386,4,-2.0,norm_eksigi,2220,,210,163.0,87837.0
14,1346,Bolu,Gerede,5.0,7.8965836,8,-3.0,norm_eksigi,20157,,248,660.0,303362.0
14,1364,Bolu,Göynük,5.0,4.414397,4,1.0,norm_fazlasi,3456,,329,303.0,152708.0
14,1466,Bolu,Kýbrýscýk,2.0,2.7989976,3,-1.0,norm_eksigi,891,,213,71.0,9546.0
14,1522,Bolu,Mengen,3.0,3.3182428,3,0.0,dengede,5963,,331,221.0,16085.0
14,1531,Bolu,Mudurnu,6.0,4.416005,4,2.0,norm_fazlasi,6029,,316,492.0,154571.0
14,1610,Bolu,Seben,2.0,2.7822788,3,-1.0,norm_eksigi,1985,,301,94.0,47610.0
14,1997,Bolu,Yeniçaða,4.0,3.8570974,4,0.0,dengede,3467,,269,124.0,42788.0
15,1109,Burdur,Aðlasun,5.0,2.927529,3,2.0,norm_fazlasi,3123,,549,160.0,58648.0
15,1874,Burdur,Altýnyayla,3.0,2.5022826,3,0.0,dengede,2380,,377,90.0,12732.0
15,1211,Burdur,Bucak,16.0,12.964013,13,3.0,norm_fazlasi,40267,,681,988.0,216391.0
15,1899,Burdur,Çavdýr,6.0,5.9956813,6,0.0,dengede,6490,,462,868.0,110050.0
15,1903,Burdur,Çeltikçi,4.0,2.5095375,3,1.0,norm_fazlasi,1876,,470,69.0,31991.0
15,1357,Burdur,Gölhisar,8.0,9.016352,9,-1.0,dengede,15179,,578,609.0,175337.0
15,1813,Burdur,Karamanlý,5.0,3.400222,3,2.0,norm_fazlasi,4776,,548,85.0,161863.0
15,1816,Burdur,Kemer,2.0,2.2979593,2,0.0,dengede,1201,,439,58.0,80232.0
15,1672,Burdur,Tefenni,4.0,4.3790307,4,0.0,dengede,4718,,451,145.0,158592.0
15,1728,Burdur,Yeþilova,5.0,7.8062277,8,-3.0,norm_eksigi,4282,,578,354.0,230340.0
16,1783,Bursa,Büyükorhan,2.0,3.827991,4,-2.0,norm_eksigi,9678,,429,216.0,38452.0
16,1343,Bursa,Gemlik,9.0,15.483174,15,-6.0,norm_eksigi,84461,,341,2864.0,88765.0
16,1935,Bursa,Gürsu,10.0,10.266604,10,0.0,dengede,76010,,406,1012.0,43718.0
16,1799,Bursa,Harmancýk,3.0,3.6834154,4,-1.0,norm_eksigi,5200,,453,114.0,47068.0
16,1411,Bursa,Ýnegöl,15.0,23.17856,23,-8.0,norm_eksigi,233613,,581,4524.0,297879.0
16,1420,Bursa,Ýznik,12.0,11.514808,12,0.0,dengede,38104,,436,1559.0,164702.0
16,1434,Bursa,Karacabey,14.0,18.074928,18,-4.0,norm_eksigi,68306,,611,1844.0,617619.0
16,1457,Bursa,Keles,3.0,3.64138,4,-1.0,norm_eksigi,10996,,484,250.0,104478.0
16,1960,Bursa,Kestel,15.0,10.689078,11,4.0,norm_fazlasi,56415,,527,1610.0,82522.0
16,1530,Bursa,Mudanya,22.0,15.433431,15,7.0,norm_fazlasi,87768,,479,2491.0,190047.0
16,1535,Bursa,Mustafakemalpaþa,20.0,14.370347,14,6.0,norm_fazlasi,85488,,570,2760.0,512835.0
16,1829,Bursa,Nilüfer,20.0,25.38137,25,-5.0,norm_eksigi,432989,,484,9809.0,155372.0
16,1553,Bursa,Orhaneli,4.0,8.798926,9,-5.0,norm_eksigi,15525,,548,376.0,88700.0
16,1554,Bursa,Orhangazi,7.0,13.668,14,-7.0,norm_eksigi,61950,,466,2161.0,129721.0
16,1832,Bursa,Osmangazi,26.0,28.351267,28,-2.0,dengede,669873,,500,16425.0,120155.0
16,1725,Bursa,Yeniþehir,12.0,14.263308,14,-2.0,dengede,43917,,552,1444.0,314401.0
16,1859,Bursa,Yýldýrým,8.0,15.308777,15,-7.0,norm_eksigi,480785,,342,8276.0,12522.0
17,1160,Çanakkale,Ayvacýk,11.0,11.07997,11,0.0,dengede,17164,,512,1244.0,242999.0
17,1180,Çanakkale,Bayramiç,13.0,11.191566,11,2.0,dengede,12477,,610,933.0,315374.0
17,1190,Çanakkale,Biga,22.0,19.836662,20,2.0,dengede,50080,,620,1881.0,585449.0
17,1205,Çanakkale,Bozcaada,4.0,3.2513747,3,1.0,norm_fazlasi,3018,,302,285.0,16760.0
17,1229,Çanakkale,Çan,9.0,10.231524,10,-1.0,dengede,25081,,528,545.0,211683.0
17,1293,Çanakkale,Eceabat,7.0,7.8966312,8,-1.0,dengede,4783,,479,391.0,166340.0
17,1326,Çanakkale,Ezine,11.0,10.122554,10,1.0,dengede,14998,,533,824.0,268469.0
17,1340,Çanakkale,Gelibolu,12.0,10.299138,10,2.0,norm_fazlasi,28560,,540,1017.0,393209.0
17,1408,Çanakkale,Gökçeada,4.0,4.6717134,5,-1.0,norm_eksigi,6543,,428,697.0,29875.0
17,1503,Çanakkale,Lapseki,16.0,10.924468,11,5.0,norm_fazlasi,18147,,589,579.0,231215.0
17,1722,Çanakkale,Yenice,11.0,10.023323,10,1.0,dengede,8218,,506,755.0,277433.0
18,1765,Çankýrý,Atkaracalar,1.0,3.6596396,4,-3.0,norm_eksigi,3541,,315,48.0,97267.0
18,1885,Çankýrý,Bayramören,1.0,2.066934,2,-1.0,norm_eksigi,449,,292,10.0,15857.0
18,1248,Çankýrý,Çerkeþ,4.0,6.285858,6,-2.0,norm_eksigi,9533,,362,209.0,282738.0
18,1300,Çankýrý,Eldivan,3.0,3.81483,4,-1.0,norm_eksigi,2770,,400,62.0,84733.0
18,1399,Çankýrý,Ilgaz,2.0,2.5739715,3,-1.0,norm_eksigi,6069,,383,173.0,140493.0
18,1817,Çankýrý,Kýzýlýrmak,4.0,4.884584,5,-1.0,norm_eksigi,1621,,352,96.0,319116.0
18,1963,Çankýrý,Korgun,2.0,2.9183228,3,-1.0,norm_eksigi,1862,,359,40.0,40536.0
18,1494,Çankýrý,Kurþunlu,4.0,4.0867777,4,0.0,dengede,5465,,317,122.0,138820.0
18,1555,Çankýrý,Orta,3.0,3.789275,4,-1.0,norm_eksigi,9534,,259,107.0,144599.0
18,1649,Çankýrý,Þabanözü,4.0,5.957916,6,-2.0,norm_eksigi,7179,,349,142.0,181102.0
18,1718,Çankýrý,Yapraklý,2.0,2.9296844,3,-1.0,norm_eksigi,1458,,424,37.0,171460.0
19,1124,Çorum,Alaca,6.0,9.45644,9,-3.0,norm_eksigi,14303,,469,360.0,867512.0
19,1177,Çorum,Bayat,5.0,5.0948234,5,0.0,dengede,4231,,417,185.0,317007.0
19,1778,Çorum,Boðazkale,2.0,2.5287273,3,-1.0,norm_eksigi,1738,,366,71.0,105142.0
19,1911,Çorum,Dodurga,2.0,2.7355947,3,-1.0,norm_eksigi,2045,,328,69.0,66973.0
19,1414,Çorum,Ýskilip,9.0,8.638456,9,0.0,dengede,13709,,494,333.0,386880.0
19,1445,Çorum,Kargý,4.0,2.677752,3,1.0,norm_fazlasi,4402,,554,293.0,105809.0
19,1972,Çorum,Laçin,3.0,2.8030918,3,0.0,dengede,1166,,434,36.0,79778.0
19,1520,Çorum,Mecitözü,8.0,5.3517833,5,3.0,norm_fazlasi,3217,,461,138.0,420532.0
19,1976,Çorum,Oðuzlar,2.0,2.7988558,3,-1.0,norm_eksigi,2321,,300,62.0,55126.0
19,1556,Çorum,Ortaköy,3.0,3.335489,3,0.0,dengede,3525,,419,42.0,138929.0
19,1558,Çorum,Osmancýk,9.0,11.1379595,11,-2.0,dengede,23011,,555,732.0,234129.0
19,1642,Çorum,Sungurlu,8.0,12.267148,12,-4.0,norm_eksigi,24309,,517,478.0,1160019.0
19,1850,Çorum,Uðurludað,3.0,3.5252762,4,-1.0,norm_eksigi,2466,,445,44.0,220149.0
20,1102,Denizli,Acýpayam,13.0,14.223221,14,-1.0,dengede,43511,,502,1345.0,450035.0
20,1769,Denizli,Babadað,5.0,3.7719874,4,1.0,norm_fazlasi,3690,,250,210.0,32169.0
20,1881,Denizli,Baklan,4.0,4.204944,4,0.0,dengede,4165,,434,110.0,140000.0
20,1774,Denizli,Bekilli,5.0,4.5082016,5,0.0,dengede,5692,,321,130.0,118914.0
20,1888,Denizli,Beyaðaç,3.0,3.2735336,3,0.0,dengede,5099,,316,69.0,43753.0
20,1889,Denizli,Bozkurt,6.0,8.00856,8,-2.0,norm_eksigi,9434,,479,275.0,151578.0
20,1214,Denizli,Buldan,7.0,9.948926,10,-3.0,norm_eksigi,24269,,515,427.0,145508.0
20,1224,Denizli,Çal,5.0,8.425321,8,-3.0,norm_eksigi,11386,,471,417.0,380683.0
20,1226,Denizli,Çameli,9.0,4.5264935,5,4.0,norm_fazlasi,14054,,468,414.0,121006.0
20,1233,Denizli,Çardak,4.0,3.9587357,4,0.0,dengede,6766,,446,137.0,101240.0
20,1257,Denizli,Çivril,14.0,14.963141,15,-1.0,dengede,49363,,502,1383.0,497511.0
20,1371,Denizli,Güney,4.0,4.2447634,4,0.0,dengede,7254,,430,100.0,162779.0
20,1803,Denizli,Honaz,11.0,9.629155,10,1.0,dengede,28937,,491,810.0,159788.0
20,1426,Denizli,Kale,6.0,4.134577,4,2.0,norm_fazlasi,16225,,458,449.0,167407.0
20,2079,Denizli,Merkezefendi,16.0,16.621716,17,-1.0,dengede,257177,,417,5714.0,61731.0
20,1871,Denizli,Pamukkale,15.0,22.87379,23,-8.0,norm_eksigi,266391,,507,6506.0,288001.0
20,1597,Denizli,Sarayköy,14.0,9.881664,10,4.0,norm_fazlasi,24348,,417,748.0,155126.0
20,1840,Denizli,Serinhisar,3.0,6.1145873,6,-3.0,norm_eksigi,11942,,445,910.0,59016.0
20,1670,Denizli,Tavas,11.0,11.722232,12,-1.0,dengede,37607,,535,943.0,466311.0
21,2040,Diyarbakýr,Baðlar,25.0,17.471752,17,8.0,norm_fazlasi,251070,,296,4415.0,145067.0
21,1195,Diyarbakýr,Bismil,25.0,18.006783,18,7.0,norm_fazlasi,75742,,328,1348.0,1320176.0
21,1249,Diyarbakýr,Çermik,11.0,9.855856,10,1.0,dengede,32218,,375,567.0,211345.0
21,1253,Diyarbakýr,Çýnar,22.0,13.936366,14,8.0,norm_fazlasi,49845,,402,330.0,666797.0
21,1263,Diyarbakýr,Çüngüþ,4.0,4.348267,4,0.0,dengede,7925,,299,107.0,59988.0
21,1278,Diyarbakýr,Dicle,10.0,8.2842455,8,2.0,norm_fazlasi,26656,,300,232.0,158764.0
21,1791,Diyarbakýr,Eðil,14.0,7.189301,7,7.0,norm_fazlasi,14083,,249,147.0,114885.0
21,1315,Diyarbakýr,Ergani,19.0,18.42846,18,1.0,dengede,88921,,388,1282.0,524645.0
21,1381,Diyarbakýr,Hani,10.0,7.9210014,8,2.0,norm_fazlasi,17866,,292,240.0,120918.0
21,1389,Diyarbakýr,Hazro,10.0,5.639883,6,4.0,norm_fazlasi,9428,,303,107.0,164526.0
21,2041,Diyarbakýr,Kayapýnar,25.0,19.436562,19,6.0,norm_fazlasi,285907,,274,3807.0,197640.0
21,1962,Diyarbakýr,Kocaköy,11.0,6.2437987,6,5.0,norm_fazlasi,8751,,281,121.0,99372.0
21,1490,Diyarbakýr,Kulp,10.0,6.8979583,7,3.0,norm_fazlasi,23388,,296,168.0,85842.0
21,1504,Diyarbakýr,Lice,6.0,5.546245,6,0.0,dengede,17464,,305,176.0,103674.0
21,1624,Diyarbakýr,Silvan,15.0,14.305353,14,1.0,dengede,57948,,355,946.0,751161.0
21,2042,Diyarbakýr,Sur,33.0,18.169449,18,15.0,norm_fazlasi,61895,,374,1778.0,783058.0
21,2043,Diyarbakýr,Yeniþehir,31.0,18.738894,19,12.0,norm_fazlasi,144382,,359,3331.0,185718.0
81,1116,Düzce,Akçakoca,11.0,11.039245,11,0.0,dengede,22064,,262,991.0,220005.0
81,1784,Düzce,Cumayeri,4.0,4.037664,4,0.0,dengede,8161,,244,307.0,54899.0
81,1905,Düzce,Çilimli,3.0,5.6170907,6,-3.0,norm_eksigi,7972,,275,396.0,52987.0
81,2017,Düzce,Gümüþova,4.0,4.201876,4,0.0,dengede,7175,,301,330.0,37861.0
81,2031,Düzce,Kaynaþlý,5.0,5.7085495,6,-1.0,dengede,5926,,265,965.0,29136.0
81,1730,Düzce,Yýðýlca,4.0,4.157707,4,0.0,dengede,1819,,241,267.0,102548.0
22,1307,Edirne,Enez,6.0,4.839705,5,1.0,norm_fazlasi,3558,,418,277.0,140969.0
22,1385,Edirne,Havsa,8.0,8.756858,9,-1.0,dengede,7129,,440,415.0,363763.0
22,1412,Edirne,Ýpsala,5.0,5.1785674,5,0.0,dengede,11928,,489,277.0,526544.0
22,1464,Edirne,Keþan,14.0,15.724852,16,-2.0,dengede,55056,,511,2358.0,557825.0
22,1502,Edirne,Lalapaþa,6.0,4.835322,5,1.0,norm_fazlasi,2676,,338,168.0,243624.0
22,1523,Edirne,Meriç,4.0,4.2607374,4,0.0,dengede,5828,,459,323.0,207359.0
22,1988,Edirne,Süloðlu,5.0,4.2756147,4,1.0,norm_fazlasi,2297,,388,181.0,177790.0
22,1705,Edirne,Uzunköprü,8.0,12.166228,12,-4.0,norm_eksigi,34219,,481,885.0,698877.0
23,1110,Elazýð,Aðýn,2.0,2.3345964,2,0.0,dengede,1405,,322,65.0,46974.0
23,1873,Elazýð,Alacakaya,2.0,2.8389502,3,-1.0,norm_eksigi,2273,,265,56.0,30395.0
23,1762,Elazýð,Arýcak,3.0,3.5832462,4,-1.0,norm_eksigi,6820,,297,71.0,60110.0
23,1173,Elazýð,Baskil,8.0,6.3252506,6,2.0,norm_fazlasi,4230,,363,86.0,250091.0
23,1438,Elazýð,Karakoçan,5.0,4.216542,4,1.0,norm_fazlasi,12975,,316,87.0,100076.0
23,1455,Elazýð,Keban,5.0,3.1462717,3,2.0,norm_fazlasi,3189,,364,347.0,60591.0
23,1820,Elazýð,Kovancýlar,8.0,8.480972,8,0.0,dengede,17125,,366,313.0,284843.0
23,1506,Elazýð,Maden,5.0,3.6366525,4,1.0,norm_fazlasi,2761,,324,160.0,49944.0
23,1566,Elazýð,Palu,5.0,4.1567626,4,1.0,norm_fazlasi,8339,,326,72.0,58452.0
23,1631,Elazýð,Sivrice,5.0,3.5840313,4,1.0,norm_fazlasi,3203,,345,86.0,69590.0
24,1243,Erzincan,Çayýrlý,3.0,4.0618205,4,-1.0,norm_eksigi,3227,,385,88.0,232714.0
24,1406,Erzincan,Ýliç,1.0,4.001434,4,-3.0,norm_eksigi,3811,,338,51.0,82828.0
24,1459,Erzincan,Kemah,2.0,2.2256768,2,0.0,dengede,1838,,413,67.0,70007.0
24,1460,Erzincan,Kemaliye,3.0,2.4966033,2,1.0,norm_fazlasi,1928,,362,96.0,22146.0
24,1977,Erzincan,Otlukbeli,2.0,2.043368,2,0.0,dengede,1218,,319,23.0,58788.0
24,1583,Erzincan,Refahiye,1.0,3.4741762,3,-2.0,norm_eksigi,3013,,339,74.0,199325.0
24,1675,Erzincan,Tercan,3.0,5.644851,6,-3.0,norm_eksigi,8604,,423,71.0,460428.0
24,1853,Erzincan,Üzümlü,1.0,3.4719431,3,-2.0,norm_eksigi,8232,,433,122.0,50141.0
25,1153,Erzurum,Aþkale,6.0,8.756797,9,-3.0,norm_eksigi,13800,,262,535.0,212157.0
25,1945,Erzurum,Aziziye,13.0,14.927111,15,-2.0,dengede,51776,,291,1635.0,287291.0
25,1235,Erzurum,Çat,5.0,6.636158,7,-2.0,norm_eksigi,11266,,158,265.0,199302.0
25,1392,Erzurum,Hýnýs,6.0,5.2259035,5,1.0,norm_fazlasi,16051,,266,696.0,264922.0
25,1396,Erzurum,Horasan,6.0,8.64857,9,-3.0,norm_eksigi,24628,,276,866.0,664117.0
25,1416,Erzurum,Ýspir,4.0,3.7938735,4,0.0,dengede,13476,,368,711.0,90620.0
25,1812,Erzurum,Karaçoban,4.0,4.5248322,5,-1.0,norm_eksigi,15279,,238,281.0,157096.0
25,1444,Erzurum,Karayazý,3.0,6.9720087,7,-4.0,norm_eksigi,18984,,166,342.0,417575.0
25,1967,Erzurum,Köprüköy,5.0,6.578607,7,-2.0,norm_eksigi,11373,,222,161.0,267861.0
25,1540,Erzurum,Narman,5.0,4.8429494,5,0.0,dengede,10368,,250,303.0,233031.0
25,1550,Erzurum,Oltu,5.0,9.091213,9,-4.0,norm_eksigi,23384,,313,845.0,104361.0
25,1551,Erzurum,Olur,3.0,3.2422726,3,0.0,dengede,6058,,265,98.0,39294.0
25,2044,Erzurum,Palandöken,18.0,14.705794,15,3.0,norm_fazlasi,126460,,213,2999.0,151343.0
25,1567,Erzurum,Pasinler,9.0,8.853742,9,0.0,dengede,16476,,262,552.0,343870.0
25,1865,Erzurum,Pazaryolu,5.0,3.3366854,3,2.0,norm_fazlasi,3463,,266,190.0,23969.0
25,1657,Erzurum,Þenkaya,4.0,5.872332,6,-2.0,norm_eksigi,10495,,236,423.0,139856.0
25,1674,Erzurum,Tekman,2.0,4.2164793,4,-2.0,norm_eksigi,14990,,138,322.0,221904.0
25,1683,Erzurum,Tortum,8.0,7.486704,7,1.0,dengede,11223,,289,644.0,167586.0
25,1851,Erzurum,Uzundere,2.0,3.8657901,4,-2.0,norm_eksigi,6262,,324,229.0,32136.0
25,2045,Erzurum,Yakutiye,17.0,15.5434475,16,1.0,dengede,139895,,261,5821.0,197024.0
26,1759,Eskiþehir,Alpu,10.0,8.701685,9,1.0,dengede,8055,,543,147.0,438429.0
26,1777,Eskiþehir,Beylikova,4.0,4.4062314,4,0.0,dengede,4501,,479,108.0,307824.0
26,1255,Eskiþehir,Çifteler,9.0,8.765566,9,0.0,dengede,11580,,499,182.0,598849.0
26,1934,Eskiþehir,Günyüzü,5.0,4.0211763,4,1.0,norm_fazlasi,5122,,448,39.0,266689.0
26,1939,Eskiþehir,Han,4.0,3.5325859,4,0.0,dengede,1775,,319,19.0,75718.0
26,1808,Eskiþehir,Ýnönü,8.0,4.226723,4,4.0,norm_fazlasi,5061,,469,103.0,147183.0
26,1508,Eskiþehir,Mahmudiye,5.0,5.828915,6,-1.0,dengede,6549,,511,108.0,424255.0
26,1973,Eskiþehir,Mihalgazi,2.0,3.8834746,4,-2.0,norm_eksigi,2561,,351,36.0,4284.0
26,1527,Eskiþehir,Mihalýççýk,4.0,3.6856444,4,0.0,dengede,7074,,579,108.0,378276.0
26,2046,Eskiþehir,Odunpazarý,18.0,24.733767,25,-7.0,norm_eksigi,335223,,563,4517.0,452845.0
26,1599,Eskiþehir,Sarýcakaya,4.0,3.1146915,3,1.0,norm_fazlasi,3964,,517,55.0,23192.0
26,1618,Eskiþehir,Seyitgazi,10.0,9.045915,9,1.0,dengede,11051,,541,137.0,589977.0
26,1632,Eskiþehir,Sivrihisar,12.0,12.230428,12,0.0,dengede,15965,,581,312.0,1392472.0
26,2047,Eskiþehir,Tepebaþý,22.0,26.50861,27,-5.0,dengede,315388,,691,4228.0,486098.0
27,1139,Gaziantep,Araban,3.0,5.4702353,5,-2.0,norm_eksigi,23963,,384,248.0,302053.0
27,1415,Gaziantep,Ýslahiye,7.0,10.9733305,11,-4.0,norm_eksigi,48382,,408,778.0,253173.0
27,1956,Gaziantep,Karkamýþ,8.0,4.977238,5,3.0,norm_fazlasi,7138,,273,223.0,251404.0
27,1546,Gaziantep,Nizip,17.0,20.473543,20,-3.0,dengede,93634,,356,3085.0,703869.0
27,1974,Gaziantep,Nurdaðý,10.0,6.613505,7,3.0,norm_fazlasi,27228,,396,299.0,239103.0
27,1549,Gaziantep,Oðuzeli,16.0,11.296723,11,5.0,norm_fazlasi,26218,,376,770.0,561942.0
27,1841,Gaziantep,Þahinbey,25.0,29.551327,30,-5.0,dengede,591511,,389,9281.0,497747.0
27,1844,Gaziantep,Þehitkamil,23.0,30.549496,31,-8.0,norm_eksigi,537935,,275,12191.0,448257.0
27,1720,Gaziantep,Yavuzeli,8.0,7.142178,7,1.0,dengede,15394,,289,168.0,206499.0
28,1133,Giresun,Alucra,5.0,2.9265373,3,2.0,norm_fazlasi,2908,,218,116.0,50650.0
28,1212,Giresun,Bulancak,14.0,10.46042,10,4.0,norm_fazlasi,42300,,302,739.0,163229.0
28,1893,Giresun,Çamoluk,2.0,2.9586704,3,-1.0,norm_eksigi,2432,,217,8.0,37938.0
28,1894,Giresun,Çanakçý,3.0,3.4956338,3,0.0,dengede,1462,,173,130.0,29662.0
28,1272,Giresun,Dereli,5.0,4.390942,4,1.0,norm_fazlasi,7880,,185,527.0,79266.0
28,1912,Giresun,Doðankent,1.0,3.0295305,3,-2.0,norm_eksigi,3500,,219,22.0,28310.0
28,1320,Giresun,Espiye,7.0,7.9837813,8,-1.0,dengede,22693,,222,249.0,115489.0
28,1324,Giresun,Eynesil,2.0,4.5505414,5,-3.0,norm_eksigi,8050,,193,244.0,36014.0
28,1361,Giresun,Görele,9.0,8.492687,8,1.0,dengede,15843,,251,583.0,102636.0
28,1930,Giresun,Güce,3.0,3.6907234,4,-1.0,norm_eksigi,3996,,186,121.0,38502.0
28,1465,Giresun,Keþap,8.0,5.8772345,6,2.0,norm_fazlasi,7821,,258,370.0,105972.0
28,1837,Giresun,Piraziz,6.0,5.5942235,6,0.0,dengede,6693,,284,266.0,89202.0
28,1654,Giresun,Þebinkarahisar,5.0,5.903973,6,-1.0,dengede,8437,,308,357.0,197847.0
28,1678,Giresun,Tirebolu,10.0,9.574813,10,0.0,dengede,14960,,265,766.0,180596.0
28,1854,Giresun,Yaðlýdere,4.0,3.8529031,4,0.0,dengede,7146,,195,152.0,72594.0
29,1458,Gümüþhane,Kelkit,7.0,10.198898,10,-3.0,norm_eksigi,25419,,362,505.0,459911.0
29,1822,Gümüþhane,Köse,4.0,3.7795544,4,0.0,dengede,3052,,253,89.0,157462.0
29,1971,Gümüþhane,Kürtün,5.0,3.717529,4,1.0,norm_fazlasi,5986,,281,137.0,29630.0
29,1660,Gümüþhane,Þiran,5.0,4.63652,5,0.0,dengede,10997,,350,268.0,241950.0
29,1684,Gümüþhane,Torul,5.0,3.2978091,3,2.0,norm_fazlasi,4147,,287,260.0,42236.0
30,1261,Hakkari,Çukurca,3.0,4.2450557,4,-1.0,norm_eksigi,7194,,298,172.0,6632.0
30,2107,Hakkari,Derecik,3.0,3.2346385,3,0.0,dengede,7514,,308,78.0,7385.0
30,1656,Hakkari,Þemdinli,5.0,3.9054883,4,1.0,norm_fazlasi,11784,,329,473.0,70324.0
30,1737,Hakkari,Yüksekova,9.0,11.562494,12,-3.0,norm_eksigi,62331,,343,652.0,246308.0
31,1131,Hatay,Altýnözü,6.0,11.448448,11,-5.0,norm_eksigi,40551,,454,541.0,329450.0
31,2080,Hatay,Antakya,17.0,18.566751,19,-2.0,dengede,199335,,679,2217.0,262733.0
31,2081,Hatay,Arsuz,11.0,13.910988,14,-3.0,norm_eksigi,83281,,453,2151.0,204982.0
31,1887,Hatay,Belen,7.0,8.207078,8,-1.0,dengede,25862,,452,546.0,34425.0
31,2082,Hatay,Defne,9.0,10.041185,10,-1.0,dengede,94333,,416,1421.0,40530.0
31,1289,Hatay,Dörtyol,17.0,15.856792,16,1.0,dengede,86450,,321,2420.0,121512.0
31,1792,Hatay,Erzin,18.0,9.100335,9,9.0,norm_fazlasi,30085,,410,612.0,157114.0
31,1382,Hatay,Hassa,9.0,9.238038,9,0.0,dengede,39518,,435,397.0,141924.0
31,1413,Hatay,Ýskenderun,14.0,12.982191,13,1.0,dengede,176946,,314,2748.0,19674.0
31,1468,Hatay,Kýrýkhan,11.0,13.415926,13,-2.0,dengede,70798,,470,669.0,379209.0
31,1970,Hatay,Kumlu,6.0,5.31066,5,1.0,norm_fazlasi,10587,,324,68.0,109618.0
31,2083,Hatay,Payas,6.0,5.136536,5,1.0,norm_fazlasi,28941,,161,479.0,5442.0
31,1585,Hatay,Reyhanlý,9.0,10.050384,10,-1.0,dengede,67603,,504,920.0,264230.0
31,1591,Hatay,Samandað,8.0,8.547004,9,-1.0,dengede,83480,,434,1897.0,106363.0
31,1721,Hatay,Yayladaðý,8.0,5.326115,5,3.0,norm_fazlasi,28459,,478,613.0,148806.0
76,1142,Iðdýr,Aralýk,8.0,5.88888,6,2.0,norm_fazlasi,3984,,242,86.0,281596.0
76,2011,Iðdýr,Karakoyunlu,7.0,4.834373,5,2.0,norm_fazlasi,1934,,239,57.0,137473.0
76,1692,Iðdýr,Tuzluca,12.0,7.032335,7,5.0,norm_fazlasi,6543,,262,154.0,293288.0
32,1755,Isparta,Aksu,4.0,2.657984,3,1.0,norm_fazlasi,1697,,294,107.0,59584.0
32,1154,Isparta,Atabey,7.0,4.0508666,4,3.0,norm_fazlasi,3768,,400,81.0,62253.0
32,1297,Isparta,Eðirdir,17.0,10.415587,10,7.0,norm_fazlasi,14303,,348,1010.0,145274.0
32,1341,Isparta,Gelendost,6.0,6.6708016,7,-1.0,dengede,4853,,415,286.0,190220.0
32,1929,Isparta,Gönen,8.0,5.6631417,6,2.0,norm_fazlasi,4238,,379,290.0,122990.0
32,1456,Isparta,Keçiborlu,11.0,7.8183827,8,3.0,norm_fazlasi,7437,,436,399.0,132259.0
32,1615,Isparta,Senirkent,4.0,6.511417,7,-3.0,norm_eksigi,6365,,309,252.0,122938.0
32,1648,Isparta,Sütçüler,2.0,2.2560108,2,0.0,dengede,1769,,403,130.0,87130.0
32,1651,Isparta,Þarkikaraaðaç,10.0,9.503399,10,0.0,dengede,11786,,419,433.0,250266.0
32,1699,Isparta,Uluborlu,4.0,4.2393823,4,0.0,dengede,4541,,349,150.0,38017.0
32,1717,Isparta,Yalvaç,8.0,9.968019,10,-2.0,norm_eksigi,18296,,503,829.0,554899.0
32,2001,Isparta,Yeniþarbademli,4.0,2.5826478,3,1.0,norm_fazlasi,1727,,297,17.0,5988.0
34,1103,Ýstanbul,Adalar,5.0,4.4319487,4,1.0,norm_fazlasi,14954,,78,1055.0,0.0
34,2048,Ýstanbul,Arnavutköy,10.0,12.880824,13,-3.0,norm_eksigi,236037,,432,2614.0,77677.0
34,2049,Ýstanbul,Ataþehir,9.0,6.717188,7,2.0,norm_fazlasi,329086,,73,7002.0,0.0
34,2003,Ýstanbul,Avcýlar,10.0,9.411094,9,1.0,dengede,336549,,114,5951.0,2659.0
34,2004,Ýstanbul,Baðcýlar,6.0,7.0208135,7,-1.0,dengede,519923,,75,11596.0,0.0
34,2005,Ýstanbul,Bahçelievler,11.0,8.897441,9,2.0,norm_fazlasi,433760,,74,8618.0,0.0
34,1166,Ýstanbul,Bakýrköy,8.0,7.1580243,7,1.0,dengede,181229,,74,5992.0,0.0
34,2050,Ýstanbul,Baþakþehir,18.0,12.371339,12,6.0,norm_fazlasi,363654,,148,8568.0,8422.0
34,1886,Ýstanbul,Bayrampaþa,5.0,6.1239805,6,-1.0,dengede,211291,,73,6098.0,0.0
34,1183,Ýstanbul,Beþiktaþ,9.0,7.5182595,8,1.0,dengede,144491,,74,5934.0,0.0
34,1185,Ýstanbul,Beykoz,8.0,12.739495,13,-5.0,norm_eksigi,197121,,324,2963.0,9112.0
34,2051,Ýstanbul,Beylikdüzü,6.0,8.625613,9,-3.0,norm_eksigi,309084,,154,6276.0,203.0
34,1186,Ýstanbul,Beyoðlu,7.0,5.740727,6,1.0,dengede,174124,,72,5504.0,0.0
34,1782,Ýstanbul,Büyükçekmece,16.0,13.484746,13,3.0,norm_fazlasi,213417,,209,3227.0,44029.0
34,1237,Ýstanbul,Çatalca,17.0,13.160411,13,4.0,norm_fazlasi,62203,,373,1738.0,162162.0
34,2052,Ýstanbul,Çekmeköy,11.0,10.057507,10,1.0,dengede,227296,,181,2705.0,1902.0
34,2016,Ýstanbul,Esenler,6.0,6.2263036,6,0.0,dengede,313415,,72,3313.0,0.0
34,2053,Ýstanbul,Esenyurt,12.0,9.715133,10,2.0,norm_fazlasi,656387,,82,11357.0,128.0
34,1325,Ýstanbul,Eyüpsultan,8.0,9.251885,9,-1.0,dengede,325684,,187,6568.0,163.0
34,1327,Ýstanbul,Fatih,9.0,8.526039,9,0.0,dengede,272378,,76,10242.0,0.0
34,1336,Ýstanbul,Gaziosmanpaþa,8.0,6.5961967,7,1.0,dengede,363338,,72,5634.0,0.0
34,2010,Ýstanbul,Güngören,7.0,5.683865,6,1.0,dengede,207907,,73,4150.0,0.0
34,1421,Ýstanbul,Kadýköy,9.0,10.726234,11,-2.0,dengede,401155,,73,10760.0,0.0
34,1810,Ýstanbul,Kaðýthane,5.0,6.055694,6,-1.0,dengede,352753,,72,6953.0,0.0
34,1449,Ýstanbul,Kartal,10.0,9.230863,9,1.0,dengede,376998,,121,6549.0,71.0
34,1823,Ýstanbul,Küçükçekmece,10.0,9.80292,10,0.0,dengede,594438,,74,8872.0,0.0
34,2012,Ýstanbul,Maltepe,10.0,8.852604,9,1.0,dengede,429429,,98,6719.0,14.0
34,1835,Ýstanbul,Pendik,13.0,11.363267,11,2.0,dengede,561758,,199,6338.0,4164.0
34,2054,Ýstanbul,Sancaktepe,8.0,8.324116,8,0.0,dengede,357302,,139,3979.0,2040.0
34,1604,Ýstanbul,Sarýyer,11.0,8.777575,9,2.0,norm_fazlasi,280383,,234,5658.0,425.0
34,1622,Ýstanbul,Silivri,20.0,22.775684,23,-3.0,dengede,184427,,522,2736.0,390359.0
34,2014,Ýstanbul,Sultanbeyli,8.0,7.023564,7,1.0,dengede,252804,,73,4300.0,0.0
34,2055,Ýstanbul,Sultangazi,4.0,5.178177,5,-1.0,norm_eksigi,377603,,74,5189.0,0.0
34,1659,Ýstanbul,Þile,9.0,10.056977,10,-1.0,dengede,43922,,348,1766.0,39322.0
34,1663,Ýstanbul,Þiþli,6.0,6.8012824,7,-1.0,dengede,222918,,77,7046.0,0.0
34,2015,Ýstanbul,Tuzla,12.0,11.064125,11,1.0,dengede,225478,,249,3781.0,3284.0
34,1852,Ýstanbul,Ümraniye,7.0,5.7967157,6,1.0,dengede,557436,,79,8118.0,0.0
34,1708,Ýstanbul,Üsküdar,7.0,7.5999327,8,-1.0,dengede,417788,,72,9782.0,0.0
34,1739,Ýstanbul,Zeytinburnu,7.0,5.9747634,6,1.0,dengede,212093,,73,5358.0,0.0
35,1128,Ýzmir,Aliaða,15.0,11.548847,12,3.0,norm_fazlasi,78209,,297,1997.0,68076.0
35,2006,Ýzmir,Balçova,12.0,9.267173,9,3.0,norm_fazlasi,65168,,210,2430.0,1904.0
35,1178,Ýzmir,Bayýndýr,12.0,12.41867,12,0.0,dengede,32048,,439,1377.0,307133.0
35,2056,Ýzmir,Bayraklý,12.0,8.760026,9,3.0,norm_fazlasi,236948,,134,4778.0,89.0
35,1181,Ýzmir,Bergama,15.0,20.728548,21,-6.0,norm_eksigi,86963,,529,2564.0,378312.0
35,1776,Ýzmir,Beydað,6.0,6.1961474,6,0.0,dengede,9744,,365,422.0,61362.0
35,1203,Ýzmir,Bornova,18.0,16.300047,16,2.0,dengede,356330,,273,11208.0,8617.0
35,1780,Ýzmir,Buca,14.0,18.238895,18,-4.0,norm_eksigi,409366,,326,9411.0,20026.0
35,1251,Ýzmir,Çeþme,8.0,10.13918,10,-2.0,norm_eksigi,41953,,336,2274.0,16506.0
35,2007,Ýzmir,Çiðli,17.0,12.071116,12,5.0,norm_fazlasi,172843,,234,3749.0,3992.0
35,1280,Ýzmir,Dikili,8.0,12.00892,12,-4.0,norm_eksigi,39212,,433,1876.0,132957.0
35,1334,Ýzmir,Foça,12.0,9.045245,9,3.0,norm_fazlasi,30822,,405,1356.0,40378.0
35,2009,Ýzmir,Gaziemir,13.0,8.01743,8,5.0,norm_fazlasi,106340,,238,3072.0,2700.0
35,2018,Ýzmir,Güzelbahçe,11.0,8.063075,8,3.0,norm_fazlasi,30683,,279,1084.0,9190.0
35,2057,Ýzmir,Karabaðlar,9.0,12.396241,12,-3.0,norm_eksigi,370990,,158,7795.0,3736.0
35,1432,Ýzmir,Karaburun,5.0,3.203842,3,2.0,norm_fazlasi,6065,,253,700.0,21125.0
35,1448,Ýzmir,Karþýyaka,12.0,11.720694,12,0.0,dengede,283320,,161,7286.0,2476.0
35,1461,Ýzmir,Kemalpaþa,23.0,15.343121,15,8.0,norm_fazlasi,83712,,386,2481.0,212902.0
35,1467,Ýzmir,Kýnýk,7.0,8.7712755,9,-2.0,norm_eksigi,20806,,404,663.0,99834.0
35,1477,Ýzmir,Kiraz,10.0,9.1582,9,1.0,dengede,26772,,351,1095.0,232981.0
35,1819,Ýzmir,Konak,13.0,9.984759,10,3.0,norm_fazlasi,263432,,75,12986.0,0.0
35,1826,Ýzmir,Menderes,18.0,15.423689,15,3.0,norm_fazlasi,86673,,501,2397.0,215560.0
35,1521,Ýzmir,Menemen,23.0,19.069473,19,4.0,norm_fazlasi,157792,,509,3629.0,210931.0
35,2013,Ýzmir,Narlýdere,6.0,5.70206,6,0.0,dengede,51385,,109,1005.0,1203.0
35,1563,Ýzmir,Ödemiþ,25.0,19.68386,20,5.0,norm_fazlasi,101782,,402,3028.0,486768.0
35,1611,Ýzmir,Seferihisar,14.0,12.329883,12,2.0,dengede,47113,,380,2042.0,82972.0
35,1612,Ýzmir,Selçuk,7.0,10.536282,11,-4.0,norm_eksigi,28901,,425,1659.0,148602.0
35,1677,Ýzmir,Tire,19.0,18.53704,19,0.0,dengede,69241,,379,3059.0,321432.0
35,1682,Ýzmir,Torbalý,17.0,20.67458,21,-4.0,dengede,160522,,462,3666.0,303227.0
35,1703,Ýzmir,Urla,14.0,14.774926,15,-1.0,dengede,66540,,392,2865.0,72627.0
46,1107,Kahramanmaraþ,Afþin,11.0,12.966525,13,-2.0,dengede,59073,,423,831.0,640415.0
46,1136,Kahramanmaraþ,Andýrýn,6.0,7.0377684,7,-1.0,dengede,25298,,409,510.0,213231.0
46,1785,Kahramanmaraþ,Çaðlayancerit,3.0,5.5226293,6,-3.0,norm_eksigi,15843,,258,196.0,63143.0
46,2084,Kahramanmaraþ,Dulkadiroðlu,30.0,19.497505,19,11.0,norm_fazlasi,141960,,503,1843.0,247401.0
46,1919,Kahramanmaraþ,Ekinözü,4.0,3.5731845,4,0.0,dengede,7683,,320,67.0,51786.0
46,1299,Kahramanmaraþ,Elbistan,21.0,18.540096,19,2.0,dengede,97049,,376,1007.0,972327.0
46,1353,Kahramanmaraþ,Göksun,14.0,10.010819,10,4.0,norm_fazlasi,33464,,418,528.0,249948.0
46,1975,Kahramanmaraþ,Nurhak,2.0,3.5823567,4,-2.0,norm_eksigi,7841,,298,106.0,34233.0
46,2085,Kahramanmaraþ,Onikiþubat,26.0,23.476015,23,3.0,dengede,295362,,481,3473.0,278368.0
46,1570,Kahramanmaraþ,Pazarcýk,19.0,11.020129,11,8.0,norm_fazlasi,49672,,407,379.0,332196.0
46,1694,Kahramanmaraþ,Türkoðlu,14.0,10.846828,11,3.0,norm_fazlasi,52131,,594,608.0,233033.0
78,1296,Karabük,Eflani,2.0,2.983884,3,-1.0,norm_eksigi,1698,,272,107.0,132286.0
78,1321,Karabük,Eskipazar,3.0,5.3016896,5,-2.0,norm_eksigi,5259,,385,175.0,164702.0
78,1561,Karabük,Ovacýk,1.0,1.9624957,2,-1.0,norm_eksigi,1122,,341,27.0,40153.0
78,1587,Karabük,Safranbolu,9.0,9.755664,10,-1.0,dengede,41138,,417,1709.0,72654.0
78,1856,Karabük,Yenice,3.0,3.5255716,4,-1.0,norm_eksigi,9006,,291,306.0,4603.0
70,1768,Karaman,Ayrancý,5.0,4.988495,5,0.0,dengede,1810,,508,98.0,796851.0
70,1884,Karaman,Baþyayla,1.0,2.6144755,3,-2.0,norm_eksigi,1449,,264,45.0,19740.0
70,1316,Karaman,Ermenek,5.0,8.764268,9,-4.0,norm_eksigi,11307,,425,560.0,173707.0
70,1862,Karaman,Kazýmkarabekir,7.0,4.663067,5,2.0,norm_fazlasi,3282,,334,68.0,224600.0
70,1983,Karaman,Sarýveliler,4.0,3.827607,4,0.0,dengede,6286,,235,176.0,44537.0
36,1756,Kars,Akyaka,5.0,4.1923084,4,1.0,norm_fazlasi,1541,,213,125.0,210928.0
36,1149,Kars,Arpaçay,6.0,4.382035,4,2.0,norm_fazlasi,1696,,191,230.0,255577.0
36,1279,Kars,Digor,5.0,5.653023,6,-1.0,dengede,3805,,170,118.0,423708.0
36,1424,Kars,Kaðýzman,7.0,7.5814,8,-1.0,dengede,14686,,188,389.0,323160.0
36,1601,Kars,Sarýkamýþ,7.0,5.1166887,5,2.0,norm_fazlasi,10901,,189,353.0,368312.0
36,1614,Kars,Selim,5.0,6.342527,6,-1.0,dengede,3902,,206,103.0,315032.0
36,1645,Kars,Susuz,3.0,4.4973054,4,-1.0,norm_eksigi,1492,,148,75.0,176627.0
37,1101,Kastamonu,Abana,4.0,3.376623,3,1.0,norm_fazlasi,3107,,181,142.0,1780.0
37,1867,Kastamonu,Aðlý,3.0,3.2006743,3,0.0,dengede,1964,,197,53.0,20181.0
37,1140,Kastamonu,Araç,5.0,3.8832853,4,1.0,norm_fazlasi,5352,,257,287.0,65901.0
37,1162,Kastamonu,Azdavay,1.0,3.2174542,3,-2.0,norm_eksigi,2423,,207,115.0,11436.0
37,1208,Kastamonu,Bozkurt,3.0,3.7391422,4,-1.0,norm_eksigi,4246,,262,141.0,13128.0
37,1221,Kastamonu,Cide,4.0,3.7879713,4,0.0,dengede,9529,,279,392.0,39319.0
37,1238,Kastamonu,Çatalzeytin,1.0,3.5193279,4,-3.0,norm_eksigi,2979,,233,178.0,1879.0
37,1264,Kastamonu,Daday,4.0,3.449093,3,1.0,norm_fazlasi,2142,,335,170.0,61207.0
37,1277,Kastamonu,Devrekani,5.0,4.1997995,4,1.0,norm_fazlasi,4091,,279,177.0,164967.0
37,1915,Kastamonu,Doðanyurt,1.0,2.369324,2,-1.0,norm_eksigi,847,,262,56.0,22573.0
37,1940,Kastamonu,Hanönü,4.0,2.8058245,3,1.0,norm_fazlasi,1701,,287,54.0,13502.0
37,1805,Kastamonu,Ýhsangazi,3.0,3.6361444,4,-1.0,norm_eksigi,2266,,254,99.0,58487.0
37,1410,Kastamonu,Ýnebolu,5.0,3.675812,4,1.0,norm_fazlasi,7132,,299,440.0,34809.0
37,1499,Kastamonu,Küre,2.0,2.7295163,3,-1.0,norm_eksigi,1774,,225,77.0,5311.0
37,1836,Kastamonu,Pýnarbaþý,2.0,2.9847395,3,-1.0,norm_eksigi,1990,,168,95.0,4187.0
37,1984,Kastamonu,Seydiler,3.0,3.178461,3,0.0,dengede,2455,,322,114.0,59447.0
37,1845,Kastamonu,Þenpazar,1.0,2.6702812,3,-2.0,norm_eksigi,1361,,227,72.0,1707.0
37,1666,Kastamonu,Taþköprü,6.0,5.534695,6,0.0,dengede,12956,,403,487.0,220650.0
37,1685,Kastamonu,Tosya,5.0,9.132344,9,-4.0,norm_eksigi,22576,,416,670.0,171646.0
38,1752,Kayseri,Akkýþla,3.0,3.5838165,4,-1.0,norm_eksigi,5024,,319,40.0,99508.0
38,1218,Kayseri,Bünyan,12.0,9.874923,10,2.0,norm_fazlasi,25601,,386,577.0,664194.0
38,1275,Kayseri,Develi,9.0,13.963081,14,-5.0,norm_eksigi,51721,,448,1075.0,613349.0
38,1330,Kayseri,Felahiye,6.0,5.8987327,6,0.0,dengede,5253,,328,137.0,227962.0
38,1936,Kayseri,Hacýlar,5.0,6.470412,6,-1.0,dengede,9513,,330,662.0,26698.0
38,1409,Kayseri,Ýncesu,9.0,9.59789,10,-1.0,dengede,22037,,440,538.0,251507.0
38,1863,Kayseri,Kocasinan,26.0,30.238356,30,-4.0,dengede,303246,,478,6452.0,775963.0
38,1864,Kayseri,Melikgazi,14.0,23.49456,23,-9.0,norm_eksigi,404830,,412,7923.0,181323.0
38,1978,Kayseri,Özvatan,2.0,3.2233167,3,-1.0,norm_eksigi,3089,,339,57.0,70733.0
38,1576,Kayseri,Pýnarbaþý,4.0,8.112936,8,-4.0,norm_eksigi,18004,,360,363.0,1341974.0
38,1603,Kayseri,Sarýoðlan,7.0,8.455298,8,-1.0,dengede,9447,,370,193.0,367785.0
38,1605,Kayseri,Sarýz,5.0,5.608851,6,-1.0,dengede,9663,,223,186.0,199844.0
38,1846,Kayseri,Talas,8.0,15.898467,16,-8.0,norm_eksigi,129101,,349,2249.0,202663.0
38,1680,Kayseri,Tomarza,10.0,11.104081,11,-1.0,dengede,19049,,306,440.0,610673.0
38,1715,Kayseri,Yahyalý,5.0,9.850728,10,-5.0,norm_eksigi,28616,,385,741.0,201381.0
38,1727,Kayseri,Yeþilhisar,9.0,8.290599,8,1.0,dengede,12380,,392,374.0,359292.0
71,1880,Kýrýkkale,Bahþýlý,5.0,4.6811733,5,0.0,dengede,6035,,357,,109582.0
71,1882,Kýrýkkale,Balýþeyh,6.0,5.515286,6,0.0,dengede,1756,,376,83.0,437784.0
71,1901,Kýrýkkale,Çelebi,6.0,2.7760353,3,3.0,norm_fazlasi,883,,355,21.0,114821.0
71,1268,Kýrýkkale,Delice,5.0,5.858656,6,-1.0,dengede,5252,,391,127.0,490647.0
71,1954,Kýrýkkale,Karakeçili,4.0,3.6229556,4,0.0,dengede,2899,,407,54.0,107322.0
71,1463,Kýrýkkale,Keskin,8.0,8.448969,8,0.0,dengede,8072,,370,206.0,789623.0
71,1638,Kýrýkkale,Sulakyurt,3.0,4.137415,4,-1.0,norm_eksigi,2157,,461,63.0,320293.0
71,1992,Kýrýkkale,Yahþihan,6.0,9.277278,9,-3.0,norm_eksigi,32674,,340,1132.0,104321.0
39,1163,Kýrklareli,Babaeski,12.0,11.7119875,12,0.0,dengede,29688,,463,1105.0,520848.0
39,1270,Kýrklareli,Demirköy,3.0,3.5253048,4,-1.0,norm_eksigi,4974,,339,160.0,7584.0
39,1480,Kýrklareli,Kofçaz,2.0,2.434162,2,0.0,dengede,580,,309,53.0,101286.0
39,1505,Kýrklareli,Lüleburgaz,17.0,22.63245,23,-6.0,norm_eksigi,111299,,512,3423.0,812211.0
39,1572,Kýrklareli,Pehlivanköy,3.0,2.8469362,3,0.0,dengede,1465,,272,80.0,86355.0
39,1577,Kýrklareli,Pýnarhisar,4.0,4.411093,4,0.0,dengede,10467,,419,334.0,176823.0
39,1714,Kýrklareli,Vize,5.0,5.996764,6,-1.0,dengede,15790,,453,811.0,204548.0
40,1869,Kýrþehir,Akçakent,4.0,3.0764577,3,1.0,norm_fazlasi,633,,247,36.0,130574.0
40,1754,Kýrþehir,Akpýnar,6.0,3.6822865,4,2.0,norm_fazlasi,2186,,301,65.0,215118.0
40,1890,Kýrþehir,Boztepe,9.0,4.8380313,5,4.0,norm_fazlasi,2402,,279,56.0,533163.0
40,1254,Kýrþehir,Çiçekdaðý,8.0,6.994282,7,1.0,dengede,7248,,309,47.0,376643.0
40,1429,Kýrþehir,Kaman,9.0,12.708232,13,-4.0,norm_eksigi,17822,,452,501.0,762957.0
40,1529,Kýrþehir,Mucur,9.0,7.8958516,8,1.0,dengede,10189,,426,246.0,591537.0
79,2023,Kilis,Elbeyli,8.0,3.123665,3,5.0,norm_fazlasi,1056,,290,29.0,214545.0
79,2024,Kilis,Musabeyli,4.0,3.506867,4,0.0,dengede,777,,277,87.0,235090.0
79,2025,Kilis,Polateli,5.0,3.4131715,3,2.0,norm_fazlasi,804,,304,14.0,151630.0
41,2058,Kocaeli,Baþiskele,5.0,9.372371,9,-4.0,norm_eksigi,90910,,319,1507.0,9163.0
41,2059,Kocaeli,Çayýrova,4.0,5.045567,5,-1.0,norm_eksigi,110833,,73,1716.0,0.0
41,2060,Kocaeli,Darýca,5.0,7.2852654,7,-2.0,norm_eksigi,166726,,123,1792.0,251.0
41,2030,Kocaeli,Derince,7.0,10.558279,11,-4.0,norm_eksigi,110636,,259,991.0,52321.0
41,2061,Kocaeli,Dilovasý,1.0,2.4137423,2,-1.0,norm_eksigi,36434,,105,962.0,125.0
41,1338,Kocaeli,Gebze,11.0,15.645199,16,-5.0,norm_eksigi,300913,,334,3327.0,75908.0
41,1355,Kocaeli,Gölcük,6.0,10.079758,10,-4.0,norm_eksigi,133815,,349,1784.0,6942.0
41,2062,Kocaeli,Ýzmit,12.0,20.166542,20,-8.0,norm_eksigi,289629,,429,5484.0,122240.0
41,1430,Kocaeli,Kandýra,12.0,11.226823,11,1.0,dengede,41560,,341,951.0,356145.0
41,1440,Kocaeli,Karamürsel,11.0,9.73747,10,1.0,dengede,46810,,422,965.0,101414.0
41,2063,Kocaeli,Kartepe,7.0,10.134738,10,-3.0,norm_eksigi,108288,,336,1574.0,21002.0
41,1821,Kocaeli,Körfez,10.0,11.660994,12,-2.0,dengede,130809,,291,1773.0,76012.0
42,1868,Konya,Ahýrlý,1.0,4.0414824,4,-3.0,norm_eksigi,2938,,332,76.0,82868.0
42,1753,Konya,Akören,9.0,5.381491,5,4.0,norm_fazlasi,4624,,442,142.0,211675.0
42,1122,Konya,Akþehir,20.0,17.342014,17,3.0,dengede,69604,,496,1841.0,359368.0
42,1760,Konya,Altýnekin,14.0,8.473921,8,6.0,norm_fazlasi,10230,,442,222.0,731411.0
42,1188,Konya,Beyþehir,23.0,14.119929,14,9.0,norm_fazlasi,58843,,486,1257.0,543833.0
42,1207,Konya,Bozkýr,4.0,5.839996,6,-2.0,norm_eksigi,20874,,448,560.0,174559.0
42,1222,Konya,Cihanbeyli,11.0,12.490022,12,-1.0,dengede,41114,,440,988.0,2142128.0
42,1902,Konya,Çeltik,5.0,6.4552865,6,-1.0,dengede,10695,,370,112.0,348322.0
42,1262,Konya,Çumra,23.0,16.817749,17,6.0,norm_fazlasi,45927,,533,928.0,1315278.0
42,1907,Konya,Derbent,4.0,4.7704387,5,-1.0,norm_eksigi,3315,,395,60.0,123263.0
42,1789,Konya,Derebucak,3.0,3.4299285,3,0.0,dengede,4661,,288,120.0,23956.0
42,1285,Konya,Doðanhisar,7.0,6.6771607,7,0.0,dengede,8826,,418,174.0,223889.0
42,1920,Konya,Emirgazi,5.0,7.571986,8,-3.0,norm_eksigi,5926,,332,66.0,404116.0
42,1312,Konya,Ereðli,22.0,23.107956,23,-1.0,dengede,103183,,481,2773.0,1085588.0
42,1933,Konya,Güneysýnýr,5.0,6.4171576,6,-1.0,dengede,6388,,418,146.0,219747.0
42,1375,Konya,Hadim,4.0,3.7687407,4,0.0,dengede,9420,,287,95.0,81011.0
42,1937,Konya,Halkapýnar,5.0,4.578815,5,0.0,dengede,3467,,359,84.0,57655.0
42,1804,Konya,Hüyük,5.0,7.0104346,7,-2.0,norm_eksigi,12483,,430,340.0,202567.0
42,1400,Konya,Ilgýn,12.0,15.200324,15,-3.0,norm_eksigi,41434,,533,813.0,720517.0
42,1422,Konya,Kadýnhaný,17.0,12.777421,13,4.0,norm_fazlasi,22327,,490,483.0,1108479.0
42,1441,Konya,Karapýnar,10.0,12.053833,12,-2.0,dengede,35191,,446,953.0,1249149.0
42,1814,Konya,Karatay,33.0,36.577835,37,-4.0,dengede,267096,,496,4967.0,1859978.0
42,1491,Konya,Kulu,9.0,9.873615,10,-1.0,dengede,36645,,393,1046.0,997042.0
42,1827,Konya,Meram,31.0,26.648514,27,4.0,dengede,255204,,577,4348.0,637257.0
42,1598,Konya,Sarayönü,17.0,13.467939,13,4.0,norm_fazlasi,20707,,489,454.0,1155858.0
42,1839,Konya,Selçuklu,30.0,29.934954,30,0.0,dengede,490479,,475,7935.0,656491.0
42,1617,Konya,Seydiþehir,16.0,13.260601,13,3.0,norm_fazlasi,50475,,492,1053.0,386893.0
42,1848,Konya,Taþkent,3.0,3.396331,3,0.0,dengede,4384,,275,80.0,17213.0
42,1990,Konya,Tuzlukçu,3.0,6.9897485,7,-4.0,norm_eksigi,5255,,412,134.0,380248.0
42,1994,Konya,Yalýhüyük,2.0,2.8062482,3,-1.0,norm_eksigi,1504,,275,24.0,40119.0
42,1735,Konya,Yunak,10.0,8.41225,8,2.0,norm_fazlasi,15308,,411,270.0,1305556.0
43,1132,Kütahya,Altýntaþ,6.0,4.9061527,5,1.0,norm_fazlasi,3939,,474,244.0,415861.0
43,1764,Kütahya,Aslanapa,5.0,4.0462236,4,1.0,norm_fazlasi,1509,,386,147.0,212858.0
43,1898,Kütahya,Çavdarhisar,3.0,4.625318,5,-2.0,norm_eksigi,1814,,380,95.0,172721.0
43,1288,Kütahya,Domaniç,6.0,4.339972,4,2.0,norm_fazlasi,5578,,359,225.0,94451.0
43,1790,Kütahya,Dumlupýnar,3.0,3.1732929,3,0.0,dengede,1038,,304,34.0,58608.0
43,1304,Kütahya,Emet,5.0,7.2788033,7,-2.0,norm_eksigi,8474,,455,486.0,170195.0
43,1339,Kütahya,Gediz,7.0,10.379952,10,-3.0,norm_eksigi,25945,,469,833.0,472029.0
43,1802,Kütahya,Hisarcýk,4.0,3.3104422,3,1.0,norm_fazlasi,3800,,379,137.0,58337.0
43,1979,Kütahya,Pazarlar,4.0,2.7887769,3,1.0,norm_fazlasi,2635,,453,59.0,35923.0
43,1625,Kütahya,Simav,10.0,12.206462,12,-2.0,dengede,33577,,659,858.0,298538.0
43,1843,Kütahya,Þaphane,3.0,3.0857656,3,0.0,dengede,2488,,378,138.0,62102.0
43,1671,Kütahya,Tavþanlý,13.0,14.545969,15,-2.0,dengede,65530,,554,2057.0,388498.0
44,1114,Malatya,Akçadað,14.0,10.371262,10,4.0,norm_fazlasi,29819,,421,577.0,293511.0
44,1143,Malatya,Arapgir,4.0,6.139671,6,-2.0,norm_eksigi,8994,,366,186.0,170224.0
44,1148,Malatya,Arguvan,6.0,4.9165554,5,1.0,norm_fazlasi,6473,,337,125.0,297335.0
44,1772,Malatya,Battalgazi,25.0,21.915726,22,3.0,dengede,220196,,431,4254.0,299963.0
44,1265,Malatya,Darende,6.0,8.296735,8,-2.0,norm_eksigi,21280,,412,645.0,386804.0
44,1286,Malatya,Doðanþehir,8.0,7.724427,8,0.0,dengede,27139,,396,562.0,101774.0
44,1914,Malatya,Doðanyol,3.0,2.925417,3,0.0,dengede,4025,,333,112.0,25451.0
44,1390,Malatya,Hekimhan,5.0,4.8389554,5,0.0,dengede,15843,,336,337.0,292114.0
44,1953,Malatya,Kale,7.0,3.9164362,4,3.0,norm_fazlasi,5749,,304,276.0,22379.0
44,1969,Malatya,Kuluncak,4.0,4.25036,4,0.0,dengede,7139,,368,125.0,198179.0
44,1582,Malatya,Pütürge,6.0,3.9810808,4,2.0,norm_fazlasi,11438,,350,210.0,56767.0
44,1995,Malatya,Yazýhan,12.0,6.71227,7,5.0,norm_fazlasi,10898,,410,228.0,315827.0
44,1729,Malatya,Yeþilyurt,21.0,20.791164,21,0.0,dengede,207749,,437,4044.0,224453.0
45,1751,Manisa,Ahmetli,9.0,8.1896305,8,1.0,dengede,14250,,468,338.0,115760.0
45,1118,Manisa,Akhisar,24.0,24.152187,24,0.0,dengede,136002,,508,4082.0,683693.0
45,1127,Manisa,Alaþehir,10.0,16.498463,16,-6.0,norm_eksigi,87601,,464,1501.0,362270.0
45,1269,Manisa,Demirci,4.0,10.155738,10,-6.0,norm_eksigi,29434,,549,615.0,291407.0
45,1793,Manisa,Gölmarmara,5.0,6.0003405,6,-1.0,dengede,11290,,339,398.0,119236.0
45,1362,Manisa,Gördes,6.0,7.645618,8,-2.0,norm_eksigi,21046,,408,623.0,304846.0
45,1470,Manisa,Kýrkaðaç,6.0,10.57545,11,-5.0,norm_eksigi,31852,,477,830.0,210927.0
45,1965,Manisa,Köprübaþý,3.0,5.994153,6,-3.0,norm_eksigi,10601,,358,206.0,192484.0
45,1489,Manisa,Kula,11.0,11.265612,11,0.0,dengede,36697,,480,995.0,340096.0
45,1590,Manisa,Salihli,32.0,23.293547,23,9.0,norm_fazlasi,122295,,602,3272.0,567487.0
45,1600,Manisa,Sarýgöl,9.0,9.27355,9,0.0,dengede,28830,,459,536.0,188551.0
45,1606,Manisa,Saruhanlý,12.0,15.374316,15,-3.0,norm_eksigi,47024,,391,1165.0,398187.0
45,1613,Manisa,Selendi,3.0,6.681554,7,-4.0,norm_eksigi,14094,,393,245.0,379164.0
45,1634,Manisa,Soma,11.0,13.121263,13,-2.0,dengede,70925,,499,1643.0,206415.0
45,2086,Manisa,Þehzadeler,13.0,19.100143,19,-6.0,norm_eksigi,125804,,387,2604.0,329287.0
45,1689,Manisa,Turgutlu,20.0,19.551384,20,0.0,dengede,124244,,523,2525.0,249112.0
45,2087,Manisa,Yunusemre,11.0,17.003101,17,-6.0,norm_eksigi,200762,,404,3471.0,100704.0
47,2088,Mardin,Artuklu,20.0,16.904366,17,3.0,dengede,121357,,368,2511.0,328664.0
47,1787,Mardin,Dargeçit,9.0,6.5629897,7,2.0,norm_fazlasi,15978,,240,180.0,163014.0
47,1273,Mardin,Derik,16.0,10.279513,10,6.0,norm_fazlasi,35078,,341,304.0,550583.0
47,1474,Mardin,Kýzýltepe,31.0,24.660454,25,6.0,norm_fazlasi,168590,,373,1359.0,998840.0
47,1519,Mardin,Mazýdaðý,12.0,6.5780625,7,5.0,norm_fazlasi,23209,,317,167.0,123958.0
47,1526,Mardin,Midyat,8.0,13.21675,13,-5.0,norm_eksigi,83358,,310,1199.0,374434.0
47,1547,Mardin,Nusaybin,17.0,14.948729,15,2.0,dengede,77197,,390,696.0,268779.0
47,1564,Mardin,Ömerli,9.0,5.013664,5,4.0,norm_fazlasi,9342,,273,438.0,191155.0
47,1609,Mardin,Savur,9.0,5.4112115,5,4.0,norm_fazlasi,14330,,369,99.0,212983.0
47,2002,Mardin,Yeþilli,7.0,3.9211712,4,3.0,norm_fazlasi,7753,,314,68.0,35810.0
33,2064,Mersin,Akdeniz,44.0,18.209534,18,26.0,norm_fazlasi,180517,,336,4534.0,105454.0
33,1135,Mersin,Anamur,16.0,12.925924,13,3.0,norm_fazlasi,56233,,358,1168.0,188435.0
33,1766,Mersin,Aydýncýk,6.0,5.336981,5,1.0,norm_fazlasi,9064,,397,110.0,53230.0
33,1779,Mersin,Bozyazý,15.0,8.469552,8,7.0,norm_fazlasi,25615,,400,528.0,69329.0
33,1892,Mersin,Çamlýyayla,7.0,4.075525,4,3.0,norm_fazlasi,8591,,256,305.0,12658.0
33,1311,Mersin,Erdemli,43.0,19.18466,19,24.0,norm_fazlasi,128395,,398,4284.0,257926.0
33,1366,Mersin,Gülnar,7.0,8.799422,9,-2.0,norm_eksigi,35299,,277,293.0,196457.0
33,2065,Mersin,Mezitli,23.0,14.631995,15,8.0,norm_fazlasi,174066,,298,3094.0,49425.0
33,1536,Mersin,Mut,15.0,14.703927,15,0.0,dengede,51726,,377,484.0,713100.0
33,1621,Mersin,Silifke,27.0,20.70993,21,6.0,norm_fazlasi,99676,,533,2962.0,519729.0
33,1665,Mersin,Tarsus,34.0,30.169638,30,4.0,dengede,266789,,623,3234.0,1004217.0
33,2066,Mersin,Toroslar,26.0,16.239428,16,10.0,norm_fazlasi,228651,,360,3142.0,62265.0
33,2067,Mersin,Yeniþehir,15.0,14.73704,15,0.0,dengede,212799,,319,3804.0,26528.0
48,1197,Muðla,Bodrum,9.0,14.61519,15,-6.0,norm_eksigi,152866,,511,5755.0,121861.0
48,1742,Muðla,Dalaman,11.0,10.156321,10,1.0,dengede,40156,,532,693.0,119572.0
48,1266,Muðla,Datça,8.0,8.582884,9,-1.0,dengede,17965,,444,902.0,25329.0
48,1331,Muðla,Fethiye,25.0,20.041351,20,5.0,norm_fazlasi,124326,,647,6547.0,101029.0
48,1958,Muðla,Kavaklýdere,5.0,3.6320918,4,1.0,norm_fazlasi,8458,,471,168.0,32284.0
48,1488,Muðla,Köyceðiz,10.0,10.361174,10,0.0,dengede,31174,,540,718.0,98286.0
48,1517,Muðla,Marmaris,13.0,10.589295,11,2.0,dengede,76501,,446,3015.0,14592.0
48,2089,Muðla,Menteþe,18.0,16.828882,17,1.0,dengede,100811,,596,2002.0,234793.0
48,1528,Muðla,Milas,19.0,21.07753,21,-2.0,dengede,106741,,592,2463.0,669911.0
48,1831,Muðla,Ortaca,17.0,11.274476,11,6.0,norm_fazlasi,44509,,439,1727.0,64384.0
48,2090,Muðla,Seydikemer,31.0,15.448833,15,16.0,norm_fazlasi,48107,,778,773.0,287225.0
48,1695,Muðla,Ula,8.0,10.112407,10,-2.0,norm_eksigi,26708,,516,994.0,36322.0
48,1719,Muðla,Yataðan,10.0,11.265132,11,-1.0,dengede,28411,,604,810.0,209620.0
49,1213,Muþ,Bulanýk,10.0,9.388347,9,1.0,dengede,25328,,228,359.0,652626.0
49,1801,Muþ,Hasköy,6.0,5.1782107,5,1.0,norm_fazlasi,9914,,223,217.0,57925.0
49,1964,Muþ,Korkut,7.0,5.297797,5,2.0,norm_fazlasi,3327,,221,225.0,334649.0
49,1510,Muþ,Malazgirt,10.0,8.442549,8,2.0,norm_fazlasi,12757,,241,389.0,899905.0
49,1711,Muþ,Varto,7.0,5.8646064,6,1.0,dengede,7361,,213,481.0,336500.0
50,1749,Nevþehir,Acýgöl,4.0,6.3192887,6,-2.0,norm_eksigi,8182,,367,276.0,257341.0
50,1155,Nevþehir,Avanos,8.0,10.485914,10,-2.0,norm_eksigi,18953,,387,742.0,697126.0
50,1274,Nevþehir,Derinkuyu,7.0,7.2824078,7,0.0,dengede,9843,,327,249.0,246355.0
50,1367,Nevþehir,Gülþehir,10.0,7.359159,7,3.0,norm_fazlasi,8371,,398,231.0,429326.0
50,1374,Nevþehir,Hacýbektaþ,6.0,4.590136,5,1.0,norm_fazlasi,4464,,388,99.0,435477.0
50,1485,Nevþehir,Kozaklý,5.0,4.2295413,4,1.0,norm_fazlasi,6127,,441,158.0,573011.0
50,1707,Nevþehir,Ürgüp,13.0,10.805173,11,2.0,dengede,26297,,481,1136.0,275488.0
51,1876,Niðde,Altunhisar,6.0,5.969366,6,0.0,dengede,6190,,367,200.0,247450.0
51,1201,Niðde,Bor,12.0,14.438991,14,-2.0,dengede,39883,,423,662.0,569108.0
51,1225,Niðde,Çamardý,4.0,6.1863656,6,-2.0,norm_eksigi,2871,,366,142.0,500000.0
51,1904,Niðde,Çiftlik,5.0,4.195669,4,1.0,norm_fazlasi,11003,,315,221.0,166040.0
51,1700,Niðde,Ulukýþla,7.0,5.5281725,6,1.0,dengede,4755,,427,334.0,333989.0
52,1119,Ordu,Akkuþ,3.0,6.2395086,6,-3.0,norm_eksigi,18323,,285,342.0,192147.0
52,2103,Ordu,Altýnordu,28.0,19.228016,19,9.0,norm_fazlasi,182474,,256,4242.0,274264.0
52,1158,Ordu,Aybastý,4.0,3.6318223,4,0.0,dengede,17868,,189,417.0,101272.0
52,1891,Ordu,Çamaþ,3.0,4.0476427,4,-1.0,norm_eksigi,8232,,148,183.0,71115.0
52,1897,Ordu,Çatalpýnar,5.0,3.702032,4,1.0,norm_fazlasi,8006,,150,295.0,49989.0
52,1900,Ordu,Çaybaþý,4.0,4.7080507,5,-1.0,norm_eksigi,8470,,232,171.0,68799.0
52,1328,Ordu,Fatsa,19.0,17.792233,18,1.0,dengede,97025,,286,1907.0,275195.0
52,1358,Ordu,Gölköy,3.0,4.9210114,5,-2.0,norm_eksigi,19203,,168,438.0,144029.0
52,1795,Ordu,Gülyalý,5.0,5.0854545,5,0.0,dengede,7177,,227,139.0,33718.0
52,1797,Ordu,Gürgentepe,3.0,3.6445692,4,-1.0,norm_eksigi,13803,,180,284.0,106423.0
52,1947,Ordu,Ýkizce,6.0,4.1153994,4,2.0,norm_fazlasi,10790,,178,165.0,97720.0
52,1950,Ordu,Kabadüz,3.0,3.744188,4,-1.0,norm_eksigi,6684,,167,157.0,89144.0
52,1951,Ordu,Kabataþ,2.0,4.0760145,4,-2.0,norm_eksigi,7983,,149,205.0,49781.0
52,1482,Ordu,Korgan,5.0,3.6803656,4,1.0,norm_fazlasi,17287,,161,434.0,92669.0
52,1493,Ordu,Kumru,4.0,3.8523903,4,0.0,dengede,23412,,223,371.0,125366.0
52,1525,Ordu,Mesudiye,3.0,5.1423697,5,-2.0,norm_eksigi,13197,,234,153.0,152568.0
52,1573,Ordu,Perþembe,10.0,10.575608,11,-1.0,dengede,31724,,297,577.0,184422.0
52,1696,Ordu,Ulubey,7.0,7.328386,7,0.0,dengede,16888,,213,278.0,178885.0
52,1706,Ordu,Ünye,17.0,18.024805,18,-1.0,dengede,100401,,246,2338.0,310035.0
80,1165,Osmaniye,Bahçe,7.0,4.7881174,5,2.0,norm_fazlasi,10718,,325,494.0,47125.0
80,1743,Osmaniye,Düziçi,10.0,11.110688,11,-1.0,dengede,49246,,452,1041.0,196603.0
80,2027,Osmaniye,Hasanbeyli,3.0,3.3848467,3,0.0,dengede,2170,,262,48.0,31157.0
80,1423,Osmaniye,Kadirli,32.0,21.376938,21,11.0,norm_fazlasi,81372,,479,2198.0,479955.0
80,2028,Osmaniye,Sumbas,10.0,5.751578,6,4.0,norm_fazlasi,3459,,325,164.0,137835.0
80,2029,Osmaniye,Toprakkale,6.0,7.641483,8,-2.0,norm_eksigi,15093,,311,487.0,62975.0
53,1146,Rize,Ardeþen,6.0,8.887904,9,-3.0,norm_eksigi,24565,,253,664.0,83672.0
53,1228,Rize,Çamlýhemþin,3.0,2.8749132,3,0.0,dengede,1641,,189,224.0,15191.0
53,1241,Rize,Çayeli,7.0,6.9542403,7,0.0,dengede,21962,,214,567.0,83733.0
53,1908,Rize,Derepazarý,4.0,3.8620644,4,0.0,dengede,3092,,197,91.0,19431.0
53,1332,Rize,Fýndýklý,5.0,4.6329756,5,0.0,dengede,9419,,236,223.0,52230.0
53,1796,Rize,Güneysu,3.0,4.301568,4,-1.0,norm_eksigi,6443,,204,142.0,39411.0
53,1943,Rize,Hemþin,3.0,2.8691926,3,0.0,dengede,1179,,178,28.0,3823.0
53,1405,Rize,Ýkizdere,2.0,2.7411082,3,-1.0,norm_eksigi,1524,,193,45.0,5141.0
53,1949,Rize,Ýyidere,4.0,3.7440708,4,0.0,dengede,4291,,215,176.0,18846.0
53,1428,Rize,Kalkandere,3.0,3.700278,4,-1.0,norm_eksigi,5971,,209,114.0,40726.0
53,1569,Rize,Pazar,5.0,6.6574507,7,-2.0,norm_eksigi,12939,,246,350.0,67480.0
54,2068,Sakarya,Adapazarý,12.0,18.492882,18,-6.0,norm_eksigi,211991,,408,4930.0,174136.0
54,1123,Sakarya,Akyazý,8.0,14.037831,14,-6.0,norm_eksigi,71719,,314,1438.0,152470.0
54,2069,Sakarya,Arifiye,5.0,6.730789,7,-2.0,norm_eksigi,39246,,230,1189.0,15541.0
54,2070,Sakarya,Erenler,9.0,10.873807,11,-2.0,dengede,67248,,395,1928.0,77347.0
54,1925,Sakarya,Ferizli,4.0,6.5959215,7,-3.0,norm_eksigi,27649,,244,457.0,76783.0
54,1351,Sakarya,Geyve,7.0,9.862165,10,-3.0,norm_eksigi,40465,,350,747.0,156702.0
54,1391,Sakarya,Hendek,8.0,15.023093,15,-7.0,norm_eksigi,75069,,325,1417.0,198678.0
54,1955,Sakarya,Karapürçek,1.0,5.9075646,6,-5.0,norm_eksigi,8905,,222,260.0,29022.0
54,1442,Sakarya,Karasu,7.0,14.913913,15,-8.0,norm_eksigi,61036,,366,1538.0,245997.0
54,1453,Sakarya,Kaynarca,6.0,7.853758,8,-2.0,norm_eksigi,20766,,249,453.0,104497.0
54,1818,Sakarya,Kocaali,7.0,7.429601,7,0.0,dengede,19434,,303,498.0,170762.0
54,1833,Sakarya,Pamukova,6.0,7.528374,8,-2.0,norm_eksigi,23169,,349,754.0,79193.0
54,1595,Sakarya,Sapanca,5.0,5.9946322,6,-1.0,dengede,36910,,217,1015.0,8634.0
54,2071,Sakarya,Serdivan,7.0,12.262356,12,-5.0,norm_eksigi,129016,,351,2348.0,45850.0
54,1986,Sakarya,Söðütlü,5.0,6.4580445,6,-1.0,dengede,13116,,277,346.0,91521.0
54,1847,Sakarya,Taraklý,3.0,3.3431902,3,0.0,dengede,5757,,306,197.0,83974.0
55,1125,Samsun,Alaçam,9.0,9.26611,9,0.0,dengede,21223,,449,444.0,227489.0
55,1763,Samsun,Asarcýk,7.0,5.9262223,6,1.0,dengede,12086,,304,140.0,65705.0
55,2072,Samsun,Atakum,24.0,16.841,17,7.0,norm_fazlasi,196026,,338,2924.0,97091.0
55,1879,Samsun,Ayvacýk,6.0,5.9455686,6,0.0,dengede,15350,,198,192.0,108416.0
55,1164,Samsun,Bafra,26.0,24.197136,24,2.0,dengede,112207,,635,2663.0,642061.0
55,2073,Samsun,Canik,20.0,10.855656,11,9.0,norm_fazlasi,78268,,348,1268.0,76510.0
55,1234,Samsun,Çarþamba,32.0,21.330542,21,11.0,norm_fazlasi,119849,,402,1846.0,548842.0
55,1386,Samsun,Havza,8.0,10.561971,11,-3.0,norm_eksigi,30910,,396,518.0,403757.0
55,2074,Samsun,Ýlkadým,17.0,15.883917,16,1.0,dengede,248848,,354,5141.0,47440.0
55,1452,Samsun,Kavak,14.0,8.781922,9,5.0,norm_fazlasi,19052,,319,567.0,170075.0
55,1501,Samsun,Ladik,6.0,8.17757,8,-2.0,norm_eksigi,13493,,334,284.0,166969.0
55,1838,Samsun,Salýpazarý,7.0,9.226506,9,-2.0,norm_eksigi,20364,,318,487.0,149750.0
55,1849,Samsun,Tekkeköy,18.0,12.089877,12,6.0,norm_fazlasi,47181,,367,1230.0,159282.0
55,1676,Samsun,Terme,12.0,15.96199,16,-4.0,norm_eksigi,59824,,342,1100.0,378041.0
55,1712,Samsun,Vezirköprü,9.0,10.357987,10,-1.0,dengede,76716,,469,1302.0,447329.0
55,1993,Samsun,Yakakent,8.0,5.2126217,5,3.0,norm_fazlasi,7304,,311,417.0,49727.0
56,1179,Siirt,Baykan,4.0,3.7452493,4,0.0,dengede,9762,,237,98.0,75620.0
56,1317,Siirt,Eruh,4.0,3.864608,4,0.0,dengede,5931,,272,61.0,114936.0
56,1495,Siirt,Kurtalan,14.0,9.513108,10,4.0,norm_fazlasi,28151,,309,337.0,450522.0
56,1575,Siirt,Pervari,7.0,3.9052632,4,3.0,norm_fazlasi,5114,,267,80.0,108401.0
56,1662,Siirt,Þirvan,7.0,3.2499392,3,4.0,norm_fazlasi,3786,,215,22.0,60298.0
56,1878,Siirt,Tillo,8.0,3.4720004,3,5.0,norm_fazlasi,1572,,233,16.0,42685.0
57,1156,Sinop,Ayancýk,4.0,4.0086155,4,0.0,dengede,10095,,332,291.0,59391.0
57,1204,Sinop,Boyabat,7.0,6.4116855,6,1.0,dengede,20679,,446,490.0,174369.0
57,1910,Sinop,Dikmen,2.0,2.4628658,2,0.0,dengede,1070,,246,157.0,65148.0
57,1290,Sinop,Duraðan,2.0,3.8032763,4,-2.0,norm_eksigi,5530,,410,156.0,129262.0
57,1314,Sinop,Erfelek,2.0,4.4330373,4,-2.0,norm_eksigi,3179,,330,219.0,78448.0
57,1349,Sinop,Gerze,5.0,8.627488,9,-4.0,norm_eksigi,16367,,459,440.0,111761.0
57,1981,Sinop,Saraydüzü,5.0,2.5572808,3,2.0,norm_fazlasi,985,,244,43.0,31346.0
57,1693,Sinop,Türkeli,2.0,4.014515,4,-2.0,norm_eksigi,5321,,323,208.0,25582.0
58,1870,Sivas,Akýncýlar,2.0,3.110535,3,-1.0,norm_eksigi,1956,,295,56.0,153629.0
58,1875,Sivas,Altýnyayla,6.0,4.6524243,5,1.0,norm_fazlasi,3600,,312,132.0,268975.0
58,1282,Sivas,Divriði,4.0,3.6163125,4,0.0,dengede,8464,,333,328.0,94271.0
58,1913,Sivas,Doðanþar,1.0,2.740743,3,-2.0,norm_eksigi,1042,,160,48.0,15742.0
58,1342,Sivas,Gemerek,7.0,7.583695,8,-1.0,dengede,11033,,357,310.0,442419.0
58,1927,Sivas,Gölova,1.0,2.6775587,3,-2.0,norm_eksigi,1209,,237,54.0,62370.0
58,1373,Sivas,Gürün,12.0,7.121881,7,5.0,norm_fazlasi,7780,,361,332.0,514176.0
58,1376,Sivas,Hafik,7.0,5.277327,5,2.0,norm_fazlasi,2684,,353,132.0,504718.0
58,1407,Sivas,Ýmranlý,5.0,3.1861122,3,2.0,norm_fazlasi,2368,,281,176.0,60026.0
58,1431,Sivas,Kangal,2.0,5.2250924,5,-3.0,norm_eksigi,6541,,327,283.0,1261934.0
58,1484,Sivas,Koyulhisar,3.0,3.9698637,4,-1.0,norm_eksigi,3021,,339,160.0,120896.0
58,1646,Sivas,Suþehri,4.0,7.1411824,7,-3.0,norm_eksigi,11772,,384,533.0,206563.0
58,1650,Sivas,Þarkýþla,8.0,10.437072,10,-2.0,norm_eksigi,18925,,383,444.0,888211.0
58,1991,Sivas,Ulaþ,10.0,6.0596747,6,4.0,norm_fazlasi,2408,,333,131.0,510320.0
58,1731,Sivas,Yýldýzeli,7.0,6.999065,7,0.0,dengede,6274,,379,366.0,906418.0
58,1738,Sivas,Zara,4.0,7.973642,8,-4.0,norm_eksigi,8777,,305,128.0,372103.0
63,1115,Þanlýurfa,Akçakale,5.0,13.185128,13,-8.0,norm_eksigi,63842,,319,199.0,813794.0
63,1194,Þanlýurfa,Birecik,13.0,17.177591,17,-4.0,norm_eksigi,49905,,315,1552.0,771041.0
63,1209,Þanlýurfa,Bozova,15.0,10.191859,10,5.0,norm_fazlasi,36734,,385,438.0,743609.0
63,1220,Þanlýurfa,Ceylanpýnar,8.0,11.594995,12,-4.0,norm_eksigi,52834,,390,1050.0,1271219.0
63,2091,Þanlýurfa,Eyyübiye,25.0,23.542063,24,1.0,dengede,215176,,356,3787.0,573467.0
63,1378,Þanlýurfa,Halfeti,11.0,11.369292,11,0.0,dengede,32353,,225,404.0,352987.0
63,2092,Þanlýurfa,Haliliye,29.0,26.742458,27,2.0,dengede,231420,,403,4096.0,843312.0
63,1800,Þanlýurfa,Harran,13.0,10.711054,11,2.0,dengede,45369,,329,239.0,619192.0
63,1393,Þanlýurfa,Hilvan,16.0,10.407124,10,6.0,norm_fazlasi,25564,,409,363.0,906535.0
63,2093,Þanlýurfa,Karaköprü,29.0,23.618076,24,5.0,norm_fazlasi,179968,,370,2262.0,680527.0
63,1630,Þanlýurfa,Siverek,21.0,20.270239,20,1.0,dengede,157403,,440,958.0,1910549.0
63,1643,Þanlýurfa,Suruç,12.0,15.623315,16,-4.0,norm_eksigi,62818,,357,810.0,637966.0
63,1713,Þanlýurfa,Viranþehir,14.0,17.279161,17,-3.0,dengede,116656,,344,1102.0,982864.0
73,1189,Þýrnak,Beytüþþebap,4.0,3.6682265,4,0.0,dengede,4509,,224,115.0,44966.0
73,1223,Þýrnak,Cizre,17.0,10.335294,10,7.0,norm_fazlasi,87039,,295,968.0,112778.0
73,1931,Þýrnak,Güçlükonak,4.0,3.644635,4,0.0,dengede,4876,,204,75.0,38829.0
73,1403,Þýrnak,Ýdil,13.0,9.411936,9,4.0,norm_fazlasi,20180,,320,353.0,383190.0
73,1623,Þýrnak,Silopi,12.0,11.008941,11,1.0,dengede,75371,,270,1348.0,289175.0
73,1698,Þýrnak,Uludere,2.0,5.9674273,6,-4.0,norm_eksigi,19898,,248,266.0,77186.0
59,1250,Tekirdað,Çerkezköy,5.0,13.425508,13,-8.0,norm_eksigi,164412,,314,1715.0,51076.0
59,1258,Tekirdað,Çorlu,10.0,20.498962,20,-10.0,norm_eksigi,218236,,350,3145.0,312865.0
59,2094,Tekirdað,Ergene,8.0,13.380685,13,-5.0,norm_eksigi,45050,,392,1172.0,324129.0
59,1388,Tekirdað,Hayrabolu,11.0,12.342891,12,-1.0,dengede,25066,,447,891.0,805768.0
59,2095,Tekirdað,Kapaklý,8.0,12.0552845,12,-4.0,norm_eksigi,103501,,342,1233.0,103055.0
59,1511,Tekirdað,Malkara,12.0,14.584367,15,-3.0,norm_eksigi,38383,,457,1302.0,874479.0
59,1538,Tekirdað,Muratlý,9.0,10.168803,10,-1.0,dengede,22528,,374,397.0,343721.0
59,1596,Tekirdað,Saray,3.0,9.30687,9,-6.0,norm_eksigi,40880,,414,631.0,338240.0
59,2096,Tekirdað,Süleymanpaþa,21.0,25.550167,26,-5.0,dengede,171556,,548,2661.0,758891.0
59,1652,Tekirdað,Þarköy,7.0,10.354733,10,-3.0,norm_eksigi,29702,,499,753.0,163596.0
60,1129,Tokat,Almus,6.0,7.2965207,7,-1.0,dengede,17532,,373,225.0,104122.0
60,1151,Tokat,Artova,5.0,4.5154557,5,0.0,dengede,3634,,358,81.0,186716.0
60,1883,Tokat,Baþçiftlik,1.0,2.5994523,3,-2.0,norm_eksigi,5470,,198,47.0,78558.0
60,1308,Tokat,Erbaa,18.0,16.95984,17,1.0,dengede,62151,,548,1496.0,376649.0
60,1545,Tokat,Niksar,12.0,14.8650875,15,-3.0,norm_eksigi,44946,,524,1168.0,346547.0
60,1834,Tokat,Pazar,11.0,4.8900123,5,6.0,norm_fazlasi,6582,,428,225.0,99218.0
60,1584,Tokat,Reþadiye,4.0,8.790158,9,-5.0,norm_eksigi,27769,,323,387.0,247759.0
60,1987,Tokat,Sulusaray,3.0,4.4904575,4,-1.0,norm_eksigi,4377,,358,59.0,114730.0
60,1690,Tokat,Turhal,16.0,14.201805,14,2.0,dengede,49463,,509,1263.0,384808.0
60,1858,Tokat,Yeþilyurt,5.0,3.4959748,3,2.0,norm_fazlasi,4245,,315,148.0,93929.0
60,1740,Tokat,Zile,15.0,12.349389,12,3.0,norm_fazlasi,27303,,453,704.0,749911.0
61,1113,Trabzon,Akçaabat,18.0,15.366672,15,3.0,norm_fazlasi,81954,,317,1426.0,144189.0
61,1141,Trabzon,Araklý,11.0,9.972192,10,1.0,dengede,38955,,278,599.0,87659.0
61,1150,Trabzon,Arsin,9.0,8.559348,9,0.0,dengede,25139,,258,584.0,88551.0
61,1775,Trabzon,Beþikdüzü,7.0,7.625917,8,-1.0,dengede,21359,,285,422.0,43842.0
61,1896,Trabzon,Çarþýbaþý,5.0,6.1209593,6,-1.0,dengede,11949,,284,358.0,36121.0
61,1244,Trabzon,Çaykara,2.0,4.107803,4,-2.0,norm_eksigi,12909,,201,299.0,13794.0
61,1909,Trabzon,Dernekpazarý,1.0,3.0944593,3,-2.0,norm_eksigi,4440,,203,60.0,9062.0
61,1917,Trabzon,Düzköy,3.0,3.5189917,4,-1.0,norm_eksigi,8971,,240,235.0,41875.0
61,1942,Trabzon,Hayrat,2.0,4.4182625,4,-2.0,norm_eksigi,7464,,223,51.0,30107.0
61,1966,Trabzon,Köprübaþý,3.0,3.7770188,4,-1.0,norm_eksigi,3486,,189,41.0,19530.0
61,1507,Trabzon,Maçka,6.0,8.977863,9,-3.0,norm_eksigi,22971,,279,470.0,91864.0
61,1548,Trabzon,Of,9.0,8.174758,8,1.0,dengede,36428,,243,377.0,93910.0
61,2097,Trabzon,Ortahisar,18.0,20.132893,20,-2.0,dengede,249704,,316,3726.0,107255.0
61,1647,Trabzon,Sürmene,10.0,6.861713,7,3.0,norm_fazlasi,21276,,236,453.0,54962.0
61,1842,Trabzon,Þalpazarý,3.0,3.3983166,3,0.0,dengede,11306,,211,202.0,30825.0
61,1681,Trabzon,Tonya,4.0,5.3424916,5,-1.0,norm_eksigi,12758,,229,141.0,34237.0
61,1709,Trabzon,Vakfýkebir,6.0,8.2469845,8,-2.0,norm_eksigi,22489,,281,454.0,68544.0
61,1732,Trabzon,Yomra,11.0,8.524423,9,2.0,norm_fazlasi,42281,,223,621.0,76874.0
62,1247,Tunceli,Çemiþgezek,4.0,3.6595454,4,0.0,dengede,2592,,297,94.0,123823.0
62,1397,Tunceli,Hozat,4.0,3.3547113,3,1.0,norm_fazlasi,2253,,234,171.0,22646.0
62,1518,Tunceli,Mazgirt,5.0,3.958342,4,1.0,norm_fazlasi,2534,,264,99.0,71811.0
62,1562,Tunceli,Ovacýk,4.0,3.8464897,4,0.0,dengede,2889,,193,185.0,17567.0
62,1574,Tunceli,Pertek,7.0,5.104062,5,2.0,norm_fazlasi,5782,,246,277.0,110533.0
62,1581,Tunceli,Pülümür,4.0,2.8986206,3,1.0,norm_fazlasi,1258,,180,63.0,5755.0
64,1170,Uþak,Banaz,7.0,9.94983,10,-3.0,norm_eksigi,14502,,654,615.0,398400.0
64,1323,Uþak,Eþme,9.0,9.288778,9,0.0,dengede,14031,,558,805.0,419349.0
64,1436,Uþak,Karahallý,5.0,4.535847,5,0.0,dengede,5660,,384,246.0,146503.0
64,1629,Uþak,Sivaslý,8.0,9.267644,9,-1.0,dengede,9992,,575,421.0,237828.0
64,1697,Uþak,Ulubey,7.0,7.1911907,7,0.0,dengede,4977,,526,283.0,365501.0
65,1770,Van,Bahçesaray,2.0,3.6463723,4,-2.0,norm_eksigi,6641,,253,11.0,41160.0
65,1175,Van,Baþkale,7.0,6.3140526,6,1.0,dengede,25353,,183,79.0,465265.0
65,1786,Van,Çaldýran,7.0,7.4948983,7,0.0,dengede,26290,,245,266.0,332547.0
65,1236,Van,Çatak,8.0,5.3790874,5,3.0,norm_fazlasi,10605,,236,55.0,241891.0
65,1918,Van,Edremit,14.0,11.237255,11,3.0,norm_fazlasi,74261,,359,875.0,126579.0
65,1309,Van,Erciþ,10.0,15.025498,15,-5.0,norm_eksigi,95236,,352,1096.0,529344.0
65,1350,Van,Gevaþ,12.0,3.6886868,4,8.0,norm_fazlasi,15717,,306,181.0,135724.0
65,1372,Van,Gürpýnar,12.0,9.334127,9,3.0,norm_fazlasi,19074,,275,230.0,657777.0
65,2098,Van,Ýpekyolu,27.0,19.674913,20,7.0,norm_fazlasi,237320,,321,4636.0,222430.0
65,1533,Van,Muradiye,6.0,7.662626,8,-2.0,norm_eksigi,23258,,285,190.0,237404.0
65,1565,Van,Özalp,5.0,7.573575,8,-3.0,norm_eksigi,27800,,236,360.0,366554.0
65,1980,Van,Saray,10.0,3.865592,4,6.0,norm_fazlasi,10401,,184,97.0,134720.0
65,2099,Van,Tuþba,21.0,15.823318,16,5.0,norm_fazlasi,93847,,352,1192.0,311656.0
77,2019,Yalova,Altýnova,5.0,8.005327,8,-3.0,norm_eksigi,21999,,381,604.0,26353.0
77,2020,Yalova,Armutlu,3.0,3.4132085,3,0.0,dengede,7217,,198,534.0,25843.0
77,2021,Yalova,Çýnarcýk,3.0,7.7916393,8,-5.0,norm_eksigi,30745,,334,1009.0,10256.0
77,2022,Yalova,Çiftlikköy,5.0,8.900147,9,-4.0,norm_eksigi,39251,,363,925.0,34849.0
77,2026,Yalova,Termal,5.0,3.61878,4,1.0,norm_fazlasi,3274,,274,176.0,5449.0
66,1117,Yozgat,Akdaðmadeni,11.0,9.190228,9,2.0,norm_fazlasi,19725,,472,572.0,334073.0
66,1877,Yozgat,Aydýncýk,5.0,3.7654169,4,1.0,norm_fazlasi,4416,,344,76.0,124472.0
66,1198,Yozgat,Boðazlýyan,8.0,8.582538,9,-1.0,dengede,22243,,376,411.0,845834.0
66,1895,Yozgat,Çandýr,2.0,2.8542855,3,-1.0,norm_eksigi,2985,,374,89.0,137994.0
66,1242,Yozgat,Çayýralan,4.0,4.5293074,5,-1.0,norm_eksigi,5832,,389,137.0,191478.0
66,1245,Yozgat,Çekerek,4.0,4.6752577,5,-1.0,norm_eksigi,8487,,342,209.0,143919.0
66,1952,Yozgat,Kadýþehri,3.0,4.5392246,5,-2.0,norm_eksigi,6281,,315,130.0,173694.0
66,1982,Yozgat,Saraykent,2.0,4.985559,5,-3.0,norm_eksigi,6533,,326,130.0,86223.0
66,1602,Yozgat,Sarýkaya,8.0,8.641948,9,-1.0,dengede,17035,,411,422.0,824532.0
66,1635,Yozgat,Sorgun,10.0,16.902222,17,-7.0,norm_eksigi,48951,,422,1344.0,928566.0
66,1998,Yozgat,Yenifakýlý,2.0,3.2760777,3,-1.0,norm_eksigi,1465,,332,114.0,229625.0
66,1726,Yozgat,Yerköy,8.0,8.323964,8,0.0,dengede,18420,,418,688.0,708564.0
67,1758,Zonguldak,Alaplý,8.0,7.9149904,8,0.0,dengede,17197,,244,681.0,105765.0
67,1240,Zonguldak,Çaycuma,9.0,10.472194,10,-1.0,dengede,41152,,439,1697.0,64612.0
67,1276,Zonguldak,Devrek,5.0,5.4997582,5,0.0,dengede,27476,,323,744.0,29982.0
67,1926,Zonguldak,Gökçebey,2.0,3.809718,4,-2.0,norm_eksigi,10455,,333,435.0,27049.0
67,2100,Zonguldak,Kilimli,3.0,4.3239713,4,-1.0,norm_eksigi,25594,,231,610.0,3845.0
67,2101,Zonguldak,Kozlu,5.0,5.691241,6,-1.0,dengede,35403,,298,670.0,8972.0
